seqnames	start	end	strand	gene_id	symbol
chr1	3214482	3671498	-	497097	Xkr4
chr1	4290846	4409241	-	19888	Rp1
chr1	4490928	4497354	-	20671	Sox17
chr1	4773198	4785726	-	27395	Mrpl15
chr1	4807893	4846735	+	18777	Lypla1
chr1	4857694	4897909	+	21399	Tcea1
chr1	4909576	5070285	-	58175	Rgs20
chr1	5083086	5162549	+	108664	Atp6v1h
chr1	5588493	5606133	+	18387	Oprk1
chr1	5913707	5917398	-	226304	Npbwr1
chr1	6214662	6276104	+	12421	Rb1cc1
chr1	6359331	6394731	+	620393	Alkal1
chr1	6487231	6860940	+	240690	St18
chr1	7088920	7173628	+	319263	Pcmtd1
chr1	8359739	9299877	-	71096	Sntg1
chr1	9545408	9547455	+	59014	Rrs1
chr1	9548046	9577968	+	76187	Adhfe1
chr1	9560832	9631092	-	72481	2610203C22Rik
chr1	9601267	9627142	+	76982	Vxn
chr1	9667411	9700209	-	17864	Mybl1
chr1	9718622	9748382	-	70675	Vcpip1
chr1	9747648	9791922	+	73331	1700034P13Rik
chr1	9798130	9902570	+	170755	Sgk3
chr1	9908638	9940954	+	240697	Mcmdc2
chr1	9942025	9944118	-	73824	Snhg6
chr1	9942470	9942543	-	266793	Snord87
chr1	9960163	9967485	-	100039596	Tcf24
chr1	9968622	10009136	-	69312	Ppp1r42
chr1	10024600	10038159	-	26754	Cops5
chr1	10038218	10136768	+	211660	Cspp1
chr1	10137507	10232670	-	211673	Arfgef1
chr1	10324719	10719945	-	329093	Cpa6
chr1	10993465	11303682	+	109294	Prex2
chr1	11414105	11975902	+	320492	A830018L16Rik
chr1	12425986	12426106	+	102465961	Mir6341
chr1	12667563	12673090	+	329096	Gm17644
chr1	12692430	12860372	+	240725	Sulf1
chr1	12866549	12991135	-	240726	Slco5a1
chr1	13113428	13127163	-	383491	Prdm14
chr1	13139105	13374083	-	17978	Ncoa2
chr1	13564693	13589910	-	72265	Tram1
chr1	13625898	13660509	-	212442	Lactb2
chr1	13668771	13701723	+	381246	Xkr9
chr1	13785685	13786929	-	433273	Gm5523
chr1	14168958	14310199	-	14048	Eya1
chr1	14753346	14755966	-	17681	Msc
chr1	14872648	14918862	-	277328	Trpa1
chr1	15312452	15714214	+	98741	Kcnb2
chr1	15805646	15844052	+	21749	Terf1
chr1	15853862	15892722	-	226866	Sbspon
chr1	16065979	16093325	-	75799	4930444P10Rik
chr1	16101295	16104433	-	19989	Rpl7
chr1	16105882	16132550	+	98711	Rdh10
chr1	16228810	16519302	-	29819	Stau2
chr1	16540788	16619338	-	66799	Ube2w
chr1	16641725	16657119	-	67923	Eloc
chr1	16657552	16662278	+	329101	D030040B21Rik
chr1	16665191	16678275	+	70397	Tmem70
chr1	16688456	16709605	+	17087	Ly96
chr1	16994938	17097889	-	57339	Jph1
chr1	17145373	17164271	+	14545	Gdap1
chr1	17601901	17630939	+	94227	Pi15
chr1	17676027	17727646	-	102634913	Gm16070
chr1	17727052	17766207	+	83691	Crispld1
chr1	18115191	18145853	-	78081	Crisp4
chr1	18210053	18223564	-	654454	Defb44-ps
chr1	18236473	18237443	-	654460	Defb18
chr1	18250978	18265138	-	77673	Defb41
chr1	19103022	19166338	+	226896	Tfap2d
chr1	19208914	19238845	+	21419	Tfap2b
chr1	20057779	20618057	-	241035	Pkhd1
chr1	20356454	20392300	+	75028	4930486I03Rik
chr1	20669882	20682958	+	105661730	Lincmd1
chr1	20679010	20682887	+	723817	Mir133b
chr1	20730905	20734496	+	16171	Il17a
chr1	20777146	20784270	-	257630	Il17f
chr1	20803014	20820213	-	17215	Mcm3
chr1	20888650	20890473	-	77741	6720483E21Rik
chr1	20890622	20938756	+	74229	Paqr8
chr1	20951626	20990841	+	71877	Efhc1
chr1	21001397	21079225	-	170829	Tram2
chr1	21218575	21230167	+	75712	Tmem14a
chr1	21240585	21265575	+	14859	Gsta3
chr1	21285246	21298312	-	241041	Gm4956
chr1	21349677	21352199	+	368204	Khdc1a
chr1	21368331	21369743	+	433278	Khdc1c
chr1	21383556	21386384	+	98582	Khdc1b
chr1	21398399	21962650	-	226922	Kcnq5
chr1	22288422	22805724	-	116837	Rims1
chr1	23100473	23102253	-	66755	4933415F23Rik
chr1	23272269	23272339	+	387225	Mir30a
chr1	23291701	23291784	+	723964	Mir30c-2
chr1	23366424	23383175	-	70155	Ogfrl1
chr1	23761926	23847865	+	280645	B3gat2
chr1	23844825	23922381	-	98366	Smap1
chr1	23995939	24005640	-	68002	Sdhaf4
chr1	24010758	24100341	-	68187	Fam135a
chr1	24177610	24252738	+	12839	Col9a1
chr1	24257683	24587437	-	12823	Col19a1
chr1	24678544	24766301	+	68421	Lmbrd1
chr1	25067476	25829707	-	210933	Adgrb3
chr1	25276404	25277954	-	100504323	Gm20172
chr1	26681801	26687460	-	210940	4931408C20Rik
chr1	27884046	27902187	+	433281	Gm5524
chr1	28776122	28780252	-	210962	Gm597
chr1	29421488	29421612	+	102465174	Mir6342
chr1	30802342	30873872	-	213109	Phf3
chr1	30940303	30949755	-	19243	Ptp4a1
chr1	31019188	31096454	-	102634473	Gm29669
chr1	31141078	31222656	-	70988	4931428L18Rik
chr1	31176435	31204725	+	266744	Lgsn
chr1	31222839	31224287	+	74708	Pih1d3
chr1	31264847	31268061	+	226957	Gm4850
chr1	32172806	32657738	+	170771	Khdrbs2
chr1	32519563	32520999	-	408192	Gm9839
chr1	32543546	32547293	-	408191	Gm5415
chr1	33453808	33669794	-	19076	Prim2
chr1	33669824	33670712	+	67503	1700001G17Rik
chr1	33719896	33742564	+	19335	Rab23
chr1	33745484	33757750	-	213539	Bag2
chr1	33761541	33814595	-	98403	Zfp451
chr1	33835899	33838914	-	433287	Gm15455
chr1	33852052	33907767	-	320705	Bend6
chr1	33908225	34308662	+	13518	Dst
chr1	34117359	34117431	+	102466987	Mir6896
chr1	34433121	34433199	-	100628580	Mir5103
chr1	34436670	34439672	-	69668	Ccdc115
chr1	34439829	34445747	+	27993	Imp4
chr1	34459746	34475733	+	19253	Ptpn18
chr1	34498430	34503062	+	21755	Prss39
chr1	34535648	34544311	+	12627	Cfc1
chr1	34543975	34560943	-	21756	Prss40
chr1	34579693	34590944	+	211383	Amer3
chr1	34633535	34636210	-	241051	AA619741
chr1	34721924	34812754	+	226970	Arhgef4
chr1	34813218	34843050	-	214469	Fam168b
chr1	34849959	34879585	+	226971	Plekhb2
chr1	36068400	36106446	+	50785	Hs6st1
chr1	36140028	36244302	-	320011	Uggt1
chr1	36144252	36144313	-	102465540	Mir6897
chr1	36264602	36273425	-	214854	Neurl3
chr1	36307733	36324029	+	214855	Arid5a
chr1	36335730	36369181	-	226976	Kansl3
chr1	36348682	36348758	-	102465541	Mir6898
chr1	36372291	36422110	+	100534273	Fer1l5
chr1	36423186	36445271	-	214895	Lman2l
chr1	36471597	36508776	+	94220	Cnnm4
chr1	36511876	36528237	+	94218	Cnnm3
chr1	36530193	36539358	-	78321	Ankrd23
chr1	36538171	36547252	-	109346	Ankrd39
chr1	36548639	36558381	-	20353	Sema4c
chr1	36562696	36683183	-	381337	Fam178b
chr1	36691487	36693388	+	12859	Cox5b
chr1	36699202	36709925	-	226977	Actr1b
chr1	36714538	36757960	+	71166	4933424G06Rik
chr1	36761798	36782820	+	22637	Zap70
chr1	36792189	36939527	-	56030	Tmem131
chr1	37218278	37263384	+	12790	Cnga3
chr1	37299838	37410740	+	269180	Inpp4a
chr1	37417085	37430103	-	76178	Coa5
chr1	37430172	37439124	+	67387	Unc50
chr1	37439340	37541016	-	269181	Mgat4a
chr1	37485851	37488605	-	77633	4930594C11Rik
chr1	37611676	37719811	-	72097	2010300C02Rik
chr1	37754572	37865298	-	211484	Tsga10
chr1	37872206	37876298	+	623661	Lipt1
chr1	37878890	37890411	-	69028	Mitd1
chr1	37890553	37898333	+	107734	Mrpl30
chr1	37905923	37916493	-	332427	Lyg2
chr1	37946738	37957759	-	69541	Lyg1
chr1	37983867	37997250	-	98258	Txndc9
chr1	37998010	38055579	+	226982	Eif5b
chr1	38052786	38129662	-	56210	Rev1
chr1	38175991	38664955	-	16764	Aff3
chr1	38794509	38821215	-	381338	Lonrf2
chr1	38863872	38898160	-	98388	Chst10
chr1	38939149	38950276	+	433292	Nms
chr1	38987814	38997236	+	68833	Pdcl3
chr1	39186896	39186992	-	102466631	Mir6349
chr1	39194272	39363240	+	18143	Npas2
chr1	39367851	39371911	+	114641	Rpl31
chr1	39371495	39478747	-	54610	Tbc1d8
chr1	39535554	39546881	+	52846	Cnot11
chr1	39548747	39548840	-	100217461	Snord89
chr1	39551296	39577347	-	67702	Rnf149
chr1	39618406	39651182	-	263764	Creg2
chr1	39665301	39720989	-	619289	Rfx8
chr1	39804141	39805332	-	100042065	Gm3646
chr1	39842428	39847330	-	73426	1700066B17Rik
chr1	39900913	40026310	+	26921	Map4k4
chr1	40076212	40085851	-	100047133	Gm16894
chr1	40084768	40125225	+	16178	Il1r2
chr1	40225080	40316177	+	16177	Il1r1
chr1	40324627	40365471	+	107527	Il1rl2
chr1	40429570	40465415	+	17082	Il1rl1
chr1	40465552	40500854	+	16182	Il18r1
chr1	40515362	40551705	+	16174	Il18rap
chr1	40580227	40630731	+	110895	Slc9a4
chr1	40681712	40768885	+	226999	Slc9a2
chr1	40772040	40790657	-	211798	Mfsd9
chr1	40805601	40855267	+	381339	Tmem182
chr1	41167560	41181252	-	74897	4930448I06Rik
chr1	42648200	42694825	-	66297	Pantr1
chr1	42697146	42700210	+	18993	Pou3f3
chr1	42700336	42703176	+	73100	2900092D14Rik
chr1	42707061	42713454	-	66620	Pantr2
chr1	42750712	42752886	+	104940697	Dalir
chr1	42851233	42905683	+	69527	Mrps9
chr1	42952872	43035449	+	93690	Gpr45
chr1	43047269	43098622	-	73122	Tgfbrap1
chr1	43098710	43115946	+	98404	AI597479
chr1	43123071	43196761	-	14200	Fhl2
chr1	43445751	43570518	+	17974	Nck2
chr1	43730602	43742564	+	78896	1500015O10Rik
chr1	43750231	43827708	-	67883	Uxs1
chr1	43933994	44003000	+	22019	Tpp2
chr1	44009408	44020006	-	433294	Mettl21c
chr1	44086617	44102388	-	75623	Tex30
chr1	44106546	44118773	-	72050	Kdelc1
chr1	44119162	44144771	+	246229	Bivm
chr1	44147744	44181260	+	22592	Ercc5
chr1	44204070	44218931	-	403183	Mettl21e
chr1	44551671	44796836	+	70676	Gulp1
chr1	44739675	44744949	-	75066	4930521E06Rik
chr1	45311538	45349706	+	12825	Col3a1
chr1	45374331	45503282	-	12832	Col5a2
chr1	45795501	45823613	+	73674	Wdr75
chr1	45908070	45926519	-	53945	Slc40a1
chr1	46020415	46030437	-	212225	Stk-ps2
chr1	46066738	46373550	+	227058	Dnah7b
chr1	46425518	46807477	+	100101919	Dnah7c
chr1	46807544	46853509	-	227059	Slc39a10
chr1	47467021	47467125	-	102466969	Mir6350
chr1	49244616	49340431	+	442837	C230029F24Rik
chr1	50909962	51187270	+	56363	Tmeff2
chr1	51218386	51333779	-	442821	9330175M20Rik
chr1	51289126	51302960	+	20324	Cavin2
chr1	51466007	51478399	-	109019	Nabp1
chr1	51507086	51596718	-	100045066	Gm17767
chr1	51749758	51915978	-	17912	Myo1b
chr1	51987148	52107189	+	20849	Stat4
chr1	52119438	52161865	+	20846	Stat1
chr1	52163449	52233232	-	14660	Gls
chr1	52455849	52500448	-	17936	Nab1
chr1	52630705	52651919	+	227094	Nemp2
chr1	52656304	52727318	-	98682	Mfsd6
chr1	52789418	52817688	-	16329	Inpp1
chr1	52845038	52920986	+	227095	Hibch
chr1	52925127	52963260	-	67080	1700019D03Rik
chr1	53061640	53068079	+	17700	Mstn
chr1	53158577	53187617	-	69397	1700019A02Rik
chr1	53189187	53297028	-	227099	Pms1
chr1	53297095	53310245	+	227102	Ormdl1
chr1	53313624	53326343	+	72085	Osgepl1
chr1	53325507	53352752	-	70396	Asnsd1
chr1	53397002	53706784	-	627872	Dnah7a
chr1	53755512	53785215	-	98267	Stk17b
chr1	53806874	54195034	-	329152	Hecw2
chr1	53849424	53849495	+	102465783	Mir7681
chr1	54250683	54368727	+	78016	Ccdc150
chr1	54395877	54439026	-	98488	Gtf3c3
chr1	54473000	54557684	-	241062	Pgap1
chr1	54645340	54926387	-	329154	Ankrd44
chr1	54985169	55027478	-	81898	Sf3b1
chr1	55052770	55072702	+	67876	Coq10b
chr1	55077834	55087932	-	15510	Hspd1
chr1	55088148	55091317	+	15528	Hspe1
chr1	55131245	55154899	+	19070	Mob4
chr1	55170159	55226782	-	74013	Rftn2
chr1	55237177	55240058	+	212679	Mars2
chr1	55300069	55363469	-	75388	Boll
chr1	55405946	55754285	+	227120	Plcl1
chr1	55931241	55972098	+	329159	9130227L01Rik
chr1	56018978	56020203	+	69356	1700003I22Rik
chr1	56636044	56637451	-	71066	Hsfy2
chr1	56793981	56971334	-	212712	Satb2
chr1	56971469	57042513	+	329160	9130024F11Rik
chr1	57200645	57214996	-	407809	BC055402
chr1	57359222	57377544	-	75323	4930558J18Rik
chr1	57377620	57385423	+	73467	1700066M21Rik
chr1	57388244	57406674	-	68736	Tyw5
chr1	57406548	57415958	+	68115	Maip1
chr1	57774861	57948397	+	67198	Spats2l
chr1	57955101	57970084	-	51960	Kctd18
chr1	57985340	58026277	+	68549	Sgo2a
chr1	58029969	58106410	+	11761	Aox1
chr1	58113136	58200452	+	71724	Aox3
chr1	58210397	58268597	+	71872	Aox4
chr1	58278326	58379264	+	213043	Aox2
chr1	58393097	58406548	+	66882	Bzw1
chr1	58411988	58424088	-	12747	Clk1
chr1	58430993	58445486	-	70225	Ppil3
chr1	58445267	58481816	+	65102	Nif3l1
chr1	58462771	58505109	-	18393	Orc2
chr1	58522806	58586333	-	213056	Fam126b
chr1	58586397	58595964	+	66495	Ndufb3
chr1	58652641	58655831	+	100504501	Gm20257
chr1	58658121	58695989	-	108812	Als2cr12
chr1	58711491	58759209	+	12633	Cflar
chr1	58795374	58847503	+	12370	Casp8
chr1	58900450	58973482	-	70827	Trak2
chr1	58973571	58995122	+	227154	Stradb
chr1	59050506	59094900	-	73463	Als2cr11
chr1	59100593	59120382	-	381259	Tmem237
chr1	59120935	59163389	-	227157	Mpp4
chr1	59162756	59237231	-	74018	Als2
chr1	59256907	59352369	+	271697	Cdk15
chr1	59482147	59486955	+	14369	Fzd7
chr1	59516264	59634509	+	381260	Gm973
chr1	59639434	59670834	-	22218	Sumo1
chr1	59685006	59711510	+	55989	Nop58
chr1	59691958	59692010	+	100217459	Snord70
chr1	59704808	59704870	+	100217421	Snord11
chr1	59764279	59878081	+	12168	Bmpr2
chr1	59913006	59985348	+	72750	Fam117b
chr1	59989068	60043122	-	70375	Ica1l
chr1	60076868	60098500	-	57750	Wdr12
chr1	60098247	60153953	+	241066	Carf
chr1	60180599	60334705	+	269198	Nbeal1
chr1	60343300	60388060	+	77951	Cyp20a1
chr1	60409619	60481163	+	329165	Abi2
chr1	60483185	60566765	-	77300	Raph1
chr1	60746388	60773359	+	12487	Cd28
chr1	60909025	60915832	+	12477	Ctla4
chr1	60977914	61000320	+	54167	Icos
chr1	61378432	61395904	+	77341	9530026F06Rik
chr1	61638824	62642284	+	72823	Pard3b
chr1	62703317	62818692	+	18187	Nrp2
chr1	62790918	62794732	-	74992	4930487H11Rik
chr1	63047801	63114267	-	227195	Ino80d
chr1	63114471	63158295	+	100380944	Ino80dos
chr1	63143592	63176822	-	227197	Ndufs1
chr1	63176831	63180486	+	55949	Eef1b2
chr1	63179023	63179135	+	100217464	Snora41
chr1	63182571	63214281	-	241070	Gpr1
chr1	63200358	63314575	+	73884	Zdbf2
chr1	63445891	63596101	+	23792	Adam23
chr1	63622851	63686927	-	241073	Dytn
chr1	63698827	63730318	-	76668	Mdh1b
chr1	63730625	63753385	+	75619	Fastkd2
chr1	63754909	63769267	-	74426	4933402D24Rik
chr1	63964727	63968999	+	433315	Gm13749
chr1	64035663	64121426	-	93691	Klf7
chr1	64042438	64042501	-	102466760	Mir6899
chr1	64532804	64604548	+	12912	Creb1
chr1	64606480	64617206	-	67099	Mettl21a
chr1	64679869	64690659	-	69941	2810408I11Rik
chr1	64691213	64725644	+	227210	Ccnyl1
chr1	64730558	64737750	-	14367	Fzd5
chr1	64785983	64956824	-	241075	Plekhm3
chr1	65013078	65032759	-	70861	Akr1cl
chr1	65048557	65051163	-	12968	Cryge
chr1	65061838	65063440	-	12967	Crygd
chr1	65071525	65073532	-	12966	Crygc
chr1	65080222	65082290	-	12965	Crygb
chr1	65100389	65103363	-	12964	Cryga
chr1	65105285	65123214	-	98303	D630023F18Rik
chr1	65158616	65186479	-	15926	Idh1
chr1	65186683	65278696	+	18711	Pikfyve
chr1	65311257	65389244	+	213527	Pth2r
chr1	65926522	65928304	+	12969	Crygf
chr1	66175329	66442583	+	17756	Map2
chr1	66468447	66699148	+	329178	Unc80
chr1	66700831	66719805	+	66646	Rpe
chr1	66719243	66817595	-	68691	Kansl1l
chr1	66830839	66863309	-	11363	Acadl
chr1	66924295	66945056	-	17901	Myl1
chr1	67000517	67038872	-	14768	Lancl1
chr1	67123027	67231267	+	227231	Cps1
chr1	68032186	69108059	-	13869	Erbb4
chr1	69531207	69685960	-	22779	Ikzf2
chr1	69826970	70725132	+	66722	Spag16
chr1	70725715	70885397	+	320460	Vwc2l
chr1	71027535	71102972	-	12021	Bard1
chr1	71243090	71414910	-	74591	Abca12
chr1	71557156	71579403	+	108147	Atic
chr1	71585473	71653234	-	14268	Fn1
chr1	71652837	71662843	+	100042814	Apol7d
chr1	71888112	71891204	+	667931	Gm8883
chr1	71958998	72005195	-	71134	4933417E11Rik
chr1	72159233	72212307	-	381269	Mreg
chr1	72243993	72274869	+	320933	D230017M19Rik
chr1	72259172	72284314	-	111175	Pecr
chr1	72284373	72302995	+	271711	Tmem169
chr1	72307421	72394953	+	22596	Xrcc5
chr1	72427112	72536564	-	381270	March4
chr1	72583251	72636790	+	54380	Smarcal1
chr1	72642980	72700564	-	319695	Ankar
chr1	72711260	72713813	+	19981	Rpl37a
chr1	72824480	72852474	+	16008	Igfbp2
chr1	72858065	72874865	-	16011	Igfbp5
chr1	73015074	73015899	-	21958	Tnp1
chr1	73016036	73025508	+	69449	1700027A15Rik
chr1	73391385	73407569	-	723792	Pinc
chr1	73398968	73430779	+	78718	D530049I02Rik
chr1	73618381	73864466	-	109198	6030407O03Rik
chr1	73855477	73855575	-	102465179	Mir6351
chr1	73910231	74124449	-	21961	Tns1
chr1	74125541	74148230	+	435626	Rufy4
chr1	74153994	74161246	+	12765	Cxcr2
chr1	74191785	74194631	-	227288	Cxcr1
chr1	74206554	74206620	-	100316687	Mir1928
chr1	74236518	74268213	+	76709	Arpc2
chr1	74278600	74279589	+	227289	Gpbar1
chr1	74279840	74284738	-	227290	Aamp
chr1	74285034	74353692	+	56695	Pnkd
chr1	74288247	74304336	-	69660	Tmbim1
chr1	74362108	74369321	+	241112	Catip
chr1	74375203	74386051	+	18173	Slc11a1
chr1	74391609	74397285	+	227292	Ctdsp1
chr1	74394310	74394394	+	387219	Mir26b
chr1	74409384	74435560	+	22349	Vil1
chr1	74435510	74544286	-	319651	Usp37
chr1	74506060	74530842	+	58184	Cnot9
chr1	74542889	74565977	+	18802	Plcd4
chr1	74566426	74588036	-	77264	Zfp142
chr1	74588289	74592443	+	66821	Bcs1l
chr1	74593748	74601397	-	57751	Rnf25
chr1	74601455	74636894	+	269209	Stk36
chr1	74661754	74697973	+	67534	Ttll4
chr1	74713535	74737897	+	104086	Cyp27a1
chr1	74738922	74748955	-	241113	Prkag3
chr1	74771892	74785319	+	22420	Wnt6
chr1	74792019	74804176	+	22409	Wnt10a
chr1	74855029	74857732	+	12570	Cdk5r2
chr1	74881509	74885408	-	260298	Fev
chr1	74889934	74893143	-	12958	Cryba2
chr1	74900658	74900721	-	723900	Mir375
chr1	74902080	74935599	-	241116	Cfap65
chr1	74945315	74951672	-	16147	Ihh
chr1	74967346	75125226	-	75570	Nhej1
chr1	75125541	75133890	-	22626	Slc23a3
chr1	75135215	75142697	-	69171	Cnppd1
chr1	75142786	75147909	+	227298	Retreg2
chr1	75168646	75171626	+	68818	Zfand2b
chr1	75171640	75180392	-	74104	Abcb6
chr1	75180861	75192010	-	245860	Atg9a
chr1	75192160	75199387	+	52231	Ankzf1
chr1	75198235	75210778	-	74577	Glb1l
chr1	75210829	75215606	+	20872	Stk16
chr1	75214972	75219294	-	22145	Tuba4a
chr1	75220095	75232093	-	381272	A630095N17Rik
chr1	75236423	75245692	+	56812	Dnajb2
chr1	75247041	75264208	-	19275	Ptprn
chr1	75272202	75278380	-	19711	Resp18
chr1	75307940	75317637	-	13437	Dnpep
chr1	75360292	75368579	+	13346	Des
chr1	75368210	75375015	-	100503248	Gm15179
chr1	75375297	75432314	+	11790	Speg
chr1	75435943	75443176	+	69080	Gmppa
chr1	75450510	75474340	+	241118	Asic4
chr1	75474569	75479471	-	74241	Chpf
chr1	75479532	75485693	+	319998	Tmem198
chr1	75485825	75506452	-	98733	Obsl1
chr1	75507077	75510354	+	16322	Inha
chr1	75521529	75537335	+	71728	Stk11ip
chr1	75546266	75559431	+	20536	Slc4a3
chr1	76489133	76502028	+	620079	Gm17751
chr1	76509560	76509643	+	102465175	Mir6343
chr1	77367185	77515088	-	13838	Epha4
chr1	77496653	77496768	-	102465180	Mir6352
chr1	78101267	78197136	-	18505	Pax3
chr1	78310346	78420286	+	433323	Sgpp2
chr1	78417958	78488897	-	23874	Farsb
chr1	78511060	78606964	+	68393	Mogat1
chr1	78657825	78667601	+	195434	Utp14b
chr1	78657825	78707743	+	74205	Acsl3
chr1	78816949	78820025	+	57814	Kcne4
chr1	79434669	79440090	-	20254	Scg2
chr1	79606876	79671972	-	252903	Ap1s3
chr1	79702262	79761769	-	69368	Wdfy1
chr1	79776018	79781445	+	69163	Mrpl44
chr1	79794321	79858665	-	20720	Serpine2
chr1	80198699	80213944	-	241128	Fam124b
chr1	80264923	80340690	-	26554	Cul3
chr1	80445932	80475660	+	72208	1700016L21Rik
chr1	80501068	80758553	-	210293	Dock10
chr1	81076950	81341764	+	241134	Nyap2
chr1	82131916	82132019	+	102466629	Mir6344
chr1	82233105	82291439	-	16367	Irs1
chr1	82316579	82445366	+	76867	Rhbdd1
chr1	82450723	82586849	-	12829	Col4a4
chr1	82586921	82722059	+	12828	Col4a3
chr1	82724890	82752390	+	75734	Mff
chr1	82756649	82768456	-	66261	Tm4sf20
chr1	82839460	82901001	+	15463	Agfg1
chr1	83012523	83038448	-	80721	Slc19a3
chr1	83060930	83061921	+	71386	Krtap28-13
chr1	83116766	83119167	+	20297	Ccl20
chr1	83159762	83210574	+	71227	Daw1
chr1	83255781	83408200	-	77629	Sphkap
chr1	84036293	84341110	-	98496	Pid1
chr1	84218849	84218961	-	102465181	Mir6353
chr1	84369839	84696221	-	227325	Dner
chr1	84695839	84695915	+	100628595	Mir5126
chr1	84721189	84840516	-	14897	Trip12
chr1	84839841	84900486	+	66153	Fbxo36
chr1	84906705	84935083	-	71781	Slc16a14
chr1	85083075	85270566	-	381287	A530032D15Rik
chr1	85112418	85270566	-	620078	C130026I21Rik
chr1	85199611	85213772	+	665378	Gm7609
chr1	85576899	85603891	-	109032	Sp110
chr1	85600703	85645037	+	434484	Sp140
chr1	85649988	85709998	+	20684	Sp100
chr1	85717083	85736606	-	319997	A630001G21Rik
chr1	85751948	85752074	+	102466882	Mir8096
chr1	85775271	85784694	+	77762	9930111H07Rik
chr1	85793447	85851577	+	12283	Cab39
chr1	85894510	85908698	+	64294	Itm2c
chr1	85928483	85931756	+	71141	4933407L21Rik
chr1	85939537	85961055	-	227326	Gpr55
chr1	86021942	86029958	+	70060	Spata3
chr1	86045863	86055456	+	72792	2810459M11Rik
chr1	86064619	86139295	+	70247	Psmd1
chr1	86099037	86111970	-	15559	Htr2b
chr1	86154780	86278284	+	78795	Armc9
chr1	86303221	86307305	+	227327	B3gnt7
chr1	86344719	86359455	-	17975	Ncl
chr1	86351170	86351285	-	100303740	Snora75
chr1	86351981	86352127	-	102465895	Gm24148
chr1	86356260	86356327	-	80828	Snord82
chr1	86359574	86367964	+	319336	C130036L24Rik
chr1	86386242	86389361	-	14767	Nmur1
chr1	86426329	86428049	+	71863	Tex44
chr1	86526736	86530698	+	19231	Ptma
chr1	86543015	86582501	-	18582	Pde6d
chr1	86587100	86606500	+	26895	Cops7b
chr1	86666293	86670573	-	18159	Nppc
chr1	86703804	87050097	+	208718	Dis3l2
chr1	87086690	87089928	-	11650	Alppl2
chr1	87098002	87101606	-	76768	Alpi
chr1	87124973	87127912	+	11648	Akp3
chr1	87147655	87156356	-	13599	Ecel1
chr1	87183314	87188405	+	69453	Prss56
chr1	87190597	87200070	+	11447	Chrnd
chr1	87205811	87211835	+	11449	Chrng
chr1	87213914	87240488	+	26987	Eif4e2
chr1	87264364	87310791	+	98363	Efhd1
chr1	87326998	87450810	+	227331	Gigyf2
chr1	87384577	87394729	-	100040591	Kcnj13
chr1	87470264	87475459	+	73234	Snorc
chr1	87476829	87573870	-	53972	Ngef
chr1	87574027	87597845	+	23956	Neu2
chr1	87620312	87720510	+	16331	Inpp5d
chr1	87756011	87792428	+	77040	Atg16l1
chr1	87784571	87784818	+	100217415	Scarna6
chr1	87803680	87845157	+	20215	Sag
chr1	87853287	87944489	+	227333	Dgkd
chr1	87853347	87854299	-	100503175	Gm19582
chr1	87945121	88008551	-	227334	Usp40
chr1	88055411	88220002	+	394430	Ugt1a10
chr1	88070779	88220002	+	394434	Ugt1a9
chr1	88095001	88220002	+	394432	Ugt1a7c
chr1	88103257	88220002	+	22236	Ugt1a2
chr1	88103257	88220002	+	94284	Ugt1a6a
chr1	88166012	88220002	+	394433	Ugt1a5
chr1	88204732	88205748	-	15504	Dnajb3
chr1	88211959	88220002	+	394436	Ugt1a1
chr1	88227020	88262289	+	100040766	Mroh2a
chr1	88258856	88277579	-	381280	Hjurp
chr1	88303283	88388851	+	171382	Trpm8
chr1	88407010	88426438	+	75396	Spp2
chr1	88499871	88510066	-	14659	Glrp1
chr1	88551517	88562166	+	100503197	Gm19589
chr1	88698225	88702191	-	320982	Arl4c
chr1	88754890	88755733	+	78650	Platr5
chr1	89016113	89022210	+	73475	1700067G17Rik
chr1	89070462	89153793	+	98402	Sh3bp4
chr1	89360342	89406133	-	77331	C030007H22Rik
chr1	89454811	89895282	+	347722	Agap1
chr1	89676507	89683892	-	74403	4933400F21Rik
chr1	89927962	89931176	-	14472	Gbx2
chr1	89952678	90014577	-	208372	Asb18
chr1	90042132	90153401	-	74918	Iqca
chr1	90203980	90215724	+	12778	Ackr3
chr1	90603425	90613341	+	108679	Cops8
chr1	90766860	90843971	-	12835	Col6a3
chr1	90915100	90951142	+	171531	Mlph
chr1	90953108	90954012	+	623503	Prlh
chr1	90958133	90969620	-	19329	Rab17
chr1	90998727	91128944	+	16978	Lrrfip1
chr1	91145103	91170795	+	329207	Rbm44
chr1	91179822	91225196	+	51801	Ramp1
chr1	91250319	91286025	+	67921	Ube2f
chr1	91298338	91321080	+	50880	Scly
chr1	91322075	91348303	+	227357	Espnl
chr1	91351073	91362404	+	70788	Klhl30
chr1	91366430	91374217	+	227358	Erfe
chr1	91373861	91398783	-	67444	Ilkap
chr1	91404879	91406029	-	67086	1700020N18Rik
chr1	91411483	91413222	-	55927	Hes6
chr1	91415982	91459328	-	18627	Per2
chr1	91494668	91529307	+	74019	Traf3ip1
chr1	91540565	91559590	+	65247	Asb1
chr1	91801461	91848034	+	13345	Twist2
chr1	91928779	92180341	-	208727	Hdac4
chr1	92439708	92473758	-	67273	Ndufa10
chr1	92464483	92464542	-	102465542	Mir6900
chr1	92479681	92480619	-	259040	Olfr1416
chr1	92490818	92491753	-	258228	Olfr1415
chr1	92511048	92518515	-	259041	Olfr1414
chr1	92573125	92574206	+	259039	Olfr1413
chr1	92588332	92589297	+	258274	Olfr1412
chr1	92596521	92597492	+	258483	Olfr1411
chr1	92607839	92608807	+	258484	Olfr1410
chr1	92619881	92621001	+	257890	Olfr12
chr1	92637145	92641985	-	66915	Cops9
chr1	92644218	92648841	-	260301	Otos
chr1	92831686	92860196	+	14733	Gpc1
chr1	92850378	92850443	+	387167	Mir149
chr1	92870129	92902906	-	241158	Ankmy1
chr1	92906989	92908620	+	67446	Dusp28
chr1	92908380	92910689	-	75995	5033417F24Rik
chr1	92910825	92920585	+	108657	Rnpepl1
chr1	92933526	92950590	-	100037260	9430060I03Rik
chr1	92934408	92947948	+	23830	Capn10
chr1	92973119	92986391	+	64095	Gpr35
chr1	93006334	93012269	+	208760	Aqp12
chr1	93015455	93101874	-	16560	Kif1a
chr1	93135240	93145421	+	11611	Agxt
chr1	93151355	93160948	-	71874	2310007B03Rik
chr1	93168423	93231067	+	381284	Crocc2
chr1	93235897	93296448	+	208777	Sned1
chr1	93274549	93274610	+	102465543	Mir6901
chr1	93301205	93305879	-	69821	Mterf4
chr1	93309437	93343465	-	269224	Pask
chr1	93343645	93367618	+	66385	Ppp1r7
chr1	93346092	93346155	+	102465544	Mir6902
chr1	93352158	93352285	+	102466630	Mir6345
chr1	93373896	93404304	+	404545	Ano7
chr1	93405940	93478917	-	110611	Hdlbp
chr1	93478993	93509733	+	18000	Sept2
chr1	93512104	93621976	+	227377	Farp2
chr1	93620751	93635727	-	59041	Stk25
chr1	93685575	93695770	+	51800	Bok
chr1	93705391	93754838	-	67026	Thap4
chr1	93755033	93789529	+	66615	Atg4b
chr1	93792576	93801934	-	21915	Dtymk
chr1	93803965	93822101	+	66262	Ing5
chr1	93825240	93918119	+	98314	D2hgdh
chr1	93861344	93876494	+	381334	Gal3st2
chr1	93918437	93941239	+	100041596	Gal3st2b
chr1	93990509	94011539	+	619597	Gal3st2c
chr1	94020493	94028334	+	241159	Neu4
chr1	94038305	94052553	-	18566	Pdcd1
chr1	94797442	94802472	+	74689	4930440C22Rik
chr1	95313628	95335284	+	67698	Fam174a
chr1	95587682	95667594	-	20452	St8sia4
chr1	95701184	95716518	-	75381	4930598F16Rik
chr1	95990659	96021758	-	73454	1700063A18Rik
chr1	96612057	96662573	-	75159	4930533P14Rik
chr1	96818784	96872171	-	227394	Slco4c1
chr1	96871126	96881234	+	329217	Panct2
chr1	96906176	96997560	-	67854	Slco6b1
chr1	97059449	97128303	-	74441	Slco6c1
chr1	97643902	97662018	-	52392	D1Ertd622e
chr1	97706043	97770092	-	227399	Ppip5k2
chr1	97770172	97793708	+	252876	Gin1
chr1	97821094	98095632	-	18484	Pam
chr1	98031116	98047793	-	78603	B230216N24Rik
chr1	98131467	98144655	+	69030	1810006J02Rik
chr1	98421124	98516988	+	70866	Slco6d1
chr1	99772765	100485942	+	241175	Cntnap5b
chr1	101155768	101175202	+	100504525	Gm20268
chr1	104768819	104995481	+	23836	Cdh20
chr1	105276917	105356710	-	320311	Rnf152
chr1	105356007	105361630	+	100504568	Gm17634
chr1	105518422	105663676	-	27392	Pign
chr1	105663861	105755131	+	227446	Relch
chr1	105780723	105847981	+	21934	Tnfrsf11a
chr1	105990406	106034077	+	227449	Zcchc2
chr1	106152625	106171524	-	626049	Gm20753
chr1	106171869	106394245	+	98432	Phlpp1
chr1	106538176	106714290	-	12043	Bcl2
chr1	106546496	106546631	-	102466254	Mir3473f
chr1	106720410	106759742	-	70750	Kdsr
chr1	106770788	106796725	-	20479	Vps4b
chr1	106861180	106883348	+	20724	Serpinb5
chr1	106934449	106957080	+	71869	Serpinb12
chr1	106980984	107001195	+	241196	Serpinb13
chr1	107045587	107052303	-	20248	Serpinb3a
chr1	107078193	107083480	-	394252	Serpinb3d
chr1	107153961	107161114	-	383548	Serpinb3b
chr1	107271201	107278371	-	381286	Serpinb3c
chr1	107362314	107380475	+	66957	Serpinb11
chr1	107422689	107452689	+	116872	Serpinb7
chr1	107511423	107525600	+	18788	Serpinb2
chr1	107529003	107549271	+	241197	Serpinb10
chr1	107590006	107608978	+	20725	Serpinb8
chr1	107917259	107950947	+	319596	D830032E09Rik
chr1	109982327	110139903	+	241201	Cdh7
chr1	110889195	110977372	-	227485	Cdh19
chr1	111858702	111864918	-	319901	Dsel
chr1	115685137	116580674	+	636808	Cntnap5a
chr1	118298517	118311132	-	22099	Tsn
chr1	118321843	118333831	+	67949	Nifk
chr1	118389058	118609462	+	76707	Clasp1
chr1	118458669	118459265	-	68204	2900060B14Rik
chr1	118627945	118685168	+	81879	Tfcp2l1
chr1	118834061	119053619	-	14633	Gli2
chr1	118954220	118954300	+	102465176	Mir6346
chr1	119415465	119422248	-	16324	Inhbb
chr1	119470305	119504782	-	64143	Ralb
chr1	119526154	119528983	+	226351	Tmem185b
chr1	119529480	119536165	-	320069	3830432H09Rik
chr1	119545033	119649000	-	226352	Epb41l5
chr1	119658092	119837071	-	19258	Ptpn4
chr1	119907890	119913168	-	66343	Tmem177
chr1	119923519	119995210	-	226356	Cfap221
chr1	120006980	120063534	+	319229	Sctr
chr1	120067377	120073780	-	170706	Tmem37
chr1	120113280	120121096	-	13167	Dbi
chr1	120121187	120188189	+	73103	3110009E18Rik
chr1	120226416	120271082	-	68428	Steap3
chr1	120340582	120343174	+	226359	C1ql2
chr1	120474538	120505084	-	17167	Marco
chr1	120602487	120607991	+	13798	En1
chr1	121087405	121120975	+	98452	Celrr
chr1	121304353	121332589	-	72999	Insig2
chr1	121431067	121506460	+	70829	Ccdc93
chr1	121509758	121528465	-	15564	Htr5b
chr1	121553835	121567980	-	66942	Ddx18
chr1	123332138	124045559	-	269109	Dpp10
chr1	125392905	125435727	-	74117	Actr3
chr1	125561016	125595684	+	74150	Slc35f5
chr1	125676996	125873862	+	71111	Gpr39
chr1	125867622	125912928	-	72585	Lypd1
chr1	125913636	126830632	-	210356	Nckap5
chr1	127204986	127482972	+	107895	Mgat5
chr1	127486552	127678021	-	72160	Tmem163
chr1	127729413	127767564	+	266645	Acmsd
chr1	127753617	127774054	-	100502745	2900009J06Rik
chr1	127774164	127805761	+	72949	Ccnt2
chr1	127815271	127840290	-	22625	Map3k19
chr1	127868773	127943876	+	226407	Rab3gap1
chr1	127954179	128103047	-	226409	Zranb3
chr1	128103306	128237735	+	226412	R3hdm1
chr1	128202361	128202430	+	387147	Mir128-1
chr1	128244181	128279377	+	67812	Ubxn4
chr1	128284756	128328318	-	226413	Lct
chr1	128331575	128359705	-	17219	Mcm6
chr1	128363707	128417416	-	226414	Dars
chr1	128588199	128592299	-	12767	Cxcr4
chr1	129273304	130219278	+	210417	Thsd7b
chr1	130388528	130423043	-	13137	Cd55b
chr1	130439026	130462744	-	13136	Cd55
chr1	130576706	130629606	-	22789	Zp3r
chr1	130635921	130661618	-	12269	C4bp
chr1	130670202	130681571	-	12270	C4bp-ps1
chr1	130670202	130729253	-	18640	Pfkfb2
chr1	130717327	130722073	+	226418	Yod1
chr1	130731976	130744622	+	212439	AA986860
chr1	130800902	130814740	+	64435	Fcamr
chr1	130826684	130852249	+	18703	Pigr
chr1	130865777	130880790	+	69169	Fcmr
chr1	130882074	130887411	-	93672	Il24
chr1	130906985	130911296	-	58181	Il20
chr1	130932656	130940073	-	329244	Il19
chr1	131019845	131024970	+	16153	Il10
chr1	131053700	131097843	-	17164	Mapkapk2
chr1	131128441	131138234	-	226419	Dyrk3
chr1	131153207	131180402	+	16865	Eif2d
chr1	131176410	131245178	-	54354	Rassf5
chr1	131254602	131279563	-	56489	Ikbke
chr1	131285251	131527361	-	14270	Srgap2
chr1	131527903	131539035	+	108900	Fam72a
chr1	131599114	131612000	+	26361	Avpr1b
chr1	131638314	131675507	+	13034	Ctse
chr1	131688695	131715439	+	226421	Rab7b
chr1	131744022	131770405	+	320718	Slc26a9
chr1	131797395	131818115	+	212933	Pm20d1
chr1	131828012	131848863	+	98396	Slc41a1
chr1	131867277	131872887	+	226422	Rab29
chr1	131910458	131936321	+	98415	Nucks1
chr1	131962915	131982972	+	212980	Slc45a3
chr1	132007605	132032610	+	13714	Elk4
chr1	132022811	132068062	-	213006	Mfsd4a
chr1	132113547	132139685	-	18557	Cdk18
chr1	132191436	132257382	+	213409	Lemd1
chr1	132198088	132198184	+	723818	Mir135b
chr1	132298626	132307357	+	213417	Klhdc8a
chr1	132316125	132333488	+	74137	Nuak2
chr1	132356315	132391386	-	68875	Tmcc2
chr1	132417453	132466959	+	213452	Dstyk
chr1	132477367	132505665	+	213464	Rbbp5
chr1	132506230	132508639	+	74626	Tmem81
chr1	132509425	132542940	-	21367	Cntn2
chr1	132564690	132741797	-	269116	Nfasc
chr1	132729353	132732826	+	100038653	Gm10538
chr1	132880355	132940005	+	16980	Lrrn2
chr1	132986105	133030587	-	17248	Mdm4
chr1	133046012	133108688	+	240752	Pik3c2b
chr1	133131166	133139800	+	108954	Ppp1r15b
chr1	133246097	133303435	+	240753	Plekha6
chr1	133249852	133269808	-	100502933	Gm19461
chr1	133309823	133329722	+	280287	Kiss1
chr1	133309823	133329722	+	68338	Golt1a
chr1	133350674	133360320	+	19701	Ren1
chr1	133363572	133380318	+	214253	Etnk2
chr1	133382300	133424212	-	20668	Sox13
chr1	133603871	133610280	-	20643	Snrpe
chr1	133619871	133661399	-	70579	Zc3h11a
chr1	133655879	133660885	-	667118	Zbed6
chr1	133679029	133690108	-	240754	Lax1
chr1	133702674	133800754	-	381290	Atp2b4
chr1	133726558	133726645	-	102466206	Mir6903
chr1	133897193	133907999	-	269120	Optc
chr1	133910304	133921401	-	116847	Prelp
chr1	134037515	134048277	+	14264	Fmod
chr1	134074865	134079155	-	12227	Btg2
chr1	134111242	134151540	+	71884	Chit1
chr1	134182404	134190031	+	12654	Chil1
chr1	134193448	134201232	+	53311	Mybph
chr1	134199215	134235457	-	11539	Adora1
chr1	134290004	134292548	+	17928	Myog
chr1	134296783	134332928	-	68507	Ppfia4
chr1	134346097	134361999	-	57439	Tmem183a
chr1	134385940	134390983	+	240755	4933406M09Rik
chr1	134405990	134411738	+	72017	Cyb5r1
chr1	134415378	134433351	+	72674	Adipor1
chr1	134455531	134490873	+	240756	Klhl12
chr1	134494660	134507885	+	98710	Rabif
chr1	134540941	134549682	-	71001	Mgat4e
chr1	134560178	134632878	+	75605	Kdm5b
chr1	134646681	134749417	+	20980	Syt2
chr1	134759067	134955940	-	329251	Ppp1r12b
chr1	134962565	134974180	+	67196	Ube2t
chr1	134986353	135105276	-	329252	Lgr6
chr1	135108498	135132575	-	13924	Ptprv
chr1	135132725	135145320	+	320139	Ptpn7
chr1	135146834	135156268	+	68724	Arl8a
chr1	135160250	135167681	-	171469	Gpr37l1
chr1	135253574	135258472	-	13710	Elf3
chr1	135262699	135284084	-	215615	Rnpep
chr1	135301535	135313737	-	21854	Timm17a
chr1	135324813	135368065	+	93689	Lmod1
chr1	135371456	135375063	-	77552	Shisa4
chr1	135382315	135430491	-	226432	Ipo9
chr1	135434580	135607295	-	215690	Nav1
chr1	135454603	135454683	-	100885827	Mir1231
chr1	135584773	135599950	+	215714	Gm4793
chr1	135729197	135752229	+	13007	Csrp1
chr1	135766085	135769134	+	27280	Phlda3
chr1	135799421	135810989	+	21952	Tnni1
chr1	135818598	135833341	+	16763	Lad1
chr1	135836334	135852268	+	21956	Tnnt2
chr1	135871394	135919207	-	18772	Pkp1
chr1	135953578	136006342	-	226438	Igfn1
chr1	136008219	136035030	+	66241	Tmem9
chr1	136050804	136051370	+	226439	Ascl5
chr1	136052901	136119822	+	12292	Cacna1s
chr1	136127719	136131183	-	329253	Gm15850
chr1	136131401	136178014	+	16565	Kif21b
chr1	136181652	136190712	-	76422	Mroh3
chr1	136213522	136234280	-	67313	Inava
chr1	136258914	136260873	-	383563	Gpr25
chr1	136268123	136346104	-	67886	Camsap2
chr1	136411916	136415519	-	320054	9230116N13Rik
chr1	136415271	136440220	+	67997	Ddx59
chr1	136467848	136530819	+	381293	Kif14
chr1	136624901	136630391	+	226442	Zfp281
chr1	136683396	136690805	+	100503460	Gm19705
chr1	136696211	136725728	+	100503474	Platr22
chr1	136843584	136960448	-	26424	Nr5a2
chr1	137966455	137966718	+	735252	Mir181a-1
chr1	138062859	138175305	-	19264	Ptprc
chr1	138273738	138289462	+	338375	Atp6v1g3
chr1	138483837	138619757	-	59125	Nek7
chr1	138640095	138682075	-	545363	Gm5833
chr1	138825186	138847579	-	16876	Lhx9
chr1	138851979	138856854	-	69549	2310009B15Rik
chr1	138876274	138876950	-	75546	1700019P21Rik
chr1	138963709	139176043	+	329260	Dennd1b
chr1	138977657	138979246	+	78229	4930596I21Rik
chr1	139198254	139377076	-	170788	Crb1
chr1	139379452	139402852	+	71209	4933436E23Rik
chr1	139422383	139453007	+	226470	Zbtb41
chr1	139454773	139494088	+	12316	Aspm
chr1	139501707	139523756	+	14060	F13b
chr1	139547064	139560222	-	50702	Cfhr1
chr1	139697919	139781239	-	214403	Gm4788
chr1	139810292	140018921	-	545366	Cfhr2
chr1	140085855	140183411	-	12628	Cfh
chr1	140246257	140610261	+	240776	Kcnt2
chr1	140570176	140656402	-	75910	4930590L20Rik
chr1	143603276	143702893	-	214498	Cdc73
chr1	143640697	143649937	+	26878	B3galt2
chr1	143739349	143749678	+	69367	Glrx2
chr1	143750790	143777051	-	20822	Trove2
chr1	143777278	143807466	+	56207	Uchl5
chr1	143999338	144004149	-	19735	Rgs2
chr1	144138667	144177372	-	246709	Rgs13
chr1	144244669	144249104	-	50778	Rgs1
chr1	144519690	144567667	-	624910	Rgs21
chr1	144752841	144775421	-	64214	Rgs18
chr1	146495666	146902472	+	215378	Brinp3
chr1	149829618	149961290	-	18783	Pla2g4a
chr1	150074873	150099874	-	320019	Ptgs2os
chr1	150100031	150108234	+	19225	Ptgs2
chr1	150159043	150164948	-	102639566	Ptgs2os2
chr1	150319417	150333906	+	20028	Pdc
chr1	150320681	150346771	-	75584	2310030A07Rik
chr1	150361311	150393055	-	226499	Odr4
chr1	150392838	150449935	+	108989	Tpr
chr1	150449412	150466165	-	96875	Prg4
chr1	150562500	150993435	-	545370	Hmcn1
chr1	151138034	151144095	+	402734	C730036E19Rik
chr1	151344498	151364445	+	117198	Ivns1abp
chr1	151367699	151428435	-	66875	Swt1
chr1	151428648	151458183	+	98685	Trmt1l
chr1	151442393	151442450	+	102466847	Mir7682
chr1	151469406	151500823	-	19821	Rnf2
chr1	151571373	151719347	+	63913	Fam129a
chr1	151749421	151755121	-	102640772	2810414N06Rik
chr1	151755374	151822328	+	66967	Edem3
chr1	151852403	152090320	-	69399	1700025G04Rik
chr1	152370735	152386682	-	66637	Tsen15
chr1	152399867	152510695	+	269132	Colgalt2
chr1	152517530	152625111	-	19731	Rgl1
chr1	152750551	152757544	+	71281	Apobec4
chr1	152766542	152775580	+	67771	Arpc5
chr1	152800153	152836990	+	17970	Ncf2
chr1	152836995	152902646	-	226517	Smg7
chr1	152955101	153119261	+	226518	Nmnat2
chr1	153122756	153186447	-	16782	Lamc2
chr1	153218922	153332786	-	226519	Lamc1
chr1	153404186	153414233	-	626058	E330020D12Rik
chr1	153425209	153452574	+	71836	Shcbp1l
chr1	153455758	153487660	-	13211	Dhx9
chr1	153503016	153549714	-	74091	Npl
chr1	153653037	153697665	+	67792	Rgs8
chr1	153721240	153737829	-	329271	C230024C17Rik
chr1	153740353	153745468	+	19734	Rgs16
chr1	153749426	153764221	+	24014	Rnasel
chr1	153779387	153844141	-	240816	Rgsl1
chr1	153849542	153851195	-	240817	Teddm2
chr1	153874345	153876871	+	433365	Teddm1b
chr1	153891646	153893060	+	240819	Teddm1a
chr1	153899926	153900036	+	102466257	Mir8114
chr1	153899929	153909723	+	14645	Glul
chr1	154201187	154205674	+	100503355	Zfp648
chr1	154241521	154256906	-	78112	4930452N14Rik
chr1	154255689	154270416	+	75233	4930532M18Rik
chr1	154392519	154725920	-	12290	Cacna1e
chr1	155063523	155083264	-	671336	Gm9530
chr1	155096367	155099636	-	15939	Ier5
chr1	155127878	155146780	-	15064	Mr1
chr1	155158703	155208256	+	58244	Stx6
chr1	155275657	155417444	-	19775	Xpr1
chr1	155520173	155527111	-	433367	Gm5532
chr1	155558120	155687233	+	72482	Acbd6
chr1	155701692	155742027	-	16872	Lhx4
chr1	155778155	155812899	-	104009	Qsox1
chr1	155844964	155973255	-	74081	Cep350
chr1	156004599	156036480	-	208263	Tor1aip1
chr1	156035664	156068861	+	240832	Tor1aip2
chr1	156075956	156205026	-	329274	Fam163a
chr1	156255296	156303606	-	214575	Tdrd5
chr1	156310719	156328035	+	170484	Nphs2
chr1	156330643	156420428	-	77352	Axdnd1
chr1	156428108	156474328	-	20652	Soat1
chr1	156558787	156649619	+	11352	Abl2
chr1	156653617	156674339	-	30935	Tor3a
chr1	156678571	156718910	-	215015	Fam20b
chr1	156804166	156939626	-	78255	Ralgps2
chr1	156839023	156861078	+	72713	Angptl1
chr1	157099147	157108680	-	73435	Tex35
chr1	157135183	157412595	-	226525	Rasal2
chr1	157412352	157420236	+	69953	2810025M15Rik
chr1	157458582	157488733	+	226527	Cryzl2
chr1	157506796	157568425	+	89867	Sec16b
chr1	158245269	158356260	-	240843	Brinp2
chr1	158362304	158691786	+	11899	Astn1
chr1	158505625	158505733	+	735253	Mir488
chr1	158711731	158957438	-	23850	Pappa2
chr1	159232326	159347580	+	26374	Cop1
chr1	159340307	159340424	+	100217414	Scarna3a
chr1	159523769	159924922	+	21960	Tnr
chr1	160044380	160078587	+	67647	4930523C07Rik
chr1	160074735	160077985	-	75255	4930562F07Rik
chr1	160085029	160153575	-	329278	Tnn
chr1	160195260	160201186	+	64659	Mrps14
chr1	160202367	160212892	-	12301	Cacybp
chr1	160219174	160792938	-	29809	Rabgap1l
chr1	160295864	160295972	-	100316784	Mir1927
chr1	160576668	160577753	-	620246	Gpr52
chr1	160906411	160974976	+	381305	Rc3h1
chr1	160978606	161003015	+	11905	Serpinc1
chr1	161008794	161034848	-	240869	Zbtb37
chr1	161035166	161038537	+	14455	Gas5
chr1	161038092	161038156	+	100217446	Snord47
chr1	161040601	161070660	-	226539	Dars2
chr1	161070767	161086724	+	70454	Cenpl
chr1	161088378	161131479	-	226541	Klhl20
chr1	161142712	161170507	+	73844	Ankrd45
chr1	161156823	161159314	-	100502590	Tex50
chr1	161240112	161251210	-	11758	Prdx6
chr1	161395438	161418206	+	22164	Tnfsf4
chr1	161494657	161505290	+	240873	Tnfsf18
chr1	161780691	161788495	-	14103	Fasl
chr1	161816112	161876661	-	226551	Suco
chr1	161942089	161979636	-	75368	4930558K02Rik
chr1	161969188	161973435	+	67292	Pigc
chr1	161982456	162478034	-	103967	Dnm3
chr1	162004969	162016485	+	72753	2810442N19Rik
chr1	162217623	162225550	+	474332	Dnm3os
chr1	162533671	162548345	-	71449	Mettl13
chr1	162570723	162599078	+	53330	Vamp4
chr1	162639150	162649694	+	17926	Myoc
chr1	162647243	162658219	-	100038657	Myocos
chr1	162671785	162740556	-	226562	Prrc2c
chr1	162793883	162813672	-	226564	Fmo4
chr1	162829561	162866548	-	14261	Fmo1
chr1	162875047	162898712	-	55990	Fmo2
chr1	162916551	162937515	-	226565	Fmo6
chr1	162953799	162984528	-	14262	Fmo3
chr1	163024302	163085670	-	78258	Mroh9
chr1	163245119	163313650	-	18933	Prrx1
chr1	163384903	163403669	-	98376	Gorab
chr1	163702993	163725232	-	240879	Mettl11b
chr1	163779583	163917107	+	16579	Kifap3
chr1	163929100	163955126	+	240880	Scyl3
chr1	163945993	163994781	-	381306	BC055324
chr1	163994915	163997243	+	69962	Mettl18
chr1	164048234	164057677	+	20339	Sele
chr1	164062076	164080785	+	20343	Sell
chr1	164115264	164150026	+	20344	Selp
chr1	164148576	164152217	-	100503816	Gm16548
chr1	164151835	164220277	+	14067	F5
chr1	164249046	164265385	+	116914	Slc19a2
chr1	164275598	164287847	+	74895	Ccdc181
chr1	164289800	164307484	-	66352	Blzf1
chr1	164304121	164437725	+	171567	Nme7
chr1	164437099	164458355	-	11931	Atp1b1
chr1	164796732	164824266	+	56429	Dpt
chr1	164863121	164871438	+	433374	Gm20743
chr1	164931648	164935510	-	16963	Xcl1
chr1	165066617	165091930	-	75857	4930568G15Rik
chr1	165137853	165160773	-	83993	Tbx19
chr1	165174341	165194433	-	108735	Sft2d2
chr1	165212286	165236958	-	226591	Tiprl
chr1	165295766	165326745	+	240888	Gpr161
chr1	165329500	165460463	-	74106	Dcaf6
chr1	165461208	165481214	+	70456	Mpc2
chr1	165485183	165576773	+	271639	Adcy10
chr1	165592181	165634541	-	68481	Mpzl1
chr1	165648945	165708094	-	226594	Rcsd1
chr1	165763780	165775304	+	433375	Creg1
chr1	165788681	165871153	+	12503	Cd247
chr1	165865154	166002634	-	18986	Pou2f1
chr1	166098148	166127898	-	240892	Dusp27
chr1	166130460	166166510	+	59290	Gpa33
chr1	166201385	166238744	-	98558	Mael
chr1	166254139	166316832	+	100039795	Ildr2
chr1	166379167	166393621	+	27878	Tada1
chr1	166393610	166409828	-	71592	Pogk
chr1	166483613	166497588	-	226601	Gm4846
chr1	166628971	166647693	-	226604	Gm4847
chr1	166662055	166681845	-	240894	Fmo9
chr1	166974023	166999730	-	100503962	Gm16701
chr1	167001417	167091302	+	226610	Fam78b
chr1	167226083	167285127	-	80914	Uck2
chr1	167290125	167290225	+	102465177	Mir6347
chr1	167308670	167333978	+	68944	Tmco1
chr1	167349991	167368530	+	56752	Aldh9a1
chr1	167372384	167393797	-	66447	Mgst3
chr1	167445675	167466780	-	240899	Lrrc52
chr1	167598362	167639623	+	20183	Rxrg
chr1	167689558	167848733	+	110648	Lmx1a
chr1	168119364	168432169	-	18514	Pbx1
chr1	168490643	168490762	+	102465178	Mir6348
chr1	169018974	169019089	-	102466632	Mir6354
chr1	169497934	169531464	-	66977	Nuf2
chr1	169655501	169695813	+	19737	Rgs5
chr1	169741477	169747642	-	19736	Rgs4
chr1	169928939	169934653	+	78465	Ccdc190
chr1	169949537	169969205	-	15490	Hsd17b7
chr1	169969409	169972396	+	67303	3110045C21Rik
chr1	169972307	170110559	-	18214	Ddr2
chr1	170141223	170174964	-	107652	Uap1
chr1	170199256	170215393	-	16589	Uhmk1
chr1	170232871	170251587	+	545378	Sh2d1b2
chr1	170277324	170285662	+	26904	Sh2d1b1
chr1	170298193	170306332	-	665574	Gm7694
chr1	170308861	170312125	+	76925	Spata46
chr1	170317496	170589849	-	70729	Nos1ap
chr1	170644532	170682789	+	320078	Olfml2b
chr1	170704457	170867771	-	226641	Atf6
chr1	170874188	170885540	-	80915	Dusp12
chr1	170907273	170912941	-	435653	Fcrlb
chr1	170917594	170927583	-	98752	Fcrla
chr1	170960558	170976071	-	14130	Fcgr2b
chr1	171018926	171029761	+	246256	Fcgr4
chr1	171051169	171059403	-	14131	Fcgr3
chr1	171064591	171064652	-	102466998	Mir6546
chr1	171121661	171126967	+	75472	Cfap126
chr1	171129157	171150603	-	66052	Sdhc
chr1	171150713	171161130	+	17528	Mpz
chr1	171173264	171197035	-	66425	Pcp4l1
chr1	171213970	171219193	+	12355	Nr1i3
chr1	171217803	171222514	-	641376	Tomm40l
chr1	171221564	171226379	+	11807	Apoa2
chr1	171229572	171234349	-	14127	Fcer1g
chr1	171234853	171247122	-	226646	Ndufs2
chr1	171250422	171259922	+	240913	Adamts4
chr1	171270328	171276895	+	57370	B4galt3
chr1	171276992	171281186	-	19044	Ppox
chr1	171281949	171287961	-	30941	Usp21
chr1	171288564	171294982	-	66155	Ufc1
chr1	171329145	171342501	+	21945	Dedd
chr1	171342237	171345645	-	27045	Nit1
chr1	171345699	171358170	+	18637	Pfdn2
chr1	171358449	171360798	-	68874	Klhdc9
chr1	171370173	171388287	+	71740	Nectin4
chr1	171388960	171410298	+	226652	Arhgap30
chr1	171411313	171418759	+	22278	Usf1
chr1	171419033	171420352	+	226654	Tstd1
chr1	171423185	171437318	-	102638632	Gm26641
chr1	171437561	171464593	+	16456	F11r
chr1	171503478	171504750	+	56009	Alyref2
chr1	171518123	171535294	-	16429	Itln1
chr1	171559193	171585316	+	18106	Cd244a
chr1	171588613	171607410	-	17085	Ly9
chr1	171632403	171653037	-	75345	Slamf7
chr1	171641840	171641900	-	102465784	Mir7683
chr1	171682055	171705257	+	12506	Cd48
chr1	171767132	171801184	+	27218	Slamf1
chr1	171839697	171890718	+	12523	Cd84
chr1	171917537	171953167	+	30925	Slamf6
chr1	172000960	172028045	-	93840	Vangl2
chr1	172052292	172057596	-	18071	Nhlh1
chr1	172066013	172082749	-	59287	Ncstn
chr1	172082529	172122332	+	12847	Copa
chr1	172126755	172136497	+	19298	Pex19
chr1	172148015	172196393	+	98193	Dcaf8
chr1	172196729	172206781	-	18611	Pea15a
chr1	172209894	172219895	-	12372	Casq1
chr1	172223508	172258424	-	27222	Atp1a4
chr1	172261632	172319843	+	140559	Igsf8
chr1	172271709	172298064	-	98660	Atp1a2
chr1	172321033	172329263	-	16524	Kcnj9
chr1	172341210	172374085	+	16513	Kcnj10
chr1	172376531	172384099	+	67556	Pigm
chr1	172475360	172478409	+	98365	Slamf9
chr1	172482213	172498877	+	93842	Igsf9
chr1	172500246	172507375	+	21346	Tagln2
chr1	172521130	172545870	+	71870	Cfap45
chr1	172541620	172550806	-	71319	4933439K11Rik
chr1	172555938	172563717	+	240916	Vsig8
chr1	172581377	172590568	-	74748	Slamf8
chr1	172596640	172602551	-	677296	Fcrl6
chr1	172630769	172632974	-	68440	Dusp23
chr1	172698056	172699966	+	12944	Crp
chr1	172893961	172895054	-	20219	Apcs
chr1	172956768	172957817	+	18313	Olfr16
chr1	173130283	173131215	-	258759	Olfr1408
chr1	173183442	173184504	-	258758	Olfr1406
chr1	173203358	173204299	+	258880	Olfr218
chr1	173215607	173216640	+	258881	Olfr1404
chr1	173221271	173227229	-	14125	Fcer1a
chr1	173270147	173271137	+	258645	Olfr418
chr1	173274461	173277756	-	100504232	Mptx2
chr1	173331886	173333503	-	13349	Ackr1
chr1	173334254	173367695	-	94332	Cadm3
chr1	173420604	173466040	+	383619	Aim2
chr1	173521311	173535957	-	545384	Ifi214
chr1	173591957	173599274	-	623121	Ifi213
chr1	173630859	173647928	+	236312	Ifi209
chr1	173673680	173698392	+	100033459	Ifi208
chr1	173723427	173741809	-	226691	Ifi207
chr1	173747293	173905631	-	15951	Ifi204
chr1	173848972	173914179	-	381308	Ifi211
chr1	173857220	173880187	-	100040462	Mndal
chr1	173920400	173942672	-	15950	Ifi203
chr1	173962569	174031755	-	26388	Ifi202b
chr1	174011998	174031755	-	226695	Ifi205
chr1	174041933	174042936	+	258712	Olfr433
chr1	174050375	174051313	+	258711	Olfr432
chr1	174069300	174070253	+	258713	Olfr430
chr1	174089038	174089980	+	258717	Olfr429
chr1	174099460	174100408	+	259162	Olfr427
chr1	174117091	174118014	-	404222	Olfr231
chr1	174136746	174137693	+	258716	Olfr424
chr1	174151481	174152530	+	258715	Olfr421-ps1
chr1	174158722	174159767	+	258302	Olfr420
chr1	174172776	174248449	+	20739	Spta1
chr1	174249889	174250976	-	258710	Olfr419
chr1	174330518	174332877	+	66289	Mptx1
chr1	174368919	174369848	+	258238	Olfr417
chr1	174391046	174392055	+	258709	Olfr248
chr1	174430430	174431384	+	258756	Olfr414
chr1	174448625	174449602	+	546747	Olfr220
chr1	174501825	174822729	+	54418	Fmn2
chr1	174833785	174921819	-	23893	Grem2
chr1	175059076	175492545	-	24012	Rgs7
chr1	175601378	175625635	-	14194	Fh1
chr1	175620381	175660853	+	98256	Kmo
chr1	175662421	175692632	-	13603	Opn3
chr1	175682237	175688353	-	12663	Chml
chr1	175698593	175815734	+	75820	Wdr64
chr1	175880778	175911396	+	26909	Exo1
chr1	175920329	175922225	+	226720	Becn2
chr1	175962306	176275312	-	319455	Pld5
chr1	176430111	176527269	-	102640488	Gm36536
chr1	176733653	176807124	-	545389	Cep170
chr1	176772325	176772423	-	723921	Mir350
chr1	176814660	177020432	+	76816	Sdccag8
chr1	176834624	176836133	-	15365	Hmga2-ps1
chr1	177022115	177248767	-	23797	Akt3
chr1	177442407	177450764	+	30928	Zbtb18
chr1	177641542	177642943	-	75589	2310043L19Rik
chr1	177729814	177753305	+	69428	1700016C15Rik
chr1	177763178	177796509	-	11566	Adss
chr1	177983423	178172704	+	545391	Catspere2
chr1	178187417	178252598	+	78825	Desi2
chr1	178319153	178322693	+	66359	Cox20
chr1	178322166	178337784	-	51810	Hnrnpu
chr1	178405881	178483250	+	68226	Efcab2
chr1	178529125	178932857	+	269152	Kif26b
chr1	178955031	179518003	-	69726	Smyd3
chr1	179528056	179546267	-	15278	Tfb2m
chr1	179546529	179627473	+	226744	Cnst
chr1	179668231	179687184	+	109232	Sccpdh
chr1	179744904	179804015	-	226747	Ahctf1
chr1	179961089	180165602	+	226751	Cdc42bpa
chr1	180165238	180196020	-	67426	Coq8a
chr1	180227004	180256300	-	19165	Psen2
chr1	180326969	180330549	-	277333	Gm5069
chr1	180330476	180423659	+	320404	Itpkb
chr1	180432373	180483504	-	381310	Stum
chr1	180568975	180601254	+	11545	Parp1
chr1	180587201	180587267	+	102466761	Mir6904
chr1	180641150	180690687	+	72568	Lin9
chr1	180693043	180697034	-	27217	Mixl1
chr1	180726043	180754204	+	170760	Acbd3
chr1	180802560	180813605	-	15078	H3f3a
chr1	180851151	180868113	+	208768	Sde2
chr1	180893108	180899107	+	320202	Lefty2
chr1	180904274	180908088	+	69051	Pycr2
chr1	180935039	180938401	+	13590	Lefty1
chr1	180942518	180975104	+	208795	Tmem63a
chr1	180989556	181017569	-	13849	Ephx1
chr1	181051237	181060667	+	619326	9130409I23Rik
chr1	181087138	181144204	-	67459	Nvl
chr1	181150931	181168994	+	98417	Cnih4
chr1	181173226	181211978	-	226757	Wdr26
chr1	181352628	181460641	+	72978	Cnih3
chr1	181509633	181511451	-	403180	Ccdc121
chr1	181815315	181842401	-	98386	Lbr
chr1	181896384	182019980	-	13800	Enah
chr1	182124737	182132415	+	27058	Srp9
chr1	182157178	182158098	-	625823	Vmn1r1
chr1	182275770	182282759	-	13244	Degs1
chr1	182300834	182303289	+	67330	1700047M11Rik
chr1	182313102	182341606	-	67948	Fbxo28
chr1	182409167	182462436	+	209456	Trp53bp2
chr1	182467259	182517483	-	12334	Capn2
chr1	182565007	182632352	+	170725	Capn8
chr1	182747126	182749180	-	433386	Ccdc185
chr1	182764906	182895654	+	96935	Susd4
chr1	182954788	182976044	+	53791	Tlr5
chr1	183086264	183221529	-	68897	Disp1
chr1	183276342	183297256	-	71678	Brox
chr1	183297060	183324501	+	108909	Aida
chr1	183326236	183369565	-	338366	Mia3
chr1	183388885	183410201	+	21339	Taf1a
chr1	183418470	183437053	+	78772	Hhipl2
chr1	184033032	184033998	-	73363	1700056E22Rik
chr1	184034461	184075636	+	63953	Dusp10
chr1	184527841	184557691	-	73590	1700112H15Rik
chr1	184712497	184718989	+	74971	4930488B22Rik
chr1	184727143	184732493	-	15284	Hlx
chr1	184786767	184811300	-	66112	Marc1
chr1	184813068	184845847	-	67247	Marc2
chr1	184822407	184822488	-	100316821	Mir1981
chr1	184871926	184883036	-	226777	C130074G19Rik
chr1	184896424	184999549	-	226778	Mark1
chr1	185204168	185286746	+	98732	Rab3gap2
chr1	185242926	185243043	+	100217449	Snora36b
chr1	185286662	185329401	-	381314	Iars2
chr1	185313319	185313385	+	387189	Mir194-1
chr1	185313581	185313692	+	387211	Mir215
chr1	185332159	185357769	+	23827	Bpnt1
chr1	185363095	185428355	+	107508	Eprs
chr1	185429357	185441819	-	319562	9630028B13Rik
chr1	185447116	185455568	-	100039138	Gm2061
chr1	185454848	185468762	+	226781	Slc30a10
chr1	185497306	185498014	+	114668	5033404E19Rik
chr1	186087732	186117310	-	226791	Lyplal1
chr1	186511838	186558681	-	320449	A730004F24Rik
chr1	186623186	186705992	-	21808	Tgfb2
chr1	186721086	186749358	-	67223	Rrp15
chr1	186967416	186970627	+	110957	D1Pas1
chr1	187048407	187215446	-	74717	Spata17
chr1	187125138	187127852	+	69308	1700007P06Rik
chr1	187215511	187351445	+	67769	Gpatch2
chr1	187609006	188214884	+	26381	Esrrg
chr1	188006576	188008990	-	320272	9330162B11Rik
chr1	188262023	188965041	+	22283	Ush2a
chr1	188971096	189007840	-	226823	Kctd3
chr1	189207930	189402273	-	16526	Kcnk2
chr1	189640606	189688086	-	108000	Cenpf
chr1	189728268	189876695	+	19250	Ptpn14
chr1	189880492	189922288	-	226830	Smyd2
chr1	190121775	190170680	-	19130	Prox1
chr1	190170296	190217276	+	102632463	LOC102632463
chr1	190772879	190911770	-	320119	Rps6kc1
chr1	190925108	190946491	+	52477	Angel2
chr1	190947646	190979296	-	226841	Vash2
chr1	191005832	191026190	-	226844	Flvcr1
chr1	191025351	191029781	+	100125339	A230020J21Rik
chr1	191036822	191042941	+	75558	Spata45
chr1	191045826	191062932	-	68972	Tatdn3
chr1	191063021	191084558	+	381318	Nsl1
chr1	191097880	191108943	+	381319	Batf3
chr1	191162584	191164817	-	619288	Fam71a
chr1	191170296	191218039	-	11910	Atf3
chr1	191224474	191225686	+	100504360	D730003I15Rik
chr1	191306797	191318118	-	66208	Nenf
chr1	191325965	191352925	+	66950	Tmem206
chr1	191351981	191397041	-	226849	Ppp2r5a
chr1	191537356	191575544	-	76843	Dtl
chr1	191575636	191623690	+	77065	Ints7
chr1	191718024	191784255	+	226856	Lpgat1
chr1	191821473	191833049	+	18005	Nek2
chr1	191890231	191907527	-	98736	1700034H15Rik
chr1	191906781	191913247	+	22782	Slc30a1
chr1	191977370	191988282	+	74023	Rd3
chr1	191997203	192092599	-	22033	Traf5
chr1	191998554	191998634	-	100628582	Mir3473c
chr1	192098546	192138040	-	214742	Rcor3
chr1	192136898	192151025	+	100038712	Gm10516
chr1	192190777	192510159	+	16510	Kcnh1
chr1	192512828	192771219	-	226861	Hhat
chr1	192841705	192842739	+	73455	1700065J18Rik
chr1	192844488	192855752	-	214791	Sertad4
chr1	192854928	192856856	+	100503471	Gm15867
chr1	192891233	193035775	-	329324	Syt14
chr1	193104403	193130251	-	215193	Diexf
chr1	193153112	193172036	+	54139	Irf6
chr1	193168049	193177832	+	319266	A130010J15Rik
chr1	193175504	193201546	-	215243	Traf3ip3
chr1	193207725	193343878	+	16780	Lamb3
chr1	193221640	193264045	-	15483	Hsd11b1
chr1	193272160	193273188	-	14373	G0s2
chr1	193346346	193370282	-	215303	Camk1g
chr1	193507463	193507530	-	387201	Mir205
chr1	194212187	194222759	-	74942	4930503O07Rik
chr1	194619829	194816869	+	18845	Plxna2
chr1	194822001	194822064	+	100628615	Mir3962
chr1	194938821	194961292	+	12490	Cd34
chr1	194955759	194976959	-	320400	Gm16897
chr1	195017399	195037908	+	320977	A330023F24Rik
chr1	195037040	195037120	+	723963	Mir29b-2
chr1	195037547	195037634	+	387224	Mir29c
chr1	195041238	195092248	-	17221	Cd46
chr1	195097382	195131570	-	12946	Cr1l
chr1	195136811	195176715	-	12902	Cr2
chr2	3114224	3227809	+	269233	Fam171a1
chr2	3284212	3328877	+	18108	Nmt2
chr2	3328949	3332628	-	227522	Rpp38
chr2	3336168	3340997	+	78245	Acbd7
chr2	3341987	3366600	-	99035	Olah
chr2	3409043	3422648	-	104362	Meig1
chr2	3424131	3461113	+	227525	Dclre1c
chr2	3455815	3474986	-	64707	Suv39h2
chr2	3488854	3512814	-	50497	Hspa14
chr2	3513065	3526376	+	227526	Cdnf
chr2	3713458	3782134	+	66540	Fam107b
chr2	4017734	4614043	+	209630	Frmd4a
chr2	4132065	4141141	-	73489	1700080N15Rik
chr2	4622167	4652086	-	67229	Prpf18
chr2	4717831	4802146	+	209645	Bend7
chr2	4881564	4910557	+	109079	Sephs1
chr2	4918996	4938743	+	16922	Phyh
chr2	4976122	4985748	+	68527	Ucma
chr2	4990724	5012791	-	70024	Mcm10
chr2	5020642	5063938	-	71648	Optn
chr2	5137776	5230871	+	74186	Ccdc3
chr2	5293457	5714762	-	227541	Camk1d
chr2	5794294	5844960	-	98828	Cdc123
chr2	5845034	5868736	+	53893	Nudt5
chr2	5862084	5862923	-	791411	Gm13199
chr2	5870987	5895353	-	57743	Sec61a2
chr2	5898060	5942792	-	209692	Dhtkd1
chr2	5951469	6056703	+	326622	Upf2
chr2	6098500	6130185	-	227545	Proser2
chr2	6132869	6140570	+	100038358	Gm10857
chr2	6188465	6212994	-	67856	Echdc3
chr2	6193251	6321611	+	320132	A230108P19Rik
chr2	6322757	6443820	+	98910	Usp6nl
chr2	6539694	7396198	-	14007	Celf2
chr2	6922702	6928722	-	68144	5031426D15Rik
chr2	9189515	9197484	+	73438	1700061F12Rik
chr2	9857078	9878600	-	14462	Gata3
chr2	9881246	9886767	+	381347	4930412O13Rik
chr2	9883041	9889540	-	77682	9230102O04Rik
chr2	9906149	9915582	+	100126244	Gm13262
chr2	9914552	10048609	-	209361	Taf3
chr2	10056030	10080510	-	11949	Atp5c1
chr2	10080612	10092701	+	16588	Kin
chr2	10094591	10130683	-	16425	Itih2
chr2	10153543	10256529	+	209378	Itih5
chr2	10370451	10595253	+	353282	Sfmbt2
chr2	10466663	10466746	+	100526481	Mir466m
chr2	10467229	10467349	+	100316667	Mir669f
chr2	10467495	10467613	+	100316806	Mir669e
chr2	10467790	10467886	+	735255	Mir669b
chr2	10468343	10468463	+	100316664	Mir669d
chr2	10468971	10469068	+	100316815	Mir669l
chr2	10471644	10471729	+	100526550	Mir669d-2
chr2	10472254	10472343	+	723945	Mir297a-2
chr2	10473931	10474027	+	100124487	Mir467c
chr2	10474219	10474300	+	100124485	Mir466b-1
chr2	10474433	10474541	+	735272	Mir669a-3
chr2	10475300	10475426	+	100316663	Mir669k
chr2	10476346	10476418	+	735286	Mir467a-1
chr2	10476628	10476713	+	100526561	Mir466b-8
chr2	10476853	10503877	+	735256	Mir669a-1
chr2	10477150	10477272	+	100316802	Mir669g
chr2	10477910	10478030	+	100316770	Mir669j
chr2	10478798	10488681	+	100124625	Mir467a-4
chr2	10479088	10479171	+	100124640	Mir466e
chr2	10479315	10510260	+	735258	Mir669a-2
chr2	10481248	10481320	+	735257	Mir467b
chr2	10481534	10481617	+	100124443	Mir466c-1
chr2	10483678	10503355	+	100124642	Mir467a-3
chr2	10483966	10491425	+	100124668	Mir466c-2
chr2	10486423	10496355	+	100526486	Mir466b-4
chr2	10493510	10493592	+	100124626	Mir467a-5
chr2	10495980	10498475	+	100124624	Mir467a-2
chr2	10498685	10498766	+	100124442	Mir466b-2
chr2	10503565	10503645	+	100124474	Mir466b-3
chr2	10507630	10507714	+	100124447	Mir467d
chr2	10507918	10507990	+	723922	Mir466
chr2	10511667	10511775	+	735281	Mir297b
chr2	10512790	10512887	+	100316701	Mir669m-1
chr2	10513434	10513531	+	100316834	Mir669m-2
chr2	10513741	10513834	+	100526524	Mir466n
chr2	10514300	10514395	+	100316702	Mir669o
chr2	10514595	10514674	+	100124495	Mir466g
chr2	10516097	10516217	+	100316769	Mir466l
chr2	10517604	10517730	+	100316668	Mir669i
chr2	10518155	10518279	+	100316831	Mir669h
chr2	11172382	11301226	+	18761	Prkcq
chr2	11338366	11398500	-	77543	8030442B05Rik
chr2	11339489	11344106	+	100503147	Gm13293
chr2	11471430	11553929	-	170768	Pfkfb3
chr2	11585439	11603199	-	76938	Rbm17
chr2	11642792	11693194	+	16184	Il2ra
chr2	11705293	11733985	+	16169	Il15ra
chr2	11742573	11777549	-	50755	Fbh1
chr2	11777753	11790325	+	320816	Ankrd16
chr2	12106660	12301920	-	241226	Itga8
chr2	12301246	12312315	+	338535	E030013I19Rik
chr2	12347264	12419460	-	66960	Mindy3
chr2	12924041	13003454	+	19212	Pter
chr2	13001887	13010864	-	227580	C1ql3
chr2	13076967	13271415	-	20163	Rsu1
chr2	13276338	13491876	-	65969	Cubn
chr2	13510161	13544664	-	13434	Trdmt1
chr2	13574311	13582826	+	22352	Vim
chr2	13654934	13793520	-	241230	St8sia6
chr2	13850282	14056035	-	30963	Hacd1
chr2	14070333	14073934	-	70957	Stamos
chr2	14074112	14148338	+	20844	Stam
chr2	14174524	14221993	+	625286	Tmem236
chr2	14229414	14332023	+	17533	Mrc1
chr2	14261003	14261081	+	100124488	Mir511
chr2	14388398	14494977	+	277468	Slc39a12
chr2	14604306	14987908	+	12296	Cacnb2
chr2	14720642	14722622	+	625342	Gm13315
chr2	14995131	15054872	-	74455	Nsun6
chr2	15055362	15079191	+	75869	Arl5b
chr2	15526479	16255557	+	102635496	Malrd1
chr2	16356304	16755839	+	67448	Plxdc2
chr2	16918678	17013726	-	75069	4930515L03Rik
chr2	17346734	17731068	-	74103	Nebl
chr2	17563514	17563626	+	102465964	Mir6419
chr2	17996417	17996958	-	68231	H2al2a
chr2	18025187	18037741	-	77940	A930004D18Rik
chr2	18027249	18030577	+	100034739	Gm17762
chr2	18044087	18048449	-	72668	Skida1
chr2	18055237	18212390	+	17354	Mllt10
chr2	18057846	18057903	+	102466840	Mir7655
chr2	18206333	18392830	-	13418	Dnajc1
chr2	18672462	18676216	+	12238	Commd3
chr2	18677018	18686629	+	12151	Bmi1
chr2	18699022	18749605	+	381350	Spag6
chr2	18742709	18760862	-	100041479	Gm3363
chr2	18799245	18801818	-	66774	Carlr
chr2	18842256	18998121	-	18718	Pip4k2a
chr2	18998319	18999804	+	74629	4930426L09Rik
chr2	19199118	19310243	+	70882	Armc3
chr2	19344317	19352251	+	108871	4930447M23Rik
chr2	19371636	19394970	+	76467	Msrb2
chr2	19441508	19446674	-	102637107	Ptf1aos
chr2	19445663	19447501	+	19213	Ptf1a
chr2	19462837	19553910	-	70909	4921504E06Rik
chr2	19655806	19657897	-	100041244	Gm3230
chr2	19658062	19660590	+	71198	Otud1
chr2	19909780	20810535	+	208618	Etl4
chr2	20847919	20967721	-	71435	Arhgap21
chr2	20968874	20970348	+	433408	Gm13375
chr2	21180731	21205365	-	71233	Enkur
chr2	21205724	21215009	+	208967	Thnsl1
chr2	21367567	21830544	+	241263	Gpr158
chr2	22227503	22618252	+	667663	Myo3a
chr2	22622327	22693877	+	14417	Gad2
chr2	22654283	22654350	+	100628608	Mir3967
chr2	22774327	22875653	+	54519	Apbb1ip
chr2	22895522	22940261	+	56075	Pdss1
chr2	22939989	23040241	-	11308	Abi1
chr2	23068201	23114513	+	74159	Acbd5
chr2	23116544	23156024	-	67121	Mastl
chr2	23156505	23199260	+	27377	Yme1l1
chr2	23207476	23267129	+	70981	4931423N10Rik
chr2	23321246	23401973	+	18232	Nxph2
chr2	23510054	23572104	-	76857	Spopl
chr2	24002911	24049379	-	140483	Hnmt
chr2	24071366	24096595	-	227606	Tbpl2
chr2	24153172	24160103	+	69677	Il1f8
chr2	24186476	24193567	+	215257	Il1f9
chr2	24215417	24225701	+	54448	Il1f6
chr2	24276954	24282432	+	54450	Il1f5
chr2	24291196	24293820	+	215274	Il1f10
chr2	24336860	24351491	+	16181	Il1rn
chr2	24367675	24408729	+	215632	Psd4
chr2	24420551	24475599	-	18510	Pax8
chr2	24603887	24763152	-	12287	Cacna1b
chr2	24790769	24919609	-	77683	Ehmt1
chr2	24925352	24935281	-	215705	Arrdc1
chr2	24949777	24960870	+	67187	Zmynd19
chr2	24962422	24973471	+	67228	Dph7
chr2	24972470	24975098	-	107733	Mrpl41
chr2	24976033	25054072	+	241274	Pnpla7
chr2	25054379	25062881	+	56876	Nsmf
chr2	25059811	25059873	+	102465989	Mir7664
chr2	25080323	25085719	+	72090	Entpd8
chr2	25085667	25095205	-	241275	Noxa1
chr2	25180758	25183339	+	67122	Nrarp
chr2	25192720	25196813	-	227612	Tor4a
chr2	25199712	25211489	-	58202	Nelfb
chr2	25212559	25214630	-	74472	Stpg3
chr2	25218745	25222281	+	68222	Fam166a
chr2	25222158	25224702	-	227613	Tubb4b
chr2	25228897	25234234	-	142681	Slc34a3
chr2	25234476	25236787	-	329360	Rnf224
chr2	25238819	25239897	-	67859	Cysrt1
chr2	25242929	25244261	+	68846	Rnf208
chr2	25244813	25255414	-	78797	Ndor1
chr2	25255439	25256352	+	227615	Tmem203
chr2	25262598	25269886	+	97031	Tprn
chr2	25271039	25272418	-	68475	Ssna1
chr2	25272466	25285916	+	99152	Anapc2
chr2	25288145	25289187	+	78217	Tmem210
chr2	25289911	25291193	+	227618	Lrrc26
chr2	25291177	25319187	-	14810	Grin1
chr2	25291220	25298928	+	320354	Grin1os
chr2	25327450	25332571	-	100272219	AA543186
chr2	25332743	25352213	+	227619	Man1b1
chr2	25352290	25356332	-	83768	Dpp7
chr2	25361492	25365626	-	227620	Uap1l1
chr2	25372035	25378213	+	72080	Sapcd2
chr2	25395874	25401323	+	12496	Entpd2
chr2	25403050	25409494	+	18146	Npdc1
chr2	25423242	25426374	+	14347	Fut7
chr2	25428674	25448539	+	11305	Abca2
chr2	25442779	25442834	+	100526555	Mir3087
chr2	25456843	25458772	+	69454	Clic3
chr2	25459488	25461094	-	227622	Paxx
chr2	25466712	25469749	-	19215	Ptgds
chr2	25490845	25493911	-	77701	Lcn12
chr2	25498650	25501719	-	69379	C8g
chr2	25500778	25505470	+	30839	Fbxw5
chr2	25517982	25546940	-	22030	Traf2
chr2	25557900	25562082	+	59022	Edf1
chr2	25563115	25571316	-	381352	Mamdc4
chr2	25573431	25574871	-	75454	Phpt1
chr2	25575416	25580099	-	381353	Ajm1
chr2	25583018	25608446	-	227624	Rabl6
chr2	25608629	25617678	-	77058	Ccdc183
chr2	25620066	25622005	-	51875	Tmem141
chr2	25624667	25627974	-	14133	Fcna
chr2	25653118	25656217	+	78076	Lcn8
chr2	25657952	25662230	+	13863	Lcn5
chr2	25676786	25681608	+	620709	Lcn6
chr2	25682726	25686081	+	332578	Lcn10
chr2	25700074	25703326	+	227627	Obp2a
chr2	25706879	25707721	+	107771	Bmyc
chr2	25737009	25740097	+	383678	Obp2b
chr2	25765569	25768099	+	16820	Lcn3
chr2	25777017	25780279	+	227630	Lcn11
chr2	25784617	25787022	+	620858	Gm13539
chr2	25793967	25815836	-	71103	Glt6d1
chr2	25823153	25825537	+	77704	Lcn9
chr2	25842995	25847248	-	227631	Sohlh1
chr2	25863795	25918273	+	227632	Kcnt1
chr2	25926838	25983282	-	227634	Camsap1
chr2	25996958	26021760	-	98766	Ubac1
chr2	26055536	26122811	-	67991	Nacc2
chr2	26136807	26140506	-	109299	Tmem250-ps
chr2	26200212	26208249	-	16871	Lhx3
chr2	26209124	26237399	-	227638	Qsox2
chr2	26271647	26294557	-	329366	Ccdc187
chr2	26315533	26348237	+	67839	Gpsm1
chr2	26348118	26352110	-	52838	Dnlz
chr2	26352312	26359547	-	332579	Card9
chr2	26362765	26380653	-	227644	Snapc4
chr2	26382800	26389316	-	68112	Entr1
chr2	26389348	26397121	+	66865	Pmpca
chr2	26396249	26409219	-	64436	Inpp5e
chr2	26409431	26445216	-	227648	Sec16a
chr2	26445945	26459379	+	100125929	0610009E02Rik
chr2	26457902	26503822	-	18128	Notch1
chr2	26470059	26470119	-	102465602	Mir6996
chr2	26503927	26505347	+	102639736	Gm35978
chr2	26581056	26592682	+	353156	Egfl7
chr2	26591357	26591429	+	387145	Mir126a
chr2	26591363	26591420	-	102465787	Mir126b
chr2	26593057	26604417	-	67512	Agpat2
chr2	26628457	26636497	+	56279	Fam69b
chr2	26637176	26640244	-	72091	Snhg7
chr2	26637847	26637985	-	100306955	Snora43
chr2	26639190	26639321	-	100306954	Snora17
chr2	26667674	26671282	-	16821	Lcn4
chr2	26842503	26864995	-	80908	Abo
chr2	26890772	26902813	-	20935	Surf6
chr2	26905267	26910642	-	20933	Med22
chr2	26910807	26913311	+	27176	Rpl7a
chr2	26913378	26916530	-	20930	Surf1
chr2	26916421	26920172	+	20931	Surf2
chr2	26920041	26933511	-	20932	Surf4
chr2	26934069	26953496	+	279029	Stkld1
chr2	26953563	26964386	-	227656	Rexo4
chr2	26973416	27009625	+	279028	Adamts13
chr2	27009926	27021089	+	381356	Cacfd1
chr2	27021365	27027998	-	227659	Slc2a6
chr2	27061636	27072161	-	66139	Mymk
chr2	27079381	27108613	+	77794	Adamtsl2
chr2	27110379	27142477	-	109349	Fam163b
chr2	27144898	27162703	-	329371	Dbhos
chr2	27165507	27183204	+	13166	Dbh
chr2	27188393	27247303	-	192166	Sardh
chr2	27262104	27427608	-	22325	Vav2
chr2	27442519	27444253	+	100504116	Brd3os
chr2	27445581	27507662	-	67382	Brd3
chr2	27450549	27450630	-	102466836	Mir7578
chr2	27515147	27536535	+	140858	Wdr5
chr2	27677201	27763319	+	20181	Rxra
chr2	27886425	28039510	+	12831	Col5a1
chr2	28076479	28084878	-	14134	Fcnb
chr2	28193093	28230736	+	56177	Olfm1
chr2	28447941	28455508	+	241289	Ppp1r26
chr2	28462001	28466324	-	69327	1700007K13Rik
chr2	28467961	28471177	+	118451	Mrps2
chr2	28496891	28505415	+	227671	Gbgt1
chr2	28513167	28553082	+	19730	Ralgds
chr2	28555819	28563403	-	12613	Cel
chr2	28566245	28583279	-	70239	Gtf3c5
chr2	28609450	28621982	-	14582	Gfi1b
chr2	28641233	28691172	+	64930	Tsc1
chr2	28692080	28699651	-	69987	Spaca9
chr2	28700161	28813165	+	68870	Ak8
chr2	28733278	28733351	+	100526498	Mir3088
chr2	28822299	28840360	-	269252	Gtf3c4
chr2	28840406	28905575	+	227674	Ddx31
chr2	28907680	28916440	-	54422	Barhl1
chr2	28955481	29055066	-	329375	Cfap77
chr2	29060263	29087650	+	22130	Ttf1
chr2	29124992	29182471	+	269254	Setx
chr2	29194726	29248099	-	171171	Ntng2
chr2	29243238	29252040	-	76220	6530402F18Rik
chr2	29346810	29524790	+	68975	Med27
chr2	29475215	29475294	-	102465170	Mir133c
chr2	29619720	29740363	+	107746	Rapgef1
chr2	29761224	29787671	-	227682	Trub2
chr2	29761528	29764089	+	433416	Gm13547
chr2	29788263	29797743	+	227683	Coq4
chr2	29802680	29817522	+	26569	Slc27a4
chr2	29827389	29844996	+	68205	Urm1
chr2	29845631	29845727	-	723904	Mir219a-2
chr2	29845647	29845711	+	102466839	Mir219b
chr2	29869494	29882840	+	99151	Cercam
chr2	29889720	29931746	+	18286	Odf2
chr2	29935409	29959432	+	74412	Gle1
chr2	29965560	30031451	+	20740	Sptan1
chr2	29995950	29996020	+	102465603	Mir6997
chr2	30031551	30048879	-	71820	Wdr34
chr2	30061996	30072577	+	56086	Set
chr2	30077743	30091019	+	263803	Pkn3
chr2	30090944	30093635	-	66220	Zdhhc12
chr2	30097283	30124611	-	227693	Zer1
chr2	30133871	30152013	+	70296	Tbc1d13
chr2	30171524	30174069	+	13804	Endog
chr2	30173447	30178459	-	227695	Spout1
chr2	30185126	30205699	-	70266	Kyat1
chr2	30237197	30237631	-	67350	1700084E18Rik
chr2	30237769	30263790	+	241296	Lrrc8a
chr2	30266203	30282149	+	227696	Phyhd1
chr2	30284229	30286354	-	227697	Dolk
chr2	30286433	30344262	+	227699	Nup188
chr2	30344777	30359316	-	227700	Sh3glb2
chr2	30364233	30385519	+	108958	Miga2
chr2	30392254	30400529	+	57170	Dolpp1
chr2	30400476	30415748	-	12908	Crat
chr2	30416050	30447807	+	110854	Ptpa
chr2	30472631	30474199	-	72500	Ier5l
chr2	30595044	30608945	+	78617	Cstad
chr2	30658164	30678011	-	665635	Gm14486
chr2	30721210	30721293	+	100526499	Mir3089
chr2	30795563	30803664	-	73598	1700001O22Rik
chr2	30807977	30823014	+	66617	Ntmt1
chr2	30823097	30828300	-	72323	Asb6
chr2	30845367	30881247	+	20204	Prrx2
chr2	30889471	30903297	-	64292	Ptges
chr2	30953001	30959015	+	30934	Tor1b
chr2	30960561	30967918	-	30931	Tor1a
chr2	30972833	30981941	-	227707	BC005624
chr2	30982279	31022655	+	74270	Usp20
chr2	31026206	31142008	-	14269	Fnbp1
chr2	31146457	31152291	-	320973	D330023K18Rik
chr2	31152316	31216567	+	277463	Gpr107
chr2	31245923	31295472	+	14299	Ncs1
chr2	31470270	31520670	+	11898	Ass1
chr2	31572651	31617526	+	320267	Fubp3
chr2	31612421	31612484	+	102466214	Mir6998
chr2	31640037	31655795	+	381359	Prdm12
chr2	31670737	31681320	+	227715	Exosc2
chr2	31688537	31804362	+	11350	Abl1
chr2	31806168	31810580	-	227717	Qrfp
chr2	31813290	31846005	-	98970	Fibcd1
chr2	31887281	31946535	+	23928	Lamc3
chr2	31950303	31973442	+	108897	Aif1l
chr2	31974450	32053975	+	227720	Nup214
chr2	32050055	32084669	-	241303	Fam78a
chr2	32050946	32051008	+	102466844	Mir7674
chr2	32095651	32110820	+	227721	Plpp7
chr2	32151148	32234537	+	227723	Prrc2b
chr2	32236683	32255005	+	99011	Pomt1
chr2	32255002	32260105	-	22245	Uck1
chr2	32278805	32288069	-	72931	Swi5
chr2	32288253	32307921	+	99412	Golga2
chr2	32308471	32353329	-	13429	Dnm1
chr2	32318265	32318343	+	104795665	Gm23363
chr2	32318460	32318569	+	387239	Mir199b
chr2	32363010	32378313	+	68379	Ciz1
chr2	32379101	32381915	-	73737	1110008P14Rik
chr2	32384637	32387739	-	16819	Lcn2
chr2	32395890	32402740	+	96979	Ptges2
chr2	32414487	32451470	-	227731	Slc25a25
chr2	32450457	32455476	+	71254	Naif1
chr2	32535359	32569750	+	98952	Fam102a
chr2	32570858	32573571	+	13481	Dpm2
chr2	32575819	32583779	+	227733	Pip5kl1
chr2	32587078	32599696	+	20448	St6galnac4
chr2	32599709	32620809	+	50935	St6galnac6
chr2	32621758	32635058	+	11636	Ak1
chr2	32646595	32682669	+	13805	Eng
chr2	32652329	32652414	+	100316776	Mir1954
chr2	32682609	32694175	-	14287	Fpgs
chr2	32705782	32712784	-	107951	Cdk9
chr2	32712807	32712888	-	100499514	Mir2861
chr2	32712900	32712972	-	100628606	Mir3960
chr2	32721055	32755007	+	27387	Sh2d3c
chr2	32732620	32741016	-	70730	6330409D20Rik
chr2	32757026	32775633	-	338348	Ttc16
chr2	32757234	32762244	+	30933	Tor2a
chr2	32775821	32790171	+	329384	Ptrh1
chr2	32777413	32784405	-	227736	Cfap157
chr2	32787607	32847237	-	20910	Stxbp1
chr2	32876134	32925253	+	227737	Fam129b
chr2	32925215	32961255	-	227738	Lrsam1
chr2	32961712	32964045	+	269261	Rpl12
chr2	32963301	32963418	+	104367	Snora65
chr2	32972989	32982056	-	56017	Slc2a8
chr2	32986366	33131436	-	99326	Garnl3
chr2	33133419	33371494	-	241308	Ralgps1
chr2	33215961	33247714	+	26360	Angptl2
chr2	33406108	33431324	-	241311	Zbtb34
chr2	33450287	33468532	-	71834	Zbtb43
chr2	33564536	33640511	-	16917	Lmx1b
chr2	33641193	33646349	+	100504399	C130021I20Rik
chr2	33729956	33887946	-	72543	Mvb12b
chr2	33805816	33813591	+	320482	Nron
chr2	34018289	34107735	-	329387	C230014O12Rik
chr2	34171457	34372045	-	18516	Pbx3
chr2	34406771	34624958	+	227743	Mapkap1
chr2	34676967	34755232	-	66691	Gapvd1
chr2	34772090	34776529	+	14828	Hspa5
chr2	34778666	34799912	-	227746	Rabepk
chr2	34804364	34826235	-	30050	Fbxw2
chr2	34852089	34870962	-	66998	Psmd5
chr2	34874396	34892133	+	77996	Cutal
chr2	34893755	34913976	-	74016	Phf19
chr2	34941750	34961772	-	22029	Traf1
chr2	34983331	35061441	-	15139	Hc
chr2	35081861	35100685	-	98870	AI182371
chr2	35109492	35178822	+	26920	Cntrl
chr2	35180205	35201120	-	68365	Rab14
chr2	35256359	35307902	+	227753	Gsn
chr2	35313990	35337009	-	13830	Stom
chr2	35354218	35367729	-	75859	4930568D16Rik
chr2	35375562	35397174	-	74854	4930402F06Rik
chr2	35400179	35461449	-	14594	Ggta1
chr2	35549534	35558702	-	100042194	Gm13446
chr2	35558458	35730994	+	69601	Dab2ip
chr2	35751226	35979624	-	74410	Ttll11
chr2	35819190	35823385	+	77665	9030204H09Rik
chr2	36036334	36049292	-	68375	Ndufa8
chr2	36049473	36079709	+	75495	Morn5
chr2	36081953	36105408	-	16874	Lhx6
chr2	36116079	36136704	-	67889	Rbm18
chr2	36136398	36190284	+	67871	Mrrf
chr2	36230426	36252272	+	19224	Ptgs1
chr2	36376778	36377698	+	258949	Olfr338
chr2	36421400	36422329	+	258951	Olfr339
chr2	36452587	36453525	+	258953	Olfr340
chr2	36479187	36480128	-	258952	Olfr341
chr2	36527414	36528352	+	258950	Olfr342
chr2	36568600	36569529	+	258621	Olfr344
chr2	36640041	36640976	+	258947	Olfr345
chr2	36688004	36688933	+	258940	Olfr346
chr2	36734323	36735261	+	258945	Olfr347
chr2	36786527	36787468	+	258946	Olfr348
chr2	36793238	36794176	+	18350	Olfr50
chr2	36812149	36813090	-	18328	Olfr3
chr2	36850048	36850986	+	258620	Olfr350
chr2	36859414	36860346	-	258944	Olfr351
chr2	36869568	36870515	+	258942	Olfr352
chr2	36889911	36890846	-	258943	Olfr353
chr2	36906948	36907901	+	258941	Olfr354
chr2	36927180	36928112	-	258618	Olfr355
chr2	36937121	36938068	+	258617	Olfr356
chr2	36996812	36997738	+	258616	Olfr357
chr2	37004620	37005612	-	227789	Olfr358
chr2	37068307	37069260	+	258615	Olfr360
chr2	37084778	37085746	-	258365	Olfr361
chr2	37104695	37105648	-	259053	Olfr362
chr2	37201243	37202181	+	258656	Olfr365
chr2	37219491	37220420	+	236509	Olfr366
chr2	37266951	37271387	+	545417	Olfr367-ps
chr2	37331749	37332732	+	258371	Olfr368
chr2	37350074	37359332	-	67466	Pdcl
chr2	37370069	37422903	-	319817	Rc3h2
chr2	37400061	37400128	-	100217435	Snord90
chr2	37425500	37443121	-	241322	Zbtb6
chr2	37432168	37443121	-	320633	Zbtb26
chr2	37443285	37566437	+	227800	Rabgap1
chr2	37483231	37703348	-	20744	Strbp
chr2	37516626	37519281	+	338346	Gpr21
chr2	37688201	37688284	-	100628597	Mir5128
chr2	37776249	37799103	+	241324	Crb2
chr2	37798990	38287384	-	227801	Dennd1a
chr2	38339281	38369737	+	16870	Lhx2
chr2	38511697	38587490	+	59126	Nek6
chr2	38588046	38643906	-	19177	Psmb7
chr2	38692656	38714542	-	26423	Nr5a1
chr2	38723374	38926503	-	14536	Nr6a1
chr2	38852735	38852810	+	387176	Mir181a-2
chr2	38853830	38853918	+	723903	Mir181b-2
chr2	38931980	38960585	+	241327	Olfml2a
chr2	38998309	39001584	+	76646	Wdr38
chr2	39001581	39005131	-	66489	Rpl35
chr2	39008139	39015872	+	74192	Arpc5l
chr2	39016156	39065541	-	76899	Golga1
chr2	39066214	39190730	-	320271	Scai
chr2	39157486	39162235	-	100042584	Gm16523
chr2	39196798	39226338	-	67857	Ppp6c
chr2	40596773	42653598	-	94217	Lrp1b
chr2	42447439	42447568	-	102465171	Mir6336
chr2	43555325	43683048	+	70789	Kynu
chr2	43748824	44395953	+	76117	Arhgap15
chr2	44059238	44065324	-	320872	Arhgap15os
chr2	44564412	44927236	-	227835	Gtdc1
chr2	44983512	45117395	-	24136	Zeb2
chr2	45023100	45023177	-	100628598	Mir5129
chr2	45111138	45114087	+	433424	Zeb2os
chr2	45696605	45698447	+	69405	1700019E08Rik
chr2	48814109	48903264	+	11480	Acvr2a
chr2	48902754	48949267	-	26428	Orc4
chr2	48949508	49318074	+	109241	Mbd5
chr2	49451486	49551609	+	227867	Epc2
chr2	49619314	49774778	+	16574	Kif5c
chr2	49787686	49948846	+	71897	Lypd6b
chr2	50066429	50193569	+	320343	Lypd6
chr2	50279881	50296677	-	109129	Mmadhc
chr2	50296810	50433967	+	100502624	Gm13483
chr2	50909684	50911846	+	227885	Gm13498
chr2	51130439	51149111	-	74194	Rnd3
chr2	51241831	51295945	+	329404	Gm13497
chr2	51421050	51437900	-	73375	1700057H21Rik
chr2	51627511	51628407	+	387511	Tas2r134
chr2	51656966	51732009	-	433426	Gm13490
chr2	51924448	51935009	-	71684	Rbm43
chr2	51948499	51973208	-	64685	Nmi
chr2	52038113	52056681	+	21930	Tnfaip6
chr2	52072837	52122381	+	51869	Rif1
chr2	52136647	52338798	-	17996	Neb
chr2	52291002	52315240	+	78049	4930573O16Rik
chr2	52397951	52424874	-	75423	Arl5a
chr2	52428320	52676609	-	12298	Cacnb4
chr2	52692206	52742149	-	56324	Stam2
chr2	52857868	53134202	+	71409	Fmnl2
chr2	53138475	53191228	-	56194	Prpf40a
chr2	53191432	53219221	+	65103	Arl6ip6
chr2	54084093	54085552	-	67874	Rprm
chr2	54436387	55117744	+	271786	Galnt13
chr2	55435970	55598145	+	16519	Kcnj3
chr2	56785811	56785907	+	102465169	Mir195b
chr2	57107226	57124003	-	18227	Nr4a2
chr2	57127477	57181754	-	767815	BB557941
chr2	57181831	57188257	+	75279	4930555B11Rik
chr2	57237678	57370719	+	14571	Gpd2
chr2	57998155	58039228	+	241391	Galnt5
chr2	58045115	58052752	-	77767	Ermn
chr2	58129139	58195531	-	227929	Cytip
chr2	58163974	58177063	+	100042926	Gm13546
chr2	58267453	58357758	-	269275	Acvr1c
chr2	58276779	58286902	+	100502932	Gm13544
chr2	58388644	58566828	-	11477	Acvr1
chr2	58567334	58792971	+	76654	Upp2
chr2	58821697	59160627	-	227933	Ccdc148
chr2	59160850	59355205	+	227937	Pkp4
chr2	59382493	59386682	-	76676	5330411J11Rik
chr2	59484653	59505020	+	76747	Dapl1
chr2	59612042	59846213	+	66860	Tanc1
chr2	59852364	59882606	-	72137	Wdsub1
chr2	59899363	60125810	-	407823	Baz2b
chr2	60209936	60248385	+	57438	March7
chr2	60251993	60284484	-	66205	Cd302
chr2	60293760	60383231	-	17076	Ly75
chr2	60411525	60412574	+	100039176	Gm13580
chr2	60417543	60553308	-	18779	Pla2r1
chr2	60598292	60722603	-	16420	Itgb6
chr2	60751953	60963204	-	56878	Rbms1
chr2	60964376	60975151	-	100038493	Gm13582
chr2	61578586	61654171	+	21353	Tank
chr2	61711694	61800376	+	59029	Psmd14
chr2	61804453	61814114	+	21375	Tbr1
chr2	62046515	62326743	+	94229	Slc4a10
chr2	62330073	62412231	-	13482	Dpp4
chr2	62474530	62483653	-	14526	Gcg
chr2	62500936	62574021	-	14089	Fap
chr2	62595793	62646255	-	71586	Ifih1
chr2	62664327	62694109	+	227960	Gca
chr2	62702946	63184287	-	170738	Kcnh7
chr2	63525464	63575288	-	667257	Gm8541
chr2	63971508	64098038	-	60344	Fign
chr2	64912478	65022766	-	50915	Grb14
chr2	65088339	65239403	-	319876	Cobll1
chr2	65316633	65364026	-	320106	Slc38a11
chr2	65364296	65364400	-	102466151	Mir6337
chr2	65457118	65567492	-	20269	Scn3a
chr2	65668725	65767447	+	110876	Scn2a
chr2	65845767	66031546	+	77771	Csrnp3
chr2	66082766	66124793	-	14425	Galnt3
chr2	66184327	66256617	-	73668	Ttc21b
chr2	66270782	66440837	-	20265	Scn1a
chr2	66440880	66547472	+	100038743	Gm13629
chr2	66480080	66634962	-	20274	Scn9a
chr2	66673426	66784910	-	20272	Scn7a
chr2	67173834	67186212	+	383709	Gm1322
chr2	67184443	67526606	+	241431	Xirp2
chr2	67675457	67675516	+	102465706	Mir7224
chr2	67781043	67781140	+	102466627	Mir6335
chr2	68104672	68122882	+	26877	B3galt1
chr2	68210447	68471981	-	53416	Stk39
chr2	68582413	68616463	+	227998	4933409G03Rik
chr2	68657884	68748465	+	75721	4932414N04Rik
chr2	68861557	69111290	+	241447	Cers6
chr2	69135800	69189330	+	329416	Nostrin
chr2	69193895	69206213	-	66442	Spc25
chr2	69211073	69227993	+	14378	G6pc2
chr2	69238282	69342616	-	27413	Abcb11
chr2	69380462	69403086	+	241452	Dhrs9
chr2	69424335	69586067	-	14725	Lrp2
chr2	69647255	69667569	+	72569	Bbs5
chr2	69670120	69684239	+	228003	Klhl41
chr2	69686820	69712606	-	320720	Fastkd1
chr2	69722819	69754059	+	228005	Ppig
chr2	69758057	69789486	-	75051	Ccdc173
chr2	69789737	69797168	+	73373	Phospho2
chr2	69822370	69836651	+	277396	Klhl23
chr2	69861562	69871846	+	20823	Ssb
chr2	69871195	69885615	-	75422	Mettl5
chr2	69897246	70024010	+	68795	Ubr3
chr2	70039126	70429195	+	329421	Myo3b
chr2	70474923	70477726	+	64406	Sp5
chr2	70489940	70563357	-	68986	Gad1os
chr2	70508819	70540884	+	66748	Erich2
chr2	70562129	70602014	+	14415	Gad1
chr2	70661509	70691725	+	70231	Gorasp2
chr2	70712407	70825480	-	228012	Tlk1
chr2	70964561	71055606	-	228019	Mettl8
chr2	71055744	71099142	+	75763	Dcaf17
chr2	71118054	71142926	+	73649	Cybrd1
chr2	71211706	71263303	+	13427	Dync1i2
chr2	71274295	71367554	-	78830	Slc25a12
chr2	71389260	71441622	+	107435	Hat1
chr2	71453338	71525191	+	66559	Metap1d
chr2	71529445	71533981	+	13390	Dlx1
chr2	71530638	71537891	-	111970	Dlx1as
chr2	71543408	71546754	-	13392	Dlx2
chr2	71719417	71730966	+	381371	Platr26
chr2	71786939	71858427	+	16403	Itga6
chr2	71873224	71903858	+	228026	Pdk1
chr2	71981215	72257474	+	56508	Rapgef4
chr2	72285637	72442610	+	65964	Map3k20
chr2	72476219	72486890	+	66953	Cdca7
chr2	72703510	72729468	+	74541	8430437L04Rik
chr2	72745846	72813717	-	76218	6430710C18Rik
chr2	72936430	72980446	-	20687	Sp3
chr2	72979432	72989249	+	100503849	Sp3os
chr2	73092801	73214447	-	67059	Ola1
chr2	73271926	73275771	+	381373	Sp9
chr2	73283872	73312592	-	66935	Cir1
chr2	73312652	73337807	+	74616	Scrn3
chr2	73341506	73386480	-	68526	Gpr155
chr2	73429610	73529487	-	215280	Wipf1
chr2	73563281	73580338	-	11435	Chrna1
chr2	73584860	73589208	+	102633437	Chrna1os
chr2	73596526	73616012	+	329427	Chn1os3
chr2	73610660	73775346	-	108699	Chn1
chr2	73816509	73892639	-	11909	Atf2
chr2	73908447	73911326	-	228033	Atp5g3
chr2	74298940	74307717	-	73962	4930441J16Rik
chr2	74514837	74578948	-	69605	Lnpk
chr2	74652991	74659557	-	14029	Evx2
chr2	74668310	74671599	+	15433	Hoxd13
chr2	74675013	74677705	+	15432	Hoxd12
chr2	74679558	74687016	+	15431	Hoxd11
chr2	74691891	74695106	+	15430	Hoxd10
chr2	74697763	74700208	+	15438	Hoxd9
chr2	74704615	74707933	+	15437	Hoxd8
chr2	74710044	74716130	-	73429	Hoxd3os1
chr2	74711993	74748271	+	15434	Hoxd3
chr2	74721978	74729160	+	15436	Hoxd4
chr2	74726070	74726137	+	387144	Mir10b
chr2	74748422	74762896	-	102634678	Haglr
chr2	74752684	74753742	+	102634401	Gm14424
chr2	74762980	74765142	+	15429	Hoxd1
chr2	74825812	74876748	+	53375	Mtx2
chr2	75436057	75444179	-	77269	9430019J16Rik
chr2	75659259	75669407	+	229279	Hnrnpa3
chr2	75675513	75704663	-	18024	Nfe2l2
chr2	75832177	75931350	+	228061	Agps
chr2	75935849	75938462	-	72421	Ttc30b
chr2	75976172	75981967	-	78802	Ttc30a1
chr2	75991132	76338653	-	241489	Pde11a
chr2	76353942	76360453	-	13067	Cyct
chr2	76369984	76383768	+	241490	Rbm45
chr2	76406508	76600647	+	99031	Osbpl6
chr2	76629937	76647994	-	23992	Prkra
chr2	76650273	76658554	+	381375	Pjvk
chr2	76663034	76673098	-	14231	Fkbp7
chr2	76675315	76697335	+	83435	Plekha3
chr2	76703984	76982547	-	22138	Ttn
chr2	77009906	77170635	-	545428	Ccdc141
chr2	77180340	77280592	-	228071	Sestd1
chr2	77410622	77816816	-	241494	Zfp385b
chr2	77462644	77480938	+	100503106	Gm13944
chr2	77895653	77946356	-	80744	Cwc22
chr2	78051177	78194430	+	78158	4930440I19Rik
chr2	78237547	78302230	+	329436	Gm14461
chr2	78869047	78920583	+	22193	Ube2e3
chr2	79255426	79333114	+	16401	Itga4
chr2	79332491	79456636	-	228094	Cerkl
chr2	79452641	79456636	-	18012	Neurod1
chr2	79635425	79672966	+	70599	Itprid2
chr2	79707780	79818546	+	75276	Ppp1r1c
chr2	79834453	80129412	-	18573	Pde1a
chr2	80292470	80295358	+	320769	Prdx6b
chr2	80315466	80354055	+	66861	Dnajc10
chr2	80391364	80398216	+	100503167	Gm13752
chr2	80411970	80447396	-	20378	Frzb
chr2	80500512	80581182	-	50884	Nckap1
chr2	80617214	80631661	+	68082	Dusp19
chr2	80628705	80628790	-	735274	Mir684-1
chr2	80638812	80660071	+	69482	Nup35
chr2	82053658	82259879	+	241514	Zfp804a
chr2	82375362	82392202	-	228116	A130030D18Rik
chr2	83644578	83664617	+	69082	Zc3h15
chr2	83724397	83806917	+	16410	Itgav
chr2	83812728	83881358	+	241520	Fam171b
chr2	83915079	83941226	-	71861	Zswim2
chr2	84330626	84425266	-	54598	Calcrl
chr2	84432860	84476775	-	21788	Tfpi
chr2	84500748	84506873	-	672763	Gm13710
chr2	84600781	84650740	-	12388	Ctnnd1
chr2	84659079	84668781	+	100270744	Btbd18
chr2	84669215	84670708	-	72657	Selenoh
chr2	84671311	84678828	-	66958	Tmx2
chr2	84678402	84688215	+	381379	Med19
chr2	84687920	84715164	-	228136	Zdhhc5
chr2	84723122	84727268	-	98985	Clp1
chr2	84734204	84737877	+	241525	Ypel4
chr2	84741115	84741178	-	387149	Mir130a
chr2	84765360	84775429	-	12258	Serping1
chr2	84798828	84810003	+	56791	Ube2l6
chr2	84811176	84822652	-	68678	Smtnl1
chr2	84827021	84830213	+	30059	Timm10
chr2	84839408	84863586	+	72401	Slc43a1
chr2	84871946	84886692	-	269295	Rtn4rl2
chr2	84936646	84958509	+	58207	Slc43a3
chr2	84980461	84983632	+	19074	Prg2
chr2	84988215	84993886	+	53856	Prg3
chr2	84996552	85035834	-	228139	P2rx3
chr2	85037120	85047114	+	20833	Ssrp1
chr2	85050460	85073048	+	228140	Tnks1bp1
chr2	85073614	85086461	-	74687	4930443O20Rik
chr2	85136360	85139923	+	23796	Aplnr
chr2	85162334	85196699	-	241528	Lrrc55
chr2	85330967	85331896	-	257951	Olfr987
chr2	85352995	85353924	-	258166	Olfr988
chr2	85399602	85400531	-	258865	Olfr992
chr2	85413933	85414877	-	258427	Olfr993
chr2	85429883	85430827	-	258425	Olfr994
chr2	85438209	85439156	-	258426	Olfr995
chr2	85484092	85518935	-	228151	4833423E24Rik
chr2	85579215	85580282	+	258429	Olfr996
chr2	85590510	85591521	+	258428	Olfr998
chr2	85607964	85608908	-	257899	Olfr1000
chr2	85647363	85648319	-	258566	Olfr1002
chr2	85663377	85664455	-	27216	Olfr154
chr2	85674211	85678741	-	258563	Olfr1006
chr2	85689431	85690372	+	258866	Olfr1008
chr2	85721407	85722351	+	258565	Olfr1009
chr2	85753363	85754306	+	258255	Olfr1010
chr2	85759439	85760374	-	258561	Olfr1012
chr2	85769803	85770720	+	258757	Olfr1013
chr2	85776586	85777503	+	258562	Olfr1014
chr2	85785474	85786489	+	258564	Olfr1015
chr2	85799339	85800268	-	257915	Olfr1016
chr2	85822973	85823908	+	258579	Olfr1018
chr2	85840857	85841789	-	259017	Olfr1019
chr2	85849420	85850498	+	258573	Olfr1020
chr2	85868594	85869541	+	258582	Olfr1022
chr2	85886802	85887737	+	258580	Olfr1023
chr2	85904069	85905052	-	257900	Olfr1024
chr2	85923270	85924193	+	258577	Olfr1026
chr2	85951065	85952039	+	257936	Olfr1028
chr2	85975213	85976273	+	258154	Olfr1029
chr2	85979312	85984798	+	258581	Olfr1030
chr2	85991819	85992829	+	257916	Olfr1031
chr2	86007778	86008710	+	258572	Olfr1032
chr2	86020640	86044808	+	258571	Olfr1033
chr2	86046444	86047466	+	258216	Olfr1034
chr2	86074704	86075718	+	258245	Olfr1036
chr2	86084730	86085854	-	259151	Olfr1037
chr2	86120224	86123037	+	259015	Olfr1038-ps
chr2	86130702	86131661	-	257950	Olfr1039
chr2	86145791	86146732	-	404323	Olfr1040
chr2	86159345	86160441	-	257941	Olfr1042
chr2	86162003	86162947	-	258570	Olfr1043
chr2	86170871	86171815	-	259013	Olfr1044
chr2	86181150	86182109	-	18352	Olfr52
chr2	86197803	86198750	-	259019	Olfr1045
chr2	86216758	86217708	-	258575	Olfr1046
chr2	86228010	86228969	-	259014	Olfr1047
chr2	86235871	86236833	-	259016	Olfr1048
chr2	86254765	86255691	-	259018	Olfr1049
chr2	86275559	86276485	-	404324	Olfr1051
chr2	86297818	86298756	+	259012	Olfr1052
chr2	86314343	86315285	-	257974	Olfr1053
chr2	86332416	86333354	-	259021	Olfr1054
chr2	86346724	86347764	-	259023	Olfr1055
chr2	86355359	86356437	-	259020	Olfr1056
chr2	86374463	86375410	-	404325	Olfr1057
chr2	86385466	86386416	-	258386	Olfr1058
chr2	86413109	86414050	-	259022	Olfr1061
chr2	86422719	86423674	-	259082	Olfr1062
chr2	86445013	86446004	-	258403	Olfr1065
chr2	86455328	86456269	-	257880	Olfr1066
chr2	86482799	86483740	-	258400	Olfr228
chr2	86508461	86509402	+	258401	Olfr1076
chr2	86525661	86528427	-	625853	Olfr1077-ps1
chr2	86537966	86538913	-	258402	Olfr1079
chr2	86553181	86558138	-	258404	Olfr1080
chr2	86593885	86598809	-	404473	Olfr1082
chr2	86638765	86639718	-	258235	Olfr1084
chr2	86657515	86658456	-	258583	Olfr1085
chr2	86676399	86677331	-	258585	Olfr1086
chr2	86690032	86690973	-	258843	Olfr1087
chr2	86732675	86733610	-	257933	Olfr1089
chr2	86753795	86754736	-	258844	Olfr1090
chr2	86785732	86786700	+	258363	Olfr1093
chr2	86806021	86806997	-	257913	Olfr141
chr2	86828676	86829822	+	258362	Olfr1094
chr2	86850770	86851696	-	258725	Olfr1095
chr2	86890226	86892163	-	258840	Olfr1097
chr2	86922583	86923530	-	258842	Olfr1098
chr2	86958518	86959456	-	258764	Olfr1099
chr2	86977829	86978794	-	258587	Olfr1100
chr2	86988242	86989174	-	258584	Olfr1101
chr2	87001932	87002994	+	228228	Olfr1102
chr2	87021610	87022542	-	258763	Olfr1104
chr2	87033281	87034219	-	258085	Olfr1105
chr2	87048296	87049234	-	258747	Olfr1106
chr2	87071115	87072223	-	258841	Olfr1107
chr2	87092457	87093395	-	258762	Olfr1109
chr2	87107447	87108385	-	258766	Olfr259
chr2	87135381	87136319	-	258765	Olfr1110
chr2	87149720	87150659	-	258586	Olfr1111
chr2	87191689	87192645	+	258655	Olfr1112
chr2	87212894	87213874	+	404327	Olfr1113
chr2	87251840	87252941	+	258294	Olfr1115
chr2	87268846	87269769	+	257875	Olfr1116
chr2	87308764	87309759	+	404328	Olfr1118
chr2	87357446	87358390	+	259031	Olfr1120
chr2	87371534	87372478	+	258345	Olfr1121
chr2	87387707	87388687	+	259033	Olfr1122
chr2	87418050	87419021	+	258347	Olfr1123
chr2	87434489	87435445	+	259030	Olfr1124
chr2	87457167	87458111	+	258834	Olfr1126
chr2	87489088	87492418	-	347712	Pramel7
chr2	87508431	87510865	+	347711	Pramel6
chr2	87532035	87532958	+	110511	Olfr153
chr2	87544607	87545542	-	258346	Olfr1128
chr2	87575086	87576030	+	258111	Olfr1129
chr2	87606212	87608334	+	258835	Olfr1130
chr2	87628465	87629394	+	258652	Olfr1131
chr2	87634819	87635745	-	258833	Olfr1132
chr2	87645180	87646121	-	258348	Olfr1133
chr2	87655925	87658457	-	259032	Olfr1134
chr2	87671433	87672365	-	258654	Olfr1135
chr2	87692881	87693947	-	258653	Olfr1136
chr2	87710972	87711904	-	258101	Olfr1137
chr2	87737387	87738322	-	258632	Olfr1138
chr2	87746161	87747180	+	258635	Olfr1140
chr2	87753056	87753991	-	258630	Olfr1141
chr2	87782536	87783486	+	258640	Olfr152
chr2	87802391	87803335	+	258290	Olfr1143
chr2	87809822	87810799	+	258317	Olfr1145
chr2	87833041	87833985	+	258220	Olfr1148
chr2	87857177	87858103	+	258631	Olfr1151
chr2	87867993	87868925	+	258103	Olfr1152
chr2	87896177	87897133	+	258633	Olfr1153
chr2	87902742	87903674	-	258641	Olfr1154
chr2	87942682	87943626	-	258636	Olfr1155
chr2	87949190	87950265	-	258814	Olfr1156
chr2	87961952	87968257	-	258846	Olfr1157
chr2	87973707	87974663	-	117005	Olfr74
chr2	87990113	87991054	+	258639	Olfr1158
chr2	88005817	88006776	-	258643	Olfr1160
chr2	88024702	88025713	+	258845	Olfr1161
chr2	88034196	88035137	-	117004	Olfr73
chr2	88049678	88050622	-	258105	Olfr1162
chr2	88070365	88071407	-	258638	Olfr1163
chr2	88092855	88093966	-	258634	Olfr1164
chr2	88123360	88124993	-	258644	Olfr1166
chr2	88148984	88150083	-	258291	Olfr1167
chr2	88184879	88185817	+	258524	Olfr1168
chr2	88224080	88225030	-	258525	Olfr1170
chr2	88274109	88275047	-	404329	Olfr1173
chr2	88339567	88340514	+	258767	Olfr1176
chr2	88391249	88392220	+	258203	Olfr1178
chr2	88402009	88402932	-	258919	Olfr1179
chr2	88411627	88412689	-	258920	Olfr1180
chr2	88423088	88424023	-	258060	Olfr1181
chr2	88446019	88449121	-	258167	Olfr1182
chr2	88461342	88462253	+	258522	Olfr1183
chr2	88486734	88487669	+	258820	Olfr1184
chr2	88525501	88526590	+	258523	Olfr1186
chr2	88559451	88560418	+	258921	Olfr1188
chr2	88591806	88592726	+	258768	Olfr1189
chr2	88677857	88678813	+	329460	Olfr1193
chr2	88682804	88683730	-	258748	Olfr1195
chr2	88700383	88701327	-	258456	Olfr1196
chr2	88728653	88729597	-	433449	Olfr1197
chr2	88745960	88746886	-	404330	Olfr1198
chr2	88755741	88756673	-	258450	Olfr1199
chr2	88767303	88768313	-	257887	Olfr1200
chr2	88794384	88795307	+	258897	Olfr1201
chr2	88817173	88818102	+	258454	Olfr1202
chr2	88829757	88832042	+	258898	Olfr1205
chr2	88851952	88852881	+	258455	Olfr1204
chr2	88864607	88865530	+	258896	Olfr1206
chr2	88896669	88897595	-	258774	Olfr1208
chr2	88909459	88910391	-	258453	Olfr1209
chr2	88929378	88930313	-	258025	Olfr1211
chr2	88958468	88959403	+	258241	Olfr1212
chr2	88972954	88980267	-	258900	Olfr1213
chr2	88987265	88988200	-	258899	Olfr1214
chr2	89001348	89002290	-	258451	Olfr1215
chr2	89013127	89014062	-	258895	Olfr1216
chr2	89022995	89024099	-	258903	Olfr1217
chr2	89054489	89055424	-	258815	Olfr1218
chr2	89074154	89075089	-	258901	Olfr1219
chr2	89096938	89097963	-	258902	Olfr1220
chr2	89111575	89112510	-	258904	Olfr1221
chr2	89124794	89125729	-	258177	Olfr1222
chr2	89144086	89151336	-	258894	Olfr1223
chr2	89170219	89171245	-	258893	Olfr1225
chr2	89193100	89194032	-	258969	Olfr1226
chr2	89248721	89249692	-	258973	Olfr1228
chr2	89282196	89283131	-	257921	Olfr1229
chr2	89296351	89297268	-	258785	Olfr1230
chr2	89302649	89303590	-	258446	Olfr1231
chr2	89325243	89326178	-	258320	Olfr1232
chr2	89339383	89340300	-	258974	Olfr1233
chr2	89362483	89363427	-	258975	Olfr1234
chr2	89406130	89407077	-	258786	Olfr1238
chr2	89417494	89418411	-	258972	Olfr1239
chr2	89439270	89440343	-	258804	Olfr1240
chr2	89482189	89483133	-	258447	Olfr1241
chr2	89493294	89494346	-	258970	Olfr1242
chr2	89527491	89528408	-	258971	Olfr1243
chr2	89574712	89575773	-	258784	Olfr1245
chr2	89590069	89591146	-	258788	Olfr1246
chr2	89609089	89610153	-	258968	Olfr1247
chr2	89617168	89618245	-	258787	Olfr1248
chr2	89629940	89630896	-	257984	Olfr1249
chr2	89656495	89657439	-	258967	Olfr1250
chr2	89666928	89667884	-	259145	Olfr1251
chr2	89721165	89722109	-	404331	Olfr1252
chr2	89751870	89752826	-	258370	Olfr1253
chr2	89788406	89789350	-	258468	Olfr1254
chr2	89816328	89817260	+	258979	Olfr1255
chr2	89835023	89835943	-	258985	Olfr1256
chr2	89844066	89844971	-	18347	Olfr48
chr2	89880828	89881757	+	258984	Olfr1257
chr2	89929811	89930746	+	258980	Olfr1258
chr2	89943184	89944113	-	258338	Olfr1259
chr2	89977780	89978712	+	258983	Olfr1260
chr2	89993395	89994315	+	258466	Olfr1261
chr2	90002408	90003322	+	258976	Olfr1262
chr2	90014932	90015852	+	258790	Olfr1263
chr2	90021138	90022064	-	258206	Olfr1264
chr2	90036921	90037850	+	258340	Olfr1265
chr2	90051414	90052322	-	57272	Olfr140
chr2	90118667	90119596	-	258339	Olfr1269
chr2	90138180	90142293	-	18331	Olfr32
chr2	90149019	90150036	-	258987	Olfr1270
chr2	90252069	90252986	-	406186	Olfr142
chr2	90265511	90266428	-	258789	Olfr1271
chr2	90281647	90282573	-	258982	Olfr1272
chr2	90400640	90401674	+	258330	Olfr1274-ps
chr2	90429756	90580647	-	19271	Ptprj
chr2	90677215	90736328	+	59015	Nup160
chr2	90745370	90781021	+	55935	Fnbp4
chr2	90782744	90834437	+	271813	Agbl2
chr2	90847155	90866810	+	56428	Mtch2
chr2	90885786	90890526	+	67445	C1qtnf4
chr2	90894636	90904721	-	68349	Ndufs3
chr2	90904740	90910561	+	67136	Kbtbd4
chr2	90910713	90918050	-	66461	Ptpmt1
chr2	90940397	91019497	+	13046	Celf1
chr2	91035627	91045729	+	19400	Rapsn
chr2	91054016	91059438	+	19182	Psmc3
chr2	91061781	91070315	-	68427	Slc39a13
chr2	91096678	91115759	+	20375	Spi1
chr2	91118144	91136516	+	17868	Mybpc3
chr2	91137360	91183818	-	228355	Madd
chr2	91184061	91195116	-	22259	Nr1h3
chr2	91202912	91214098	+	11432	Acp2
chr2	91211579	91237066	-	107986	Ddb2
chr2	91237146	91238357	+	606735	A330069E16Rik
chr2	91256165	91264680	+	80708	Pacsin3
chr2	91265115	91277371	+	77038	Arfgap2
chr2	91273240	91444714	-	228356	1110051M20Rik
chr2	91457531	91513901	+	228357	Lrp4
chr2	91526795	91620665	+	75786	Ckap5
chr2	91596081	91596178	+	100217458	Snord67
chr2	91625320	91636457	-	14061	F2
chr2	91643688	91649791	-	381410	Zfp408
chr2	91650118	91672325	+	228359	Arhgap1
chr2	91674612	91710592	-	51897	Atg13
chr2	91710950	91721566	+	241547	Harbi1
chr2	91730138	91918849	+	228361	Ambra1
chr2	91922189	91929829	+	12672	Chrm4
chr2	91929805	91932297	-	17242	Mdk
chr2	91932822	91965600	-	104418	Dgkz
chr2	91944870	91944930	-	102465604	Mir6999
chr2	91982328	92024170	-	26427	Creb3l1
chr2	92184182	92364666	+	192285	Phf21a
chr2	92191977	92192074	+	100316756	Mir1955
chr2	92365046	92371945	-	228366	Large2
chr2	92374676	92381220	+	18633	Pex16
chr2	92382918	92383603	+	75641	1700029I15Rik
chr2	92383676	92401263	-	19099	Mapk8ip1
chr2	92387384	92387446	-	102466783	Mir7000
chr2	92403646	92434069	-	12953	Cry2
chr2	92408892	92432308	+	320507	D930015M05Rik
chr2	92452764	92460518	-	228368	Slc35c1
chr2	92592206	92592277	+	102466819	Mir7221
chr2	92594602	92594676	+	102465704	Mir7222
chr2	92599707	92615252	+	76969	Chst1
chr2	92915101	92956051	+	80976	Syt13
chr2	92974906	93046144	-	100042784	Prdm11
chr2	93029348	93033445	+	433456	4631405J19Rik
chr2	93187584	93201757	+	277414	Trp53i11
chr2	93201760	93334487	-	241556	Tspan18
chr2	93403547	93417830	+	639658	Gm13807
chr2	93419102	93462950	-	12521	Cd82
chr2	93421929	93422007	-	102465605	Mir7001
chr2	93452819	93469874	+	100038525	Gm10804
chr2	93642434	93681339	+	11695	Alx4
chr2	93661028	93822568	-	14043	Ext2
chr2	93833467	93849943	-	329470	Accs
chr2	93855360	93869157	-	381411	Accsl
chr2	93955810	93957100	-	620695	Gm13889
chr2	93980034	93983575	+	70852	Alkbh3os1
chr2	93980634	94010730	-	69113	Alkbh3
chr2	94032697	94157909	-	56348	Hsd17b12
chr2	94241364	94241453	-	723953	Mir129-2
chr2	94241378	94241442	+	102465777	Mir129b
chr2	94261300	94261399	-	735259	Mir670
chr2	94300766	94406689	-	74569	Ttc17
chr2	94406707	94411682	+	66457	2810002D19Rik
chr2	94411727	94438186	-	11800	Api5
chr2	96318169	97631664	+	241568	Lrrc4c
chr2	101560781	101649532	-	68170	B230118H07Rik
chr2	101624748	101632528	+	19374	Rag2
chr2	101638252	101649532	-	19373	Rag1
chr2	101678420	101701668	+	22034	Traf6
chr2	101714285	101838980	-	72446	Prr5l
chr2	101886262	101901639	+	76501	Commd9
chr2	101950201	102186460	-	241576	Ldlrad3
chr2	102300119	102400900	-	80985	Trim44
chr2	102449366	102451792	-	14221	Fjx1
chr2	102550021	102643041	+	210622	Pamr1
chr2	102658683	102790784	+	20511	Slc1a2
chr2	102743651	102746715	-	102637542	Gm13872
chr2	102811141	102901665	-	12505	Cd44
chr2	103021055	103073513	-	27402	Pdhx
chr2	103073675	103092649	+	56369	Apip
chr2	103263433	103303196	-	13661	Ehf
chr2	103338601	103372764	-	319854	A930006I01Rik
chr2	103377643	103389044	-	211039	BC016548
chr2	103412098	103450989	+	13711	Elf5
chr2	103453904	103485153	-	12359	Cat
chr2	103566310	103718423	+	99382	Abtb2
chr2	103721259	103761250	-	98956	Nat10
chr2	103762945	103797640	-	53872	Caprin1
chr2	103804452	103810622	-	78031	4930547E08Rik
chr2	103900951	103913968	+	100996933	Lincred1
chr2	103957995	103981878	+	16909	Lmo2
chr2	104027799	104063237	+	57443	Fbxo3
chr2	104069805	104091190	+	333883	Cd59b
chr2	104095801	104115410	+	12509	Cd59a
chr2	104122769	104124746	+	68243	A930018P22Rik
chr2	104143073	104410334	-	241589	D430041D05Rik
chr2	104426481	104494489	-	15259	Hipk3
chr2	104428861	104428940	-	100316678	Mir1902
chr2	104556658	104557719	+	668733	Gm13884
chr2	104559184	104571429	+	74959	Platr14
chr2	104590484	104665425	+	228410	Cstf3
chr2	104679980	104712162	-	320554	Tcp11l1
chr2	104713926	104716290	-	241593	Pin1rt1
chr2	104721784	104742801	-	211896	Depdc7
chr2	104754793	104816696	-	99003	Qser1
chr2	104830741	104849850	-	228413	Prrg4
chr2	104886324	104999737	+	211936	Ccdc73
chr2	104999656	105017027	-	98221	Eif3m
chr2	105076538	105126510	-	329480	Wt1os
chr2	105126529	105173614	+	22431	Wt1
chr2	105224342	105379860	+	74088	Them7
chr2	105385948	105399319	-	19672	Rcn1
chr2	105536080	105670330	-	402728	Pax6os1
chr2	105657862	105661343	-	103164605	Paupar
chr2	105668896	105698410	+	18508	Pax6
chr2	105697320	105904564	-	77766	Elp4
chr2	105904638	105965558	+	66541	Immp1l
chr2	105966708	106003549	-	99349	Dnajc24
chr2	106463823	106523103	-	329483	Gm14015
chr2	106642917	106650364	-	102640562	BB218582
chr2	106693459	106868360	+	77015	Mpped2
chr2	106962529	106974397	-	212772	Arl14ep
chr2	107055986	107059651	-	14308	Fshb
chr2	107290589	107298504	+	16492	Kcna4
chr2	109092300	109280726	-	76894	Mettl15
chr2	109280738	109341747	+	228421	Kif18a
chr2	109674700	109727043	+	12064	Bdnf
chr2	109890878	109900937	+	22343	Lin7c
chr2	109902396	109913319	-	100038454	Platr8
chr2	109917647	110014257	+	107515	Lgr4
chr2	110017817	110045325	+	68201	Ccdc34
chr2	110031250	110050479	-	75517	Ccdc34os
chr2	110265083	110305725	-	170442	Bbox1
chr2	110360925	110362993	-	67606	Fibin
chr2	110597299	110649345	+	241612	Slc5a12
chr2	110655201	110950244	-	228432	Ano3
chr2	110721494	110739537	+	269328	Muc15
chr2	111193254	111229600	-	67575	4930430A15Rik
chr2	111230853	111231791	-	257980	Olfr1275
chr2	111257117	111258055	+	258390	Olfr1276
chr2	111269454	111270365	-	258391	Olfr1277
chr2	111292270	111293211	+	258389	Olfr1278
chr2	111306201	111307142	+	258388	Olfr1279
chr2	111315481	111316398	+	258910	Olfr1280
chr2	111328421	111329338	+	257979	Olfr1281
chr2	111335159	111336076	-	258909	Olfr1282
chr2	111368634	111369551	+	228443	Olfr1283
chr2	111379002	111379937	+	258379	Olfr1284
chr2	111420032	111420949	-	277562	Olfr1286
chr2	111449142	111450059	+	257935	Olfr1287
chr2	111478786	111479724	+	258395	Olfr1288
chr2	111483432	111484328	+	258399	Olfr1289
chr2	111489218	111493815	-	257662	Olfr1290
chr2	111537349	111538287	-	258887	Olfr1294
chr2	111564504	111565442	-	258398	Olfr1295
chr2	111621134	111622072	-	258890	Olfr1297
chr2	111645057	111645995	-	258888	Olfr1298
chr2	111661453	111665166	+	258886	Olfr1299
chr2	111661453	111705461	+	258199	Olfr1300-ps1
chr2	111754251	111755189	+	258889	Olfr1301
chr2	111780313	111781260	+	258891	Olfr1302
chr2	111813786	111814724	-	258397	Olfr1303
chr2	111872915	111873853	-	258396	Olfr1305
chr2	111911990	111912928	-	258023	Olfr1306
chr2	111944516	111945454	-	257956	Olfr1307
chr2	111960109	111961071	-	258258	Olfr1308
chr2	111983134	111984096	-	258439	Olfr1309
chr2	112008246	112009184	-	258441	Olfr1310
chr2	112020914	112021852	-	258271	Olfr1311
chr2	112042077	112043030	-	258359	Olfr1312
chr2	112071646	112072581	-	258257	Olfr1313
chr2	112091761	112092699	-	258442	Olfr1314
chr2	112129871	112130815	-	258737	Olfr1316
chr2	112141947	112142897	+	258440	Olfr1317
chr2	112155898	112157007	+	258022	Olfr1318
chr2	112239841	112247111	+	99010	Lpcat4
chr2	112247948	112259291	-	213765	Nutm1
chr2	112261926	112262898	+	66181	Nop10
chr2	112266314	112406353	+	107723	Slc12a6
chr2	112363019	112368027	-	68032	Emc4
chr2	112379211	112414237	+	72425	Katnbl1
chr2	112455025	112467436	+	73024	Emc7
chr2	112479072	112480817	-	213788	Chrm5
chr2	112492964	112631253	+	74268	Aven
chr2	112631380	113217083	-	20192	Ryr3
chr2	113285732	113297190	+	75275	Tmco5b
chr2	113327736	113716767	+	14260	Fmn1
chr2	113691053	113708550	-	75166	4930533B01Rik
chr2	113748675	113758648	-	23892	Grem1
chr2	113776313	113829091	-	20394	Scg5
chr2	113831492	113848661	-	228482	Arhgap11a
chr2	114009601	114013619	-	14617	Gjd2
chr2	114013565	114064868	+	100303644	C130080G10Rik
chr2	114013565	114068324	+	320846	A530058N18Rik
chr2	114047282	114052875	-	11464	Actc1
chr2	114101161	114175339	-	11834	Aqr
chr2	114150516	114150570	-	102465982	Mir7002
chr2	114193461	114201432	-	228491	Zfp770
chr2	114516418	114654928	-	66632	Dph6
chr2	115329266	115344280	-	78193	4930528P14Rik
chr2	115493513	115512201	-	100043232	3110099E03Rik
chr2	115581716	115778768	+	399568	BC052040
chr2	115638725	115638813	+	100316703	Mir1951
chr2	115861264	116067444	-	17536	Meis2
chr2	116067225	116085911	+	654793	G630016G05Rik
chr2	116074548	116076096	-	69974	2810405F15Rik
chr2	116878691	116892500	+	67356	Tmco5
chr2	116900152	116912791	+	320975	D330050G23Rik
chr2	117121071	117182279	+	114715	Spred1
chr2	117185127	117185226	+	732489	Mir674
chr2	117249739	117271540	+	68215	Fam98b
chr2	117279993	117342877	-	19419	Rasgrp1
chr2	117804649	117812802	-	100504728	Gm13985
chr2	117821928	117909136	+	73938	4930412B13Rik
chr2	117857291	118111202	-	329496	Gm13986
chr2	118111876	118127133	+	21825	Thbs1
chr2	118204888	118256966	-	71313	Fsip1
chr2	118277098	118373419	-	381413	Gpr176
chr2	118304914	118308166	+	73358	1700054M17Rik
chr2	118388617	118475234	+	27103	Eif2ak4
chr2	118475843	118479696	-	20813	Srp14
chr2	118528757	118549678	-	171543	Bmf
chr2	118598211	118641592	+	12236	Bub1b
chr2	118663577	118698020	+	214230	Pak6
chr2	118699103	118703963	-	383787	Ankrd63
chr2	118707517	118728438	-	18796	Plcb2
chr2	118745758	118748810	+	100043272	Inafm2
chr2	118754145	118762661	-	214239	Ccdc9b
chr2	118772769	118778164	+	53906	Phgr1
chr2	118779719	118811293	+	214240	Disp2
chr2	118814003	118836212	+	51944	Knstrn
chr2	118862000	118881357	+	56357	Ivd
chr2	118901615	118924524	+	228536	Bahd1
chr2	118926497	118928585	+	72136	Chst14
chr2	119017779	119029393	-	269336	Ccdc32
chr2	119034790	119042198	+	271842	Rpusd2
chr2	119047119	119104121	+	76464	Knl1
chr2	119112817	119136070	+	19361	Rad51
chr2	119136998	119157034	-	67809	Rmdn3
chr2	119167788	119172389	+	320415	Gchfr
chr2	119172500	119208795	-	69408	Dnajc17
chr2	119174509	119177575	+	623781	Gm14137
chr2	119208720	119217050	+	72008	Zfyve19
chr2	119218119	119229865	-	72112	Ppp1r14d
chr2	119237360	119249514	+	20732	Spint1
chr2	119269201	119271226	-	228543	Rhov
chr2	119288742	119298453	+	228545	Vps18
chr2	119321199	119326197	-	100043609	Gm14207
chr2	119325784	119335666	+	54485	Dll4
chr2	119351242	119354326	+	69065	Chac1
chr2	119373042	119477629	-	68142	Ino80
chr2	119519404	119547627	-	241624	Exd1
chr2	119547707	119587024	+	56398	Chp1
chr2	119594296	119600746	+	66602	1700020I14Rik
chr2	119609532	119618505	-	70645	Oip5
chr2	119618298	119650160	+	108907	Nusap1
chr2	119655451	119662799	-	69702	Ndufaf1
chr2	119675068	119735407	+	76246	Rtf1
chr2	119742337	119751253	+	228550	Itpka
chr2	119751326	119760431	-	17005	Ltk
chr2	119763959	119787537	-	68925	Rpap1
chr2	119797740	119818104	+	22174	Tyro3
chr2	119872551	119969581	+	29808	Mga
chr2	119972699	120027403	+	26390	Mapkbp1
chr2	120017517	120017579	+	102466842	Mir7665
chr2	120027483	120034670	+	433466	Jmjd7
chr2	120027483	120043033	+	102238433	Gm28042
chr2	120033433	120043033	+	211429	Pla2g4b
chr2	120089487	120154575	-	98878	Ehd4
chr2	120166412	120245335	-	329502	Pla2g4e
chr2	120265869	120289069	-	78390	Pla2g4d
chr2	120299957	120314165	-	271844	Pla2g4f
chr2	120316461	120353133	-	269338	Vps39
chr2	120355309	120404116	-	211499	Tmem87a
chr2	120403896	120460866	+	76051	Ganc
chr2	120455698	120469367	-	70933	4931402G19Rik
chr2	120455993	120504919	+	12335	Capn3
chr2	120506830	120563831	-	20402	Zfp106
chr2	120567671	120600722	+	20619	Snap23
chr2	120604238	120609508	-	66606	Lrrc57
chr2	120609382	120621560	+	66296	Haus2
chr2	120716154	120731743	-	68968	Cdan1
chr2	120732816	120850584	-	140810	Ttbk2
chr2	120850656	120866690	+	100502700	AV039307
chr2	120860272	120970715	-	22222	Ubr1
chr2	120977062	121007843	+	96957	Tmem62
chr2	121008408	121016912	+	17151	Ccndbp1
chr2	121017891	121036877	-	13828	Epb42
chr2	121046111	121085759	-	74176	Tgm5
chr2	121093589	121116396	-	640543	Tgm7
chr2	121137292	121140698	-	329504	Lcmt2
chr2	121140428	121156680	+	75894	Adal
chr2	121158273	121171125	-	99334	Zscan29
chr2	121171168	121198770	+	51885	Tubgcp4
chr2	121193263	121271407	-	27223	Trp53bp1
chr2	121289602	121310832	+	17754	Map1a
chr2	121310561	121355077	-	327655	Ppip5k1
chr2	121357800	121363737	+	12716	Ckmt1
chr2	121363727	121387168	-	140476	Strc
chr2	121392631	121413792	-	212670	Catsper2
chr2	121413902	121438687	+	14827	Pdia3
chr2	121439027	121442861	-	269344	Ell3
chr2	121449198	121453420	+	378702	Serf2
chr2	121451177	121456764	-	574418	Serinc4
chr2	121457088	121458440	+	67693	Hypk
chr2	121461666	121474023	-	100034361	Mfap1b
chr2	121492681	121506656	-	67532	Mfap1a
chr2	121506723	121544860	+	241627	Wdr76
chr2	121545529	121807057	-	228564	Frmd5
chr2	121866970	121936220	+	319996	Casc4
chr2	121953771	121956092	-	17147	Mageb3
chr2	121956001	122015326	+	329506	Ctdspl2
chr2	122028580	122053632	+	78655	Eif3j1
chr2	122053526	122118386	-	214585	Spg11
chr2	122120108	122186189	-	67578	Patl2
chr2	122147687	122153082	+	12010	B2m
chr2	122160700	122179027	+	70928	Trim69
chr2	122186272	122206393	+	74401	Terb2
chr2	122234839	122265337	+	20322	Sord
chr2	122280437	122298165	-	214593	Duox2
chr2	122298900	122302885	+	66811	Duoxa2
chr2	122303549	122313730	-	213696	Duoxa1
chr2	122315672	122347972	+	99439	Duox1
chr2	122348892	122368918	-	435684	Shf
chr2	122426477	122461130	+	269346	Slc28a2
chr2	122466583	122467797	-	81913	Bambi-ps1
chr2	122484941	122528040	+	381417	Gm14085
chr2	122594473	122611277	-	67092	Gatm
chr2	122630625	122632704	+	214616	Spata5l1
chr2	122637887	122641076	+	433470	AA467197
chr2	122640803	122640881	+	387165	Mir147
chr2	122681233	122702663	-	22785	Slc30a4
chr2	122738505	122749487	+	18457	Bloc1s6
chr2	122765359	122809553	+	59010	Sqor
chr2	124089969	124667789	+	214968	Sema6d
chr2	124123636	124129956	-	74702	4930517E11Rik
chr2	124217679	124222358	-	75946	4930583P06Rik
chr2	125068127	125088677	+	317750	Slc24a5
chr2	125086271	125123660	-	17876	Myef2
chr2	125136692	125147841	+	381418	Ctxn2
chr2	125152600	125230002	+	20495	Slc12a1
chr2	125247248	125259049	+	110074	Dut
chr2	125300594	125507993	-	14118	Fbn1
chr2	125563088	125625113	-	99100	Cep152
chr2	125627447	125724148	-	271849	Shc4
chr2	125673100	125675643	+	58521	Eid1
chr2	125736986	125782870	-	70354	Secisbp2l
chr2	125830302	125859082	-	12848	Cops2
chr2	125859109	125984298	+	69976	Galk2
chr2	125983483	126152004	-	75823	Fam227b
chr2	126034658	126091185	+	14178	Fgf7
chr2	126152141	126165277	+	69185	Dtwd1
chr2	126320973	126500667	-	241633	Atp8b4
chr2	126553024	126588243	+	26458	Slc27a2
chr2	126593659	126618678	-	15186	Hdc
chr2	126628907	126676337	-	14391	Gabpb1
chr2	126707328	126759314	+	84092	Usp8
chr2	126733052	126783460	-	75083	Usp50
chr2	126791558	126876261	-	58800	Trpm7
chr2	126890391	126933235	-	66552	Sppl2a
chr2	126902250	126902385	-	102466258	Mir3473g
chr2	127008711	127069814	+	108011	Ap4e1
chr2	127070657	127097084	+	109778	Blvra
chr2	127103809	127133954	-	215387	Ncaph
chr2	127138769	127143457	-	73338	Itpripl1
chr2	127186355	127208280	-	329509	1810024B03Rik
chr2	127208404	127240451	+	320632	Snrnp200
chr2	127240938	127247816	-	26371	Ciao1
chr2	127247975	127260764	+	69470	Tmem127
chr2	127270229	127298934	+	99138	Stard7
chr2	127336159	127338377	+	13537	Dusp2
chr2	127338639	127357655	+	215095	Astl
chr2	127363286	127367221	+	11552	Adra2b
chr2	127425199	127436092	+	215456	Gpat2
chr2	127436215	127444565	-	68126	Fahd2a
chr2	127456498	127522094	-	56461	Kcnip3
chr2	127526953	127541417	-	192212	Prom2
chr2	127575533	127584677	-	72180	Zfp661
chr2	127587426	127603986	+	77721	Mrps5
chr2	127633226	127656695	-	17153	Mal
chr2	127704390	127729897	-	228576	Mall
chr2	127740732	127788891	-	53885	Nphp1
chr2	127791377	127792488	-	67885	Mtln
chr2	127800200	127831859	-	12235	Bub1
chr2	127854628	128123893	+	74121	Acoxl
chr2	128126038	128162547	+	12125	Bcl2l11
chr2	128298663	128429589	-	100043424	Gm14005
chr2	128592341	128596843	+	241634	Spdye4c
chr2	128610083	128687395	-	17222	Anapc1
chr2	128698997	128802188	+	17289	Mertk
chr2	128818303	128854261	+	72477	Tmem87b
chr2	128863932	128897034	+	70370	Fbln7
chr2	128926268	128944020	-	57432	Zc3h8
chr2	128967402	129018563	+	78751	Zc3h6
chr2	129065947	129096283	+	69737	Ttl
chr2	129100996	129126595	+	20017	Polr1b
chr2	129129700	129134112	+	66170	Chchd5
chr2	129178148	129180673	-	100048701	AI847159
chr2	129198773	129211615	+	20515	Slc20a1
chr2	129218969	129235606	+	329513	A730036I17Rik
chr2	129268210	129297212	-	70466	Ckap2l
chr2	129297370	129307826	+	100503468	Gm14023
chr2	129299610	129309972	-	16175	Il1a
chr2	129364578	129371139	-	16176	Il1b
chr2	129369902	129375733	+	329514	Il1bos
chr2	129458359	129536602	-	228592	F830045P16Rik
chr2	129592839	129632228	+	19261	Sirpa
chr2	129686549	129699938	-	18610	Pdyn
chr2	129798369	129801459	-	654409	Stk35os1
chr2	129800517	129832287	+	67333	Stk35
chr2	130012340	130050399	+	21818	Tgm3
chr2	130016292	130016408	-	102466628	Mir6339
chr2	130100394	130103375	+	99169	AU015228
chr2	130112416	130154232	+	241636	Tgm6
chr2	130171636	130179364	-	20638	Snrpb
chr2	130195194	130264445	+	192140	Tmc2
chr2	130274412	130279313	+	67134	Nop56
chr2	130275515	130275573	+	100217452	Snord110
chr2	130278026	130278088	+	100217428	Snord57
chr2	130279309	130284451	-	170718	Idh3b
chr2	130295939	130370481	+	228598	Ebf4
chr2	130390775	130397629	-	56264	Cpxm1
chr2	130405259	130406074	+	75656	1700020A23Rik
chr2	130406522	130407794	+	66766	Tmem239
chr2	130417684	130424701	-	319513	Pced1a
chr2	130424320	130444269	+	80743	Vps16
chr2	130450278	130554300	+	19262	Ptpra
chr2	130543791	130563749	-	321014	4930473A02Rik
chr2	130563757	130565394	+	99045	Mrps26
chr2	130576169	130577054	+	18429	Oxt
chr2	130580620	130582588	-	11998	Avp
chr2	130589996	130630038	-	140629	Ubox5
chr2	130599514	130630038	-	380601	Fastkd5
chr2	130632765	130642844	-	241638	Lzts3
chr2	130654083	130664645	-	77006	Ddrgk1
chr2	130667841	130681614	+	16434	Itpa
chr2	130684108	130697519	-	269356	Slc4a11
chr2	130706200	130840145	-	228602	4930402H24Rik
chr2	130801966	130804101	-	100043766	Gm14057
chr2	130872541	130906396	-	613258	A730017L22Rik
chr2	130906496	131030329	+	11990	Atrn
chr2	131039632	131043088	-	14588	Gfra4
chr2	131040319	131040398	-	102465606	Mir6973b
chr2	131050822	131063814	-	110751	Adam33
chr2	131069220	131086765	-	20612	Siglec1
chr2	131127412	131145985	+	72630	Hspa12b
chr2	131146315	131160081	-	67326	1700037H04Rik
chr2	131170261	131174810	-	70997	Spef1
chr2	131177289	131180067	-	12616	Cenpb
chr2	131186948	131198511	+	12531	Cdc25b
chr2	131210360	131213514	+	69596	Ap5s1
chr2	131234063	131248025	+	228607	Mavs
chr2	131262500	131299188	+	74450	Pank2
chr2	131288052	131288137	+	723825	Mir103-2
chr2	131298488	131352892	-	51902	Rnf24
chr2	131491862	131525183	+	228608	Smox
chr2	131545357	131562285	-	11550	Adra1d
chr2	131820006	131847656	-	414081	5330413P13Rik
chr2	131853678	131859747	-	71995	Erv3
chr2	131909928	131938436	+	19122	Prnp
chr2	131909928	131956131	+	111368	Prn
chr2	131950861	131956131	+	26434	Prnd
chr2	131992850	132029988	-	215653	Rassf2
chr2	132052496	132145108	-	54338	Slc23a2
chr2	132239492	132247788	-	70612	Tmem230
chr2	132249286	132253180	-	18538	Pcna
chr2	132263148	132312050	+	110911	Cds2
chr2	132370329	132385447	-	246313	Prokr2
chr2	132424741	132452499	+	70845	4921508D12Rik
chr2	132490716	132524057	+	70371	1700026D11Rik
chr2	132529082	132578248	-	74182	Gpcpd1
chr2	132598196	132653067	+	767814	AU019990
chr2	132686882	132751055	+	73747	Shld1
chr2	132781278	132795072	+	12653	Chgb
chr2	132804215	132816054	-	66926	Trmt6
chr2	132816141	132844197	+	66634	Mcm8
chr2	132846666	132866773	+	66586	Crls1
chr2	132868516	132880862	-	320974	Lrrn4
chr2	132904179	132946036	-	241639	Fermt1
chr2	133552159	133562896	+	12156	Bmp2
chr2	133564708	133564794	+	100526500	Mir3090
chr2	134497361	134554352	-	15112	Hao1
chr2	134594501	134644121	-	52837	Tmx4
chr2	134786164	135475258	+	18795	Plcb1
chr2	135169573	135215616	-	78805	4930545L23Rik
chr2	135580530	135583220	-	320684	9630028H03Rik
chr2	135659547	136013068	+	18798	Plcb4
chr2	136057927	136069917	+	76161	Lamp5
chr2	136081088	136387967	-	241656	Pak7
chr2	136501910	136562098	+	319196	Ankef1
chr2	136713450	136782428	+	20614	Snap25
chr2	136873780	136891406	-	59030	Mkks
chr2	136891218	137069778	+	74243	Slx4ip
chr2	137081451	137116520	-	16449	Jag1
chr2	138256584	138287422	+	228662	Btbd3
chr2	138819929	138820007	+	100316816	Mir1952
chr2	139493913	139637674	+	228677	Sptlc3
chr2	139678178	139758581	+	319909	Ism1
chr2	139833479	140066805	-	75812	Tasp1
chr2	140119881	140170558	-	66580	Esf1
chr2	140170646	140205252	+	69487	Ndufaf5
chr2	140229858	140389710	-	228684	Sel1l2
chr2	140395430	142390050	+	72899	Macrod2
chr2	140658198	140671476	-	71436	Flrt3
chr2	142618345	142901464	-	16558	Kif16b
chr2	142902965	142903572	+	75053	Kif16bos
chr2	143063069	143072052	+	20639	Snrpb2
chr2	143078492	143081700	+	57329	Otor
chr2	143535476	143547837	-	378776	Pcsk2os1
chr2	143546133	143816284	+	18549	Pcsk2
chr2	143747583	143789186	-	378775	Pcsk2os2
chr2	143826528	143863173	-	12075	Bfsp1
chr2	143915331	143943324	+	56431	Dstn
chr2	143947395	144011263	-	81910	Rrbp1
chr2	144033102	144073979	+	403171	Banf2
chr2	144173150	144189290	-	433481	Gm5535
chr2	144250123	144270902	-	69178	Snx5
chr2	144265982	144266202	-	100313519	Snord17
chr2	144270904	144281227	+	74528	Mgme1
chr2	144305175	144332080	-	107586	Ovol2
chr2	144368983	144407675	+	228714	Kat14
chr2	144459280	144467794	+	668917	Zfp133-ps
chr2	144465176	144466732	+	171588	Gm38402
chr2	144470557	144527398	-	241688	Dzank1
chr2	144527745	144541779	+	70408	Polr3f
chr2	144542265	144550859	-	26450	Rbbp9
chr2	144556229	144590753	+	27054	Sec23b
chr2	144594065	144595365	+	228715	Smim26
chr2	144599953	144768747	+	66044	Dtd1
chr2	144823666	144824415	+	66328	Scp2d1
chr2	145168113	145641953	+	94249	Slc24a3
chr2	145549455	145554982	-	627302	Gm14092
chr2	145675525	145753672	+	408057	BC039771
chr2	145786116	145887616	+	74030	Rin2
chr2	145903241	145916425	+	67877	Naa20
chr2	145917482	145934700	-	66877	Crnkl1
chr2	145934784	146043072	+	78774	Cfap61
chr2	146221997	146225020	+	53626	Insm1
chr2	146241296	146512004	-	241694	Ralgapa2
chr2	146259286	146267160	+	77806	A930019D19Rik
chr2	146542931	146546108	+	74065	4933406D12Rik
chr2	146855889	146970089	+	228730	Kiz
chr2	147013060	147078000	+	24128	Xrn2
chr2	147083876	147085345	-	228731	Nkx2-4
chr2	147177546	147186402	-	18088	Nkx2-2
chr2	147184083	147331681	+	100313531	Nkx2-2os
chr2	147187424	147188482	+	78068	6430503K07Rik
chr2	147361541	147362793	-	99041	AI646519
chr2	147364994	147393295	+	18503	Pax1
chr2	147710693	147717632	+	381384	A530006G24Rik
chr2	148042877	148046969	-	15376	Foxa2
chr2	148395377	148396764	+	20608	Sstr4
chr2	148404471	148408188	-	21824	Thbd
chr2	148436651	148443535	-	17064	Cd93
chr2	148672615	148676026	+	56488	Nxt1
chr2	148681120	148692949	+	74533	Gzf1
chr2	148694657	148732420	-	17957	Napb
chr2	148750361	148755378	+	228756	Cstl1
chr2	148768618	148771497	-	78240	Cst11
chr2	148782009	148785936	+	78609	8030411F24Rik
chr2	148789361	148793437	+	69362	Cst12
chr2	148798839	148805584	+	13012	Cst8
chr2	148820099	148830410	+	69294	Cst13
chr2	148835147	148838737	+	13013	Cst9
chr2	148846714	148850934	-	77705	9230104L09Rik
chr2	148871722	148875512	-	13010	Cst3
chr2	149405249	149410278	+	58214	Cst10
chr2	149830783	150004392	+	433485	Syndig1
chr2	150114407	150136678	-	104348	Zfp120
chr2	150181755	150193279	+	100271882	Gm14139
chr2	150218099	150244874	+	245174	Zfp937
chr2	150257517	150270300	+	100216455	Gm14124
chr2	150310937	150362765	-	69277	3300002I08Rik
chr2	150402914	150451501	-	668923	Zfp442
chr2	150470991	150485063	-	545471	Zfp345
chr2	150570415	150578944	+	13011	Cst7
chr2	150583081	150608523	-	71881	Apmap
chr2	150618111	150668240	-	68738	Acss1
chr2	150667494	150668932	+	109344	E130215H24Rik
chr2	150680702	150689137	-	114889	Vsx1
chr2	150749081	150771674	+	12497	Entpd6
chr2	150786796	150831748	+	110078	Pygb
chr2	150832515	150904731	-	76192	Abhd12
chr2	150909594	150931280	+	69270	Gins1
chr2	150934519	151009398	-	78177	Ninl
chr2	151029685	151039379	-	67311	Nanp
chr2	151086786	151092350	-	433486	Gm14151
chr2	151302039	151316003	+	74660	4930442J19Rik
chr2	151380650	151432449	-	100125594	LOC100125594
chr2	151470542	151476151	-	381393	4921509C19Rik
chr2	151494182	151511310	+	386649	Nsfl1c
chr2	151542483	151561691	+	14225	Fkbp1a
chr2	151572623	151590005	+	228765	Sdcbp2
chr2	151590549	151632593	-	241727	Snph
chr2	151645404	151668533	-	668929	Rad21l
chr2	151702008	151712157	+	108832	Tmem74b
chr2	151716062	151741310	-	228769	Psmf1
chr2	151747580	151751425	-	75283	4930556L07Rik
chr2	151842927	151874668	+	228770	Rspo4
chr2	151911332	151944654	+	11602	Angpt4
chr2	151967529	151967617	-	100316704	Mir1953
chr2	151969396	151980219	-	73847	Fam110a
chr2	151996511	152009258	+	69698	Slc52a3
chr2	152081529	152095802	+	545474	Scrt2
chr2	152105524	152111376	+	76650	Srxn1
chr2	152143609	152149097	+	21407	Tcf15
chr2	152226840	152281852	+	12995	Csnk2a1
chr2	152293872	152312590	+	67231	Tbc1d20
chr2	152316334	152332639	-	24105	Rbck1
chr2	152337425	152344060	-	228775	Trib3
chr2	152345669	152375322	+	791417	Gm14164
chr2	152368758	152376566	-	228777	Nrsn2
chr2	152393611	152398046	-	20667	Sox12
chr2	152411956	152415044	-	67917	Zcchc3
chr2	152415587	152444330	+	228778	6820408C15Rik
chr2	152459055	152464620	-	629114	Defb23
chr2	152477063	152479934	+	319579	Defb20
chr2	152485666	152490138	-	442835	Defb22
chr2	152507756	152511736	-	654457	Defb26
chr2	152518255	152521447	+	545475	Defb28
chr2	152538714	152540041	-	75400	Defb29
chr2	152572744	152574943	+	403172	Defb21
chr2	152576086	152580312	-	246700	Defb19
chr2	152593191	152596485	-	433490	Defb45
chr2	152604327	152612729	+	266620	Defb36
chr2	152622356	152623053	-	654459	Defb25
chr2	152627008	152635191	+	19700	Rem1
chr2	152669461	152708668	+	14950	H13
chr2	152687148	152687946	+	66405	Mcts2
chr2	152736251	152737410	+	15901	Id1
chr2	152754173	152765037	+	84682	Cox4i2
chr2	152758732	152831728	-	12048	Bcl2l1
chr2	152847964	152895321	+	72119	Tpx2
chr2	152865067	152865126	+	100885834	Mir5622
chr2	152911352	152923065	+	228785	Mylk2
chr2	152931898	152933208	-	14239	Foxs1
chr2	152940995	152951582	-	252864	Dusp15
chr2	152962485	153008482	+	74711	Ttll9
chr2	153008890	153015383	-	68559	Pdrg1
chr2	153031852	153055775	+	228787	Xkr7
chr2	153065955	153081735	+	228788	Ccm2l
chr2	153108468	153151441	+	15162	Hck
chr2	153161301	153210463	+	99237	Tm9sf4
chr2	153222370	153225441	-	241732	Tspyl3
chr2	153227769	153241358	-	54711	Plagl2
chr2	153241532	153270253	+	140484	Pofut1
chr2	153291416	153333390	+	16569	Kif3b
chr2	153341157	153345810	-	72326	2500004C02Rik
chr2	153346139	153404007	+	228790	Asxl1
chr2	153407461	153529971	-	329540	Nol4l
chr2	153616930	153632781	-	99311	Commd7
chr2	153649449	153687730	+	13436	Dnmt3b
chr2	153741287	153773317	+	13589	Mapre1
chr2	153780879	153795182	+	100504221	Efcab8
chr2	153856188	153871084	-	76407	Sun5
chr2	153875045	153895270	+	66557	Bpifb2
chr2	153900388	153912793	+	228796	Bpifb6
chr2	153918230	153932996	+	378700	Bpifb3
chr2	153940862	153963852	+	381399	Bpifb4
chr2	153974945	154000495	+	545477	Bpifa6
chr2	154008276	154016073	+	19194	Bpifa2
chr2	154130336	154138359	+	73388	Bpifa3
chr2	154142880	154149217	+	18843	Bpifa1
chr2	154162607	154168446	+	67135	Bpifa5
chr2	154190818	154220343	+	228801	Bpifb1
chr2	154223742	154240902	+	228802	Bpifb5
chr2	154257879	154271245	+	71425	Bpifb9a
chr2	154307244	154320644	+	433492	Bpifb9b
chr2	154335386	154372719	-	66971	Cdk5rap1
chr2	154376314	154408084	-	20648	Snta1
chr2	154436484	154539356	+	12396	Cbfa2t2
chr2	154544405	154558853	-	56846	Necab3
chr2	154548904	154550050	+	75480	1700003F12Rik
chr2	154551776	154553276	+	70362	Actl10
chr2	154559400	154569892	-	13555	E2f1
chr2	154587044	154603673	-	59038	Pxmp4
chr2	154613368	154646817	+	228807	Zfp341
chr2	154651742	154694783	+	75608	Chmp4b
chr2	154791110	155047740	+	19383	Raly
chr2	154871410	154892906	-	67204	Eif2s2
chr2	154951194	155051012	+	50518	a
chr2	155059310	155074497	-	269378	Ahcy
chr2	155097791	155100079	-	100504268	2310005A03Rik
chr2	155133481	155226855	+	16396	Itch
chr2	155236533	155250277	+	67068	Dynlrb1
chr2	155276364	155278073	+	66734	Map1lc3a
chr2	155278252	155357424	-	228812	Pigu
chr2	155356817	155356925	+	735287	Mir695
chr2	155381856	155389847	+	68728	Trp53inp2
chr2	155390656	155473894	-	56406	Ncoa6
chr2	155490380	155514846	-	207182	Ggt7
chr2	155518043	155585724	+	60525	Acss2
chr2	155547040	155556930	-	74945	Acss2os
chr2	155563181	155592810	-	14854	Gss
chr2	155611243	155634307	+	668940	Myh7b
chr2	155622880	155622958	+	735275	Mir499
chr2	155634277	155692384	-	56407	Trpc4ap
chr2	155701673	155729475	-	108687	Edem2
chr2	155751217	155755478	+	19124	Procr
chr2	155775342	155818366	+	17391	Mmp24
chr2	155817730	155819203	-	613262	BC029722
chr2	155819837	155826925	-	16418	Eif6
chr2	155829183	155834854	-	71405	Fam83c
chr2	155846886	155930310	-	56046	Uqcc1
chr2	155941023	155945364	-	14563	Gdf5
chr2	155956558	155998900	+	16328	Cep250
chr2	156000443	156007977	-	320095	6430550D23Rik
chr2	156008125	156018279	+	66366	Ergic3
chr2	156019140	156052947	-	74562	Fer1l4
chr2	156065210	156069499	+	245865	Spag4
chr2	156071841	156111965	-	266692	Cpne1
chr2	156094882	156111965	-	75710	Rbm12
chr2	156123637	156144186	-	18041	Nfs1
chr2	156144153	156145794	+	67067	Romo1
chr2	156147239	156180238	-	170791	Rbm39
chr2	156196647	156309953	+	228829	Phf20
chr2	156311846	156312704	-	19018	Scand1
chr2	156312473	156375638	+	70873	Cnbd2
chr2	156388063	156392979	-	347740	2900097C17Rik
chr2	156420909	156543214	+	13821	Epb41l1
chr2	156547576	156568972	+	68295	Aar2
chr2	156609198	156613422	-	100504350	Gm14169
chr2	156613697	156764363	+	228836	Dlgap4
chr2	156714539	156720909	-	74846	4930405A21Rik
chr2	156775464	156781657	+	98932	Myl9
chr2	156840007	156855570	+	228839	Tgif2
chr2	156843128	156862945	-	74487	5430405H02Rik
chr2	156863122	156873563	+	67388	Rab5if
chr2	156872922	156887078	-	77799	Sla2
chr2	156927342	156992111	-	29812	Ndrg3
chr2	156995062	157007075	-	66934	Dsn1
chr2	157010442	157079265	-	320706	Soga1
chr2	157087055	157096481	+	383766	Tldc2
chr2	157097529	157135222	-	56045	Samhd1
chr2	157145893	157204534	-	19650	Rbl1
chr2	157208548	157279549	-	629499	Mroh8
chr2	157279098	157326318	+	20014	Rpn2
chr2	157329496	157346655	-	14601	Ghrh
chr2	157367594	157396763	+	69161	Manbal
chr2	157424293	157471838	+	20779	Src
chr2	157556362	157566361	-	53619	Blcap
chr2	157560078	157562525	+	18111	Nnat
chr2	157737401	157891903	+	66642	Ctnnbl1
chr2	157914653	157944719	+	277432	Vstm2l
chr2	157981803	158028433	-	75425	Tti1
chr2	158028497	158078207	+	70470	Rprd1b
chr2	158070364	158091797	-	72340	2010009K17Rik
chr2	158116405	158146392	-	21817	Tgm2
chr2	158182533	158229224	-	228846	D630003M21Rik
chr2	158192008	158195737	+	73399	1700060C20Rik
chr2	158243504	158243565	-	102466240	Mir7685
chr2	158258241	158284531	+	329547	Bpi
chr2	158306493	158332852	+	16803	Lbp
chr2	158353700	158361522	-	68108	Snhg17
chr2	158375638	158386145	+	319317	Snhg11
chr2	158409853	158499253	+	228850	Ralgapb
chr2	158502612	158508198	+	246747	Adig
chr2	158512796	158550628	+	545481	Arhgap40
chr2	158595472	158610723	-	100045469	Gm14204
chr2	158610758	158615747	+	22348	Slc32a1
chr2	158624913	158639211	+	109275	Actr5
chr2	158638583	158638640	+	100499529	Mir3474
chr2	158666630	158766334	+	228852	Ppp1r16b
chr2	158768099	158786637	+	71878	Fam83d
chr2	158794807	158858220	+	71715	Dhx35
chr2	159947341	159981289	+	71081	4933416E03Rik
chr2	160016653	160040620	+	71613	9130015L21Rik
chr2	160311401	160327494	-	329554	Gm826
chr2	160363677	160367065	-	16658	Mafb
chr2	160645897	160722764	+	21969	Top1
chr2	160731310	160775760	+	18803	Plcg1
chr2	160770447	160872990	-	320799	Zhx3
chr2	160880670	160906000	+	64899	Lpin3
chr2	160906438	160912339	-	280635	Emilin3
chr2	160946978	161109086	-	71389	Chd6
chr2	161521988	162661147	-	19281	Ptprt
chr2	162390813	162393946	+	77645	Ptprtos
chr2	162661163	162675204	+	77288	9430021M05Rik
chr2	162931508	162937121	+	67996	Srsf6
chr2	162943465	162974522	+	241764	L3mbtl1
chr2	162987481	163014139	+	27219	Sgk2
chr2	163017472	163046135	+	245866	Ift52
chr2	163054635	163084687	+	17865	Mybl2
chr2	163068090	163068155	+	102465607	Mir7003
chr2	163087031	163089601	-	68236	Gtsf1l
chr2	163225454	163323102	+	269389	Tox2
chr2	163336242	163397993	-	59091	Jph2
chr2	163405822	163424697	-	66680	Oser1
chr2	163438467	163455324	+	228858	Gdap1l1
chr2	163468703	163472629	-	228859	Fitm2
chr2	163472545	163473003	+	69517	2310001K24Rik
chr2	163492318	163502612	+	100043899	R3hdml
chr2	163493804	163541721	-	68314	Hnf4aos
chr2	163506857	163572907	+	15378	Hnf4a
chr2	163602314	163619013	+	76080	Ttpal
chr2	163623273	163645143	-	26943	Serinc3
chr2	163644850	163645800	+	68386	0610039K10Rik
chr2	163658386	163726158	+	18769	Pkig
chr2	163726571	163750239	-	11486	Ada
chr2	163820834	163833146	+	22403	Wisp2
chr2	163853750	163858874	+	241769	Kcnk15
chr2	163863881	163918683	-	241770	Rims4
chr2	163995197	164018587	+	54401	Ywhab
chr2	164025224	164050538	+	381404	Pabpc1l
chr2	164053540	164071169	-	67145	Tomm34
chr2	164074178	164155521	+	58231	Stk4
chr2	164163619	164171113	-	16538	Kcns1
chr2	164176325	164182742	-	209232	Wfdc5
chr2	164189231	164190558	-	192200	Wfdc12
chr2	164198872	164200117	-	68221	Wfdc15a
chr2	164214454	164221663	-	192201	Wfdc15b
chr2	164235929	164238341	-	53878	Svs2
chr2	164254363	164256643	-	329557	Svs3b
chr2	164275956	164278307	-	20941	Svs4
chr2	164289267	164291500	+	64335	Svs3a
chr2	164316751	164318450	+	20945	Svs6
chr2	164332765	164334394	+	20944	Svs5
chr2	164354070	164359414	-	20568	Slpi
chr2	164354313	164354383	-	102465780	Mir7678
chr2	164389393	164405160	-	17183	Matn4
chr2	164403194	164415448	+	19668	Rbpjl
chr2	164424247	164443188	-	20971	Sdc4
chr2	164460971	164474464	+	66460	Sys1
chr2	164470304	164473724	-	73603	Trp53tg5
chr2	164486140	164493323	+	52840	Dbndd2
chr2	164497525	164508301	+	78928	Pigt
chr2	164550530	164559730	+	670507	Gm14317
chr2	164562716	164568506	+	67701	Wfdc2
chr2	164569695	164573456	-	629747	Spint3
chr2	164579519	164585447	-	209351	Wfdc6a
chr2	164588343	164593571	-	75526	Eppin
chr2	164596458	164613626	-	277343	Wfdc8
chr2	164613700	164618213	+	433502	Wfdc6b
chr2	164634708	164638802	-	277345	Wfdc16
chr2	164649625	164654966	-	629754	Wfdc9
chr2	164656046	164657368	+	629756	Wfdc10
chr2	164662894	164674087	-	629761	Wfdc11
chr2	164685107	164687706	+	408190	Wfdc13
chr2	164698501	164702448	+	78239	Spint4
chr2	164715305	164718068	+	641368	Spint5
chr2	164731226	164745931	-	71856	Wfdc3
chr2	164746015	164768220	+	76233	Dnttip1
chr2	164769929	164772902	+	68612	Ube2c
chr2	164777161	164779734	-	21925	Tnnc2
chr2	164785557	164792770	+	101113	Snx21
chr2	164792768	164804881	-	170789	Acot8
chr2	164805114	164822127	+	67538	Zswim3
chr2	164822686	164826867	+	71971	Zswim1
chr2	164827382	164828534	-	75642	Spata25
chr2	164830730	164833596	-	415115	Neurl2
chr2	164832872	164841032	+	19025	Ctsa
chr2	164839518	164857708	-	18830	Pltp
chr2	164879368	164891437	+	228866	Pcif1
chr2	164891892	164911750	-	329559	Zfp335
chr2	164948219	164955850	+	17395	Mmp9
chr2	164960846	164999731	+	57138	Slc12a5
chr2	165000357	165034779	-	228869	Ncoa5
chr2	165055636	165071654	+	21939	Cd40
chr2	165078693	165090750	-	72211	1700025C18Rik
chr2	165111507	165234737	-	104010	Cdh22
chr2	165276522	165287838	-	228875	Slc35c2
chr2	165288031	165326479	-	140579	Elmo2
chr2	165351297	165368729	-	381405	Zfp663
chr2	165377436	165388259	-	228876	Zfp334
chr2	165395450	165400394	-	74614	Ocstamp
chr2	165405295	165473197	-	114644	Slc13a3
chr2	165490112	165493314	-	381406	Trp53rka
chr2	165503897	165519917	+	170441	Slc2a10
chr2	165595028	165771727	+	14049	Eya2
chr2	165784152	165896950	-	228880	Zmynd8
chr2	165992637	166073242	+	17979	Ncoa3
chr2	166073899	166155683	-	72043	Sulf2
chr2	166273908	166294831	+	670775	Gm11468
chr2	166447451	166458770	+	319684	5031425F14Rik
chr2	166566345	166713832	-	277360	Prex1
chr2	166793767	166799492	+	76367	Trp53rkb
chr2	166805581	166898052	+	99371	Arfgef2
chr2	166906096	166946389	+	110750	Cse1l
chr2	166947549	166996299	-	20853	Stau1
chr2	167015313	167034945	+	228889	Ddx27
chr2	167035793	167063015	-	98999	Znfx1
chr2	167063222	167065858	+	68949	Zfas1
chr2	167065293	167065358	+	100217443	Snord12
chr2	167095969	167190104	-	16500	Kcnb1
chr2	167203196	167240537	-	19223	Ptgis
chr2	167298444	167349178	-	56336	B4galt5
chr2	167421710	167477000	+	77031	Slc9a8
chr2	167481136	167492874	-	263876	Spata2
chr2	167492645	167516166	+	81018	Rnf114
chr2	167538195	167542814	+	20613	Snai1
chr2	167607639	167632005	-	66589	Ube2v1
chr2	167643225	167689822	-	407243	Tmem189
chr2	167688915	167690432	+	12608	Cebpb
chr2	167690759	167697413	+	329562	A530013C23Rik
chr2	167932327	167979385	+	19246	Ptpn1
chr2	167980786	168010593	-	69553	Ripor3
chr2	168081004	168101203	+	58220	Pard6b
chr2	168145120	168154513	-	77017	E130018N17Rik
chr2	168180965	168207112	-	11538	Adnp
chr2	168180965	168230379	-	105980075	Gm20716
chr2	168209048	168230379	-	13480	Dpm1
chr2	168230622	168232303	+	69372	Mocs3
chr2	168261698	168269331	-	241794	Kcng1
chr2	168476410	168601657	-	18019	Nfatc2
chr2	168634438	168742136	-	11981	Atp9a
chr2	168640696	168640759	-	102466784	Mir7004
chr2	168748332	168767201	-	99377	Sall4
chr2	168893512	168955587	-	22722	Zfp64
chr2	168978269	168978906	+	75508	1700017J07Rik
chr2	169633646	169913087	+	228911	Tshz2
chr2	169962013	169963187	-	446211	AY702102
chr2	170061240	170070778	-	100043910	A630075F10Rik
chr2	170108643	170142675	-	228913	Zfp217
chr2	170346991	170427845	-	76960	Bcas1
chr2	170356361	170380435	+	73303	Bcas1os2
chr2	170482957	170497145	-	13081	Cyp24a1
chr2	170496428	170519070	+	109054	Pfdn4
chr2	170499357	170511927	-	100502946	Gm16796
chr2	170579418	170602017	-	67637	4930470P17Rik
chr2	170731807	170879775	+	76829	Dok5
chr2	171956879	171962824	-	75655	1700028P15Rik
chr2	172036336	172043466	-	228942	Cbln4
chr2	172248492	172251114	+	17201	Mc3r
chr2	172345577	172355749	+	67017	Fam210b
chr2	172356190	172370570	-	20878	Aurka
chr2	172370697	172381086	+	67337	Cstf1
chr2	172393794	172433757	+	320664	Cass4
chr2	172440578	172469899	+	66404	Rtf2
chr2	172450313	172458596	-	654821	Gcnt7
chr2	172472554	172474316	+	76426	Fam209
chr2	172549593	172558622	+	21420	Tfap2c
chr2	172868012	172940321	-	12162	Bmp7
chr2	172979842	172993576	+	26972	Spo11
chr2	173000117	173015739	+	66679	Rae1
chr2	173021902	173034734	+	56190	Rbm38
chr2	173093609	173119525	-	664799	Ctcfl
chr2	173110835	173133204	+	74161	Ctcflos
chr2	173153073	173159254	+	18534	Pck1
chr2	173206612	173218922	-	58203	Zbp1
chr2	173224465	173276533	-	65112	Pmepa1
chr2	173522592	173528502	+	72221	1700021F07Rik
chr2	173568661	173578341	-	70065	Ankrd60
chr2	173579320	173659539	-	100043911	Ppp4r1l-ps
chr2	173659845	173702182	+	19334	Rab22a
chr2	173701030	173701148	-	102465173	Mir6340
chr2	173719415	173722086	+	75485	1700010B08Rik
chr2	173737571	173784336	+	56491	Vapb
chr2	174076321	174099771	+	228960	Stx16
chr2	174110351	174122702	+	228961	Npepl1
chr2	174125038	174183918	-	100038374	Gm10714
chr2	174267047	174267125	-	723906	Mir296
chr2	174267504	174267585	-	723832	Mir298
chr2	174281237	174295436	-	56802	Nespas
chr2	174284320	174346744	+	14683	Gnas
chr2	174415804	174427502	+	57314	Nelfcd
chr2	174427494	174439039	-	64138	Ctsz
chr2	174450595	174458380	+	545486	Tubb1
chr2	174461075	174464101	-	67126	Atp5e
chr2	174465091	174472941	-	66390	Prelid3b
chr2	174643534	174710832	+	100043757	Zfp831
chr2	174760619	174784042	+	13616	Edn3
chr2	175061549	175067769	-	664987	Gm14393
chr2	175275125	175286805	+	100503353	Gm14440
chr2	175470025	175480553	+	100503949	Zfp965
chr2	175869245	175883182	+	626832	Gm6710
chr2	176226565	176261872	+	100504263	2210418O10Rik
chr2	176670522	176681090	+	545490	Zfp973
chr2	176708353	176721813	+	100043387	Gm14305
chr2	176798600	176808704	+	100039123	Gm14295
chr2	176852792	176864437	-	626877	Gm14405
chr2	177464742	177479194	+	628308	Zfp970
chr2	177759288	177773275	+	626802	Gm14322
chr2	177828991	177840336	-	329575	Gm14325
chr2	177897163	177927850	+	665205	Gm14327
chr2	177903064	177925650	-	78703	Zfp972
chr2	177935993	177957288	-	665211	Gm14326
chr2	178023284	178035859	+	626848	Zfp971
chr2	178066878	178078425	-	353208	Zfp931
chr2	178118975	178338492	+	74189	Phactr3
chr2	178345295	178407658	-	320558	Sycp2
chr2	178411206	178414463	-	228966	Ppp1r3d
chr2	178414534	178422177	+	71532	Fam217b
chr2	178430515	178487366	+	381409	Cdh26
chr2	179414936	179416880	+	68175	4930591A17Rik
chr2	179442431	179899375	+	12561	Cdh4
chr2	179912146	179976646	-	228980	Taf4
chr2	179976853	179979013	+	66730	4921531C22Rik
chr2	180024987	180035461	+	241846	Lsm14b
chr2	180036367	180042464	-	26444	Psma7
chr2	180042483	180070201	+	269397	Ss18l1
chr2	180070593	180085902	+	52856	Mtg2
chr2	180099465	180104407	-	99296	Hrh3
chr2	180119366	180162680	+	228983	Osbpl2
chr2	180171588	180176283	+	56436	Adrm1
chr2	180176373	180225859	-	16776	Lama5
chr2	180179755	180179823	-	102466785	Mir7005
chr2	180257379	180258444	+	66481	Rps21
chr2	180257536	180257611	+	100526556	Mir3091
chr2	180258539	180273465	-	252966	Cables2
chr2	180275322	180289879	-	271887	Rbbp8nl
chr2	180325088	180334679	-	14464	Gata5
chr2	180332857	180340732	+	100036520	Gata5os
chr2	180370858	180386451	-	320485	B230312C02Rik
chr2	180385604	180401802	+	622283	Mir1a-1hg
chr2	180389048	180389124	+	387136	Mir1a-1
chr2	180398379	180398482	+	723954	Mir133a-2
chr2	180456334	180474853	+	108115	Slco4a1
chr2	180499976	180544979	+	18216	Ntsr1
chr2	180581304	180585634	+	73247	Mrgbp
chr2	180589407	180595837	+	72075	Ogfr
chr2	180598222	180622185	+	12841	Col9a3
chr2	180621956	180642691	-	277353	Tcfl5
chr2	180657963	180709999	-	23856	Dido1
chr2	180710226	180721599	+	76425	Gid8
chr2	180725339	180742278	+	228993	Slc17a9
chr2	180774381	180776900	-	140489	Bhlhe23
chr2	180894040	180894107	+	723951	Mir124a-3
chr2	180904377	180920936	-	228994	Ythdf1
chr2	180929023	180934010	+	329581	Birc7
chr2	180934772	180954699	-	58237	Nkain4
chr2	180967225	180982524	+	228998	Arfgap1
chr2	180986535	181017540	+	73368	Col20a1
chr2	181022311	181039177	-	11438	Chrna4
chr2	181075579	181135289	-	16536	Kcnq2
chr2	181147692	181157015	-	13628	Eef1a2
chr2	181187343	181188504	+	66496	Ppdpf
chr2	181195124	181202789	-	20459	Ptk6
chr2	181205563	181213171	-	20811	Srms
chr2	181220016	181222851	+	332713	Fndc11
chr2	181227615	181242027	-	229003	Helz2
chr2	181251451	181287966	-	229004	Gmeb2
chr2	181306459	181314500	-	20262	Stmn3
chr2	181319724	181356616	+	269400	Rtel1
chr2	181357690	181365404	-	76688	Arfrp1
chr2	181364931	181381394	+	229007	Zgpat
chr2	181379774	181383628	+	72699	Lime1
chr2	181384250	181387596	+	329584	Slc2a4rg-ps
chr2	181390886	181459426	-	72147	Zbtb46
chr2	181493206	181494980	+	241850	Abhd16b
chr2	181497142	181517962	+	66314	Tpd52l2
chr2	181520485	181552880	+	13002	Dnajc5
chr2	181569152	181581973	-	68556	Uckl1
chr2	181578480	181585115	+	100271841	Uckl1os
chr2	181582103	181592461	-	269401	Zfp512b
chr2	181587900	181587968	-	102465608	Mir7006
chr2	181595218	181599147	-	229011	Samd10
chr2	181601319	181655661	+	68879	Prpf6
chr2	181669837	181671640	-	20672	Sox18
chr2	181680310	181688051	+	21400	Tcea2
chr2	181688419	181693977	-	56470	Rgs19
chr2	181696795	181698442	-	277496	Lkaaear1
chr2	181715016	181720985	+	18389	Oprl1
chr2	181763332	181827775	+	17932	Myt1
chr2	181837854	181857460	+	245867	Pcmtd2
chr2	181864360	181870830	+	67005	Polr3k
chr2	181991226	182001087	+	672125	Gm14496
chr3	3508030	3659800	+	30942	Hnf4g
chr3	4798708	4814911	+	100503859	1110015O18Rik
chr3	5177824	5220823	-	72608	2700069I18Rik
chr3	5218554	5415855	+	80892	Zfhx4
chr3	5560188	5576248	-	19302	Pex2
chr3	6615413	6620443	-	69347	1700008P02Rik
chr3	7366604	7445366	+	18767	Pkia
chr3	7503426	7553848	+	67306	Zc2hc1a
chr3	7572028	7613760	-	16196	Il7
chr3	7925303	7954887	-	75476	1700010I02Rik
chr3	8461387	8463098	-	620966	Gm6194
chr3	8509527	8561604	+	20257	Stmn2
chr3	8663359	8667038	-	15213	Hey1
chr3	8802146	8923857	-	66230	Mrps28
chr3	8929436	9004515	-	21985	Tpd52
chr3	9061964	9071076	+	75149	4930539M17Rik
chr3	9250567	9285333	+	229055	Zbtb10
chr3	9403078	9437233	+	320088	C030034L19Rik
chr3	9427010	9610085	-	170753	Zfp704
chr3	9687479	9833679	-	94212	Pag1
chr3	10012585	10016610	+	16592	Fabp5
chr3	10088277	10092562	+	100041480	Gm9833
chr3	10179851	10197283	-	18857	Pmp2
chr3	10193623	10197283	-	21884	Fabp9
chr3	10204342	10208576	-	11770	Fabp4
chr3	10244209	10301183	-	75497	Fabp12
chr3	10311956	10331439	-	55980	Impa1
chr3	10331734	10335656	-	241877	Slc10a5
chr3	10339956	10351301	-	66361	Zfand1
chr3	10366973	10391005	+	66371	Chmp4c
chr3	10417817	10440130	-	74718	Snx16
chr3	11823229	11844359	-	100038545	Gm10745
chr3	13471655	14182287	+	76897	Ralyl
chr3	13597139	13652865	-	75203	4930539N22Rik
chr3	14363117	14374239	+	622229	Gm6300
chr3	14480697	14505819	+	140918	Slc7a12
chr3	14533788	14572658	+	71710	Lrrcc1
chr3	14578671	14606309	+	13559	E2f5
chr3	14606289	14611256	-	69126	1810022K09Rik
chr3	14641727	14663002	+	71934	Car13
chr3	14766214	14808365	-	12346	Car1
chr3	14863538	14872381	+	12350	Car3
chr3	14886426	14900770	+	12349	Car2
chr3	14971201	15002727	+	77127	A930001A20Rik
chr3	15296551	15332302	-	751864	Gm9733
chr3	15371827	15548941	-	320832	Sirpb1a
chr3	15371827	15575065	-	668101	Sirpb1b
chr3	15795147	15963675	-	100038947	LOC100038947
chr3	15948070	16006332	-	381484	Gm5150
chr3	16183183	16217037	+	229096	Ythdf3
chr3	17789921	17800071	+	70441	Mir124-2hg
chr3	17795662	17795770	+	723950	Mir124a-2
chr3	17948444	17948952	+	75439	Cypt12
chr3	18054325	18057514	+	59058	Bhlhe22
chr3	18071950	18243338	-	13123	Cyp7b1
chr3	18468285	18480477	-	73959	4930433B08Rik
chr3	19132144	19163065	-	74252	Armc1
chr3	19187329	19220817	+	67472	Mtfr1
chr3	19223108	19311322	-	18583	Pde7a
chr3	19508595	19610862	+	66326	Dnajc5b
chr3	19644460	19691599	+	381485	Trim55
chr3	19693401	19695396	-	12918	Crh
chr3	19894871	19898984	+	70808	4632415L05Rik
chr3	19957054	20009750	+	12870	Cp
chr3	19995945	20035310	-	12807	Hps3
chr3	20057811	20118491	+	20585	Hltf
chr3	20122084	20155116	-	27357	Gyg
chr3	20215616	20242181	-	12873	Cpa3
chr3	20222290	20222359	-	102465609	Mir7007
chr3	20249479	20275733	-	76703	Cpb1
chr3	20314473	20367177	-	11608	Agtr1b
chr3	22076652	22216594	+	81004	Tbl1xr1
chr3	22251370	22251607	+	19784	Rprl2
chr3	23798103	24784006	-	635702	Naaladl2
chr3	25431841	26331909	-	192167	Nlgn1
chr3	26637631	26983212	+	70862	Spata16
chr3	27097222	27153878	-	13605	Ect2
chr3	27154026	27157019	+	76657	1700125G22Rik
chr3	27183004	27284608	+	320024	Nceh1
chr3	27317077	27342232	+	22035	Tnfsf10
chr3	27371351	27378010	+	208188	Ghsr
chr3	27416162	27711307	-	72007	Fndc3b
chr3	27584900	27584995	-	100526525	Mir3092
chr3	27866065	27896368	-	208613	Tmem212
chr3	27938680	28133362	+	18805	Pld1
chr3	28263214	28670585	+	665113	Tnik
chr3	28419943	28420018	+	100628591	Mir466q
chr3	28697903	28728361	+	20526	Slc2a2
chr3	28781311	28798846	+	208691	Eif5a2
chr3	28805511	28807415	+	68028	Rpl22l1
chr3	28892617	28926724	+	385263	Gm1527
chr3	29082577	29691056	+	75740	Egfem1
chr3	29416823	29416920	+	791072	Mir551b
chr3	29636744	29636851	+	102466637	Mir21b
chr3	29891017	29924191	+	102636083	Mannr
chr3	29951296	30548008	-	14013	Mecom
chr3	30597073	30599870	-	76652	Actrt3
chr3	30602087	30619873	+	80732	Mynn
chr3	30624267	30647818	-	71827	Lrrc34
chr3	30644507	30672431	+	68307	Lrriq4
chr3	30678554	30699843	-	320352	Lrrc31
chr3	30746293	30767174	+	75953	Samd7
chr3	30792876	30821263	+	69276	Sec62
chr3	30855950	30897194	+	71862	Gpr160
chr3	30899295	30969415	-	241915	Phc3
chr3	30995771	31052740	+	18759	Prkci
chr3	31038966	31039028	+	102465610	Mir7008
chr3	31095058	31122923	+	20482	Skil
chr3	31149920	31164326	+	18417	Cldn11
chr3	31202854	31310319	-	241919	Slc7a14
chr3	31902703	32200180	+	72413	Kcnmb2
chr3	32334792	32365665	-	22401	Zmat3
chr3	32365489	32367438	+	67576	4930429B21Rik
chr3	32436151	32468486	+	18706	Pik3ca
chr3	32472321	32491969	-	100502876	Kcnmb3
chr3	32510550	32520833	+	67778	Zfp639
chr3	32529482	32579225	+	67414	Mfn1
chr3	32583528	32616535	-	14696	Gnb4
chr3	32708546	32726971	+	56456	Actl6a
chr3	32727497	32736755	-	74600	Mrpl47
chr3	32737063	32751559	+	66046	Ndufb5
chr3	32817626	32935257	+	72607	Usp13
chr3	32947926	33143191	-	58869	Pex5l
chr3	33024777	33088607	+	73874	4930419G24Rik
chr3	33800183	33814860	+	67120	Ttc14
chr3	33812361	33844310	-	51938	Ccdc39
chr3	34020079	34069345	+	14359	Fxr1
chr3	34057280	34081354	-	67713	Dnajc19
chr3	34560381	34680851	+	320478	Sox2ot
chr3	34638464	34638542	+	100316679	Mir1897
chr3	34649995	34652461	+	20674	Sox2
chr3	34699640	34716662	-	100041108	Gm3143
chr3	34772075	34782346	+	102638436	Gm38509
chr3	34922545	34922651	-	102466155	Mir6378
chr3	35597152	35666163	-	625963	Gm6639
chr3	35754138	35856276	+	76295	Atp11b
chr3	35892105	35932966	-	114893	Dcun1d1
chr3	35959296	36000678	-	72039	Mccc1
chr3	35999913	36008828	+	654424	Mccc1os
chr3	36007247	36053547	-	241943	Ccdc144b
chr3	36066000	36092857	+	229211	Acad9
chr3	36151080	36170341	+	241944	D3Ertd254e
chr3	36179426	36222275	-	229214	Qrfpr
chr3	36448923	36475887	-	11747	Anxa5
chr3	36475461	36475524	-	102466786	Mir7009
chr3	36475937	36482299	+	72282	1810062G17Rik
chr3	36499804	36506809	-	329623	Gm11548
chr3	36515057	36521445	-	100503068	Gm11549
chr3	36552606	36565727	+	50911	Exosc9
chr3	36564865	36571996	-	12428	Ccna2
chr3	36573143	36613389	-	71492	Bbs7
chr3	36620482	36690167	-	22065	Trpc3
chr3	36863106	37053033	+	229227	4932438A13Rik
chr3	37063656	37111512	+	21744	Adad1
chr3	37120713	37125954	-	16183	Il2
chr3	37222759	37232636	-	60505	Il21
chr3	37308627	37312446	-	207175	Cetn4
chr3	37312554	37321450	+	241950	Bbs12
chr3	37348653	37404830	+	14173	Fgf2
chr3	37404982	37420186	-	229228	Nudt6
chr3	37419950	37579096	+	57815	Spata5
chr3	37609891	37615276	+	75947	4930594O21Rik
chr3	37639947	37644599	+	24063	Spry1
chr3	37714190	37724360	-	381438	Gm5148
chr3	37898813	37992728	+	626410	Gm20755
chr3	38203151	38208119	-	71342	5430434I15Rik
chr3	38449261	38484816	-	99696	Ankrd50
chr3	38886940	39011985	+	329628	Fat4
chr3	40504865	40522912	-	100040882	1700017G19Rik
chr3	40540767	40704774	+	380614	Intu
chr3	40708871	40726094	+	73333	Slc25a31
chr3	40745613	40790365	+	18415	Hspa4l
chr3	40799951	40816883	+	20873	Plk4
chr3	40818172	40846854	-	72175	Mfsd8
chr3	40846999	40875609	+	100039027	Gm2011
chr3	40853476	40855285	-	100039043	Gm10731
chr3	40894277	40936307	+	269423	Abhd18
chr3	40900199	40902543	-	73297	1700034I23Rik
chr3	40950631	40977793	+	214048	Larp1b
chr3	41066326	41083046	-	70804	Pgrmc2
chr3	41487681	41493199	-	78706	Platr4
chr3	41500931	41528474	-	78648	2400006E01Rik
chr3	41555734	41616864	+	269424	Jade1
chr3	41626705	41742514	-	67161	Sclt1
chr3	41742615	41758941	+	73852	D3Ertd751e
chr3	45280439	45378260	-	72511	2610316D01Rik
chr3	45378398	45434579	+	18526	Pcdh10
chr3	45416584	45439309	-	72274	1700027H10Rik
chr3	46442197	46447941	-	241989	Pabpc4l
chr3	46900668	46900782	-	102465199	Mir6379
chr3	48026012	48026759	-	666202	Gm7977
chr3	48605731	48609100	-	66332	1700018B24Rik
chr3	49743296	49757316	-	73173	Pcdh18
chr3	50364936	50443613	-	26570	Slc7a11
chr3	51224447	51251654	+	12457	Noct
chr3	51252720	51340644	-	69257	Elf2
chr3	51276761	51278407	+	67746	4930577N17Rik
chr3	51388412	51396547	-	67749	Mgarp
chr3	51405479	51408955	-	66377	Ndufc1
chr3	51416016	51475985	+	74838	Naa15
chr3	51483966	51496228	+	19338	Rab33b
chr3	51515318	51560823	-	73251	Setd7
chr3	51559757	51567117	+	100039684	5031434O11Rik
chr3	51661179	51682674	+	211666	Mgst2
chr3	51687611	52105006	-	433586	Maml3
chr3	52268337	52350109	+	56458	Foxo1
chr3	52516964	52550219	+	102631981	Gm30173
chr3	52739724	52776654	+	329639	Gm2447
chr3	52906756	52927666	-	622124	Gm20750
chr3	52982123	53017223	-	67542	Cog6
chr3	53041547	53261679	+	108927	Lhfp
chr3	53451996	53463258	-	212114	Nhlrc3
chr3	53463817	53481755	+	212127	Proser1
chr3	53488793	53507652	+	229277	Stoml3
chr3	53513938	53657355	-	242022	Frem2
chr3	53853376	53863807	-	67890	Ufm1
chr3	54156057	54318471	+	22066	Trpc4
chr3	54361107	54391041	+	50706	Postn
chr3	54692858	54728763	+	56790	Supt20
chr3	54728679	54735364	-	69639	Exosc8
chr3	54735539	54749795	+	66248	Alg5
chr3	54755582	54801269	+	55994	Smad9
chr3	54803115	54807791	-	170767	Rfxap
chr3	54897068	54915887	-	329641	Sertm1
chr3	55045469	55055055	-	12427	Ccna1
chr3	55055242	55084002	+	70970	4931419H13Rik
chr3	55112108	55137332	+	229285	Spg20
chr3	55137339	55172936	+	320604	Ccdc169
chr3	55182044	55209957	+	74434	Sohlh2
chr3	55242526	55539068	+	13175	Dclk1
chr3	55625198	56183701	-	26422	Nbea
chr3	55782510	55785287	+	17116	Mab21l1
chr3	55847105	55848065	+	71182	4933417G07Rik
chr3	57287064	57301919	-	17112	Tm4sf1
chr3	57425410	57441677	+	229302	Tm4sf4
chr3	57455644	57575910	-	97064	Wwtr1
chr3	57616609	57616722	+	102465197	Mir6377
chr3	57644349	57651684	-	52245	Commd2
chr3	57667422	57692537	-	242037	Ankub1
chr3	57736062	57835425	+	24017	Rnf13
chr3	57841895	57847757	-	18645	Pfn2
chr3	58141707	58163807	-	67850	1700007F19Rik
chr3	58415689	58466787	+	72033	Tsc22d2
chr3	58521969	58525884	-	28146	Serp1
chr3	58525821	58557501	+	229317	Eif2a
chr3	58576658	58593544	+	69227	Selenot
chr3	58616300	58637207	-	545527	Erich6
chr3	58652042	58654041	+	666680	Gm8234
chr3	58674949	58692388	-	20439	Siah2
chr3	58692589	58797331	+	71301	4930593A02Rik
chr3	58844028	58885212	-	229320	Clrn1
chr3	59005825	59318416	+	329650	Med12l
chr3	59096448	59101821	-	229323	Gpr171
chr3	59114623	59153492	-	140795	P2ry14
chr3	59146296	59153628	-	320463	F630111L10Rik
chr3	59178914	59195104	-	84111	Gpr87
chr3	59207892	59210882	-	74191	P2ry13
chr3	59216271	59262831	-	70839	P2ry12
chr3	59316735	59344394	-	242050	Igsf10
chr3	59729786	59752397	+	433597	Gm5538
chr3	59861051	59877313	+	666803	Gm8298
chr3	59925214	59937949	+	229333	C130079G13Rik
chr3	59952309	59973594	+	676914	Gm9696
chr3	60006743	60025420	+	639634	Aadacl2
chr3	60031788	60040157	+	67758	Aadac
chr3	60081869	60087566	+	84112	Sucnr1
chr3	60472830	60629750	+	56758	Mbnl1
chr3	61002785	61008982	+	18441	P2ry1
chr3	61364507	61368703	+	74012	Rap2b
chr3	62338777	62462221	+	622434	Arhgef26
chr3	62468642	62506988	-	72162	Dhx36
chr3	62529963	62605140	-	229357	Gpr149
chr3	63295435	63383713	+	17380	Mme
chr3	63696234	63850991	-	269437	Plch1
chr3	63914696	63929385	-	329659	E130311K13Rik
chr3	63942323	63964733	-	11416	Slc33a1
chr3	63976143	64019078	+	229363	Gmps
chr3	64081642	64105458	+	56544	Vmn2r1
chr3	64116432	64137480	-	100125586	Vmn2r2
chr3	64258961	64287417	-	637004	Vmn2r3
chr3	64388621	64410057	-	637053	Vmn2r4
chr3	64490821	64507685	-	667060	Vmn2r5
chr3	64537561	64559818	-	667069	Vmn2r6
chr3	64632863	64844743	-	319210	Vmn2r-ps11
chr3	64690660	64844743	-	319217	Vmn2r7
chr3	64949223	65378225	+	16497	Kcnab1
chr3	65133059	65302685	-	102637797	A330015K06Rik
chr3	65324020	65349429	-	319798	A730090N16Rik
chr3	65379657	65392553	-	67437	Ssr3
chr3	65515315	65529414	-	71004	4931440P22Rik
chr3	65528447	65555518	+	99929	Tiparp
chr3	65659288	65659426	+	102465905	Mir8120
chr3	65666228	65831162	+	624866	Lekr1
chr3	65946151	65958225	-	56706	Ccnl1
chr3	66053558	66296837	-	72789	Veph1
chr3	66219887	66225806	+	19288	Ptx3
chr3	66971723	66981771	-	20429	Shox2
chr3	66985672	67358403	+	66880	Rsrc1
chr3	67374097	67400000	+	17349	Mlf1
chr3	67430115	67475068	+	28030	Gfm1
chr3	67457999	67463907	-	17035	Lxn
chr3	67478886	67515523	-	109222	Rarres1
chr3	67582768	67604231	+	66868	Mfsd1
chr3	67892220	68056593	+	208426	Iqcj
chr3	67892220	68626482	+	100505386	Iqschfp
chr3	68064802	68626482	+	30953	Schip1
chr3	68690644	68698550	+	16159	Il12a
chr3	68869586	68872163	+	68725	1110032F04Rik
chr3	68892499	69004570	-	68259	Ift80
chr3	69004970	69034623	+	70099	Smc4
chr3	69009772	69009835	+	387175	Mir15b
chr3	69009902	69009996	+	723949	Mir16-2
chr3	69035294	69044742	-	66949	Trim59
chr3	69072221	69127092	-	16649	Kpna4
chr3	69131233	69157177	+	381452	Gm1647
chr3	69222419	69223618	+	71619	Arl14
chr3	69316918	69555404	+	242083	Ppm1l
chr3	69573919	69598960	-	26879	B3galnt1
chr3	69722055	69749047	+	97112	Nmd3
chr3	69819538	69859894	-	66183	Sptssb
chr3	70007613	70028708	+	229389	Otol1
chr3	70772379	70807291	-	625901	Gm6634
chr3	72888560	72967863	-	69983	Sis
chr3	73048125	73057803	-	386750	Slitrk3
chr3	73066351	73594830	+	626082	Gm20754
chr3	73351206	73481651	-	74693	4930509J09Rik
chr3	73635809	73708415	-	12038	Bche
chr3	74009219	74017277	-	100504692	Gm20356
chr3	75037895	75143772	-	213234	Zbbx
chr3	75242357	75270078	-	67931	Serpini2
chr3	75516490	75556852	-	56426	Pdcd10
chr3	75557533	75642523	+	20713	Serpini1
chr3	75647441	75655731	-	69193	Platr10
chr3	75876183	75956949	-	73124	Golim4
chr3	76074561	76710005	+	213262	Fstl5
chr3	79062511	79173198	-	76089	Rapgef2
chr3	79212919	79253913	+	70924	4921511C10Rik
chr3	79345376	79464129	+	100233207	Gm17359
chr3	79455971	79567679	-	329679	Fnip2
chr3	79591389	79603650	+	67738	Ppid
chr3	79603788	79628767	-	66841	Etfdh
chr3	79629079	79632820	+	75939	4930579G24Rik
chr3	79644716	79737794	-	381489	Rxfp1
chr3	79813153	79842662	-	70652	Tmem144
chr3	79885930	79946278	+	68659	Fam198b
chr3	80684936	80802791	-	14800	Gria2
chr3	80843599	80913660	-	14658	Glrb
chr3	81036416	81214031	+	54635	Pdgfc
chr3	81802025	81805161	+	320566	A830029E22Rik
chr3	81932601	81956725	+	229445	Ctso
chr3	81958412	81975728	-	56720	Tdo2
chr3	81996922	82021233	+	58170	Asic5
chr3	82032004	82074711	-	54195	Gucy1b1
chr3	82092427	82145877	-	60596	Gucy1a1
chr3	82106247	82106309	-	102466991	Mir7010
chr3	82358044	82395268	+	213582	Map9
chr3	82538383	82548085	-	18167	Npy2r
chr3	82836523	82876483	-	633285	Rbm46
chr3	82892582	82903974	-	79235	Lrat
chr3	83007724	83015056	+	99571	Fgg
chr3	83026153	83033627	+	14161	Fga
chr3	83042246	83049863	-	110135	Fgb
chr3	83055538	83072291	+	53317	Plrg1
chr3	83555367	83574118	-	69460	1700028M03Rik
chr3	83766321	83774314	+	20319	Sfrp2
chr3	83836272	83841608	-	24088	Tlr2
chr3	83898287	84040161	-	229473	Tmem131l
chr3	84087934	84155786	-	76915	Mnd1
chr3	84160439	84304775	-	80890	Trim2
chr3	84174638	84175193	+	624713	Gm6525
chr3	84349376	84379921	-	75309	4930565D16Rik
chr3	84442196	84480439	-	229474	Fhdc1
chr3	84496093	85887518	-	99889	Arfip1
chr3	84593574	84597032	+	403175	Tigd4
chr3	84666192	84704575	+	320782	Tmem154
chr3	84815577	84979198	+	50754	Fbxw7
chr3	85317519	85332027	+	73283	1700036G14Rik
chr3	85467377	85467498	+	100316670	Mir466k
chr3	85574129	85654470	+	229487	Gatb
chr3	85660063	85746209	-	229488	Fam160a1
chr3	85801047	85887518	-	320302	Glt28d2
chr3	85993810	86002491	-	368202	Prss48
chr3	86084434	86130522	+	27059	Sh3d19
chr3	86137940	86142668	-	20091	Rps3a1
chr3	86138791	86138858	-	19870	Snord73a
chr3	86140617	86140687	-	19871	Rnu73b
chr3	86224234	86782694	+	80877	Lrba
chr3	86545581	86548283	-	23937	Mab21l2
chr3	86786150	86920884	-	70762	Dclk2
chr3	86986586	86989533	+	12480	Cd1d2
chr3	86995834	86999340	-	12479	Cd1d1
chr3	87078592	87174747	-	170643	Kirrel
chr3	87250965	87263524	-	80891	Fcrls
chr3	87357881	87371074	+	11801	Cd5l
chr3	87376387	87402934	+	229499	Fcrl1
chr3	87435782	87500678	+	329693	Fcrl5
chr3	87525578	87540158	+	27049	Etv3
chr3	87618751	87738033	+	213498	Arhgef11
chr3	87736923	87748623	-	74485	Lrrc71
chr3	87749097	87768953	-	73182	Pear1
chr3	87778244	87795162	-	18211	Ntrk1
chr3	87796951	87816101	+	23920	Insrr
chr3	87846755	87855722	+	27371	Sh2d2a
chr3	87858903	87885562	-	94315	Prcc
chr3	87906321	87916132	+	15191	Hdgf
chr3	87919506	87923433	+	67707	Mrpl24
chr3	87922601	87930195	-	229503	Rrnad1
chr3	87930314	87940686	+	229504	Isg20l2
chr3	87948693	87953372	+	12904	Crabp2
chr3	87971093	87980451	+	18008	Nes
chr3	87987531	88000356	-	12032	Bcan
chr3	88021750	88027511	-	73940	Hapln2
chr3	88043106	88055994	+	66614	Gpatch4
chr3	88056523	88058495	-	246703	Naxe
chr3	88069410	88078304	-	214191	Ttc24
chr3	88082051	88121048	+	404710	Iqgap3
chr3	88142372	88172091	+	17261	Mef2d
chr3	88171560	88177785	-	76642	1700113A16Rik
chr3	88215171	88215257	+	100526540	Mir3093
chr3	88215598	88215686	+	387133	Mir9-1
chr3	88242874	88287217	-	58176	Rhbg
chr3	88282760	88296865	-	76927	Tsacc
chr3	88297135	88321766	+	12462	Cct3
chr3	88325023	88328631	+	56700	Glmp
chr3	88328653	88334433	-	71913	Tmem79
chr3	88336260	88362337	+	229512	Smg5
chr3	88364589	88368541	+	68957	Paqr6
chr3	88368616	88378701	-	12095	Bglap3
chr3	88377736	88378701	-	12097	Bglap2
chr3	88383495	88384466	-	12096	Bglap
chr3	88394138	88410397	-	67037	Pmf1
chr3	88410494	88425141	-	229517	Slc25a44
chr3	88435962	88461182	-	20351	Sema4a
chr3	88440879	88440951	-	102465611	Mir7011
chr3	88481148	88503352	-	16905	Lmna
chr3	88532395	88541394	+	72640	Mex3a
chr3	88536301	88536382	-	100316808	Mir1905
chr3	88542029	88548279	-	53868	Rab25
chr3	88549819	88552927	-	83409	Lamtor2
chr3	88553716	88569725	+	94232	Ubqln4
chr3	88579641	88588413	+	66256	Ssr2
chr3	88616207	88648052	+	16800	Arhgef2
chr3	88651898	88653142	-	242093	Rxfp4
chr3	88685794	88712933	+	74200	Khdc4
chr3	88716854	88731048	+	19769	Rit1
chr3	88744701	88775138	-	229521	Syt11
chr3	88775239	88854795	+	100302730	5830417I10Rik
chr3	88782943	88832487	-	319830	1500004A13Rik
chr3	88835228	88910099	+	76022	Gon4l
chr3	88905107	88913950	-	229524	Msto1
chr3	88920803	88950282	-	65111	Dap3
chr3	88950364	89079375	+	192195	Ash1l
chr3	89083977	89093363	-	72296	Rusc1
chr3	89093588	89101967	-	110196	Fdps
chr3	89136142	89146594	+	18770	Pklr
chr3	89146775	89160157	-	15168	Hcn3
chr3	89164795	89177087	+	12748	Clk2
chr3	89164795	89182770	+	105943584	Gm45927
chr3	89177391	89182770	+	24045	Scamp3
chr3	89183225	89189289	+	68521	Fam189b
chr3	89202925	89208966	+	14466	Gba
chr3	89209081	89214335	-	17827	Mtx1
chr3	89215187	89226837	+	21827	Thbs3
chr3	89227116	89227198	-	100124470	Mir92b
chr3	89229056	89233381	+	17829	Muc1
chr3	89234177	89245897	-	360213	Trim46
chr3	89246438	89249729	+	66059	Krtcap2
chr3	89266461	89267079	+	68563	Dpm3
chr3	89268246	89270570	-	19729	Slc50a1
chr3	89271730	89280951	-	13636	Efna1
chr3	89314951	89322879	-	13638	Efna3
chr3	89333393	89338028	-	13639	Efna4
chr3	89339012	89350028	-	11490	Adam15
chr3	89350219	89365253	-	77772	Dcst1
chr3	89377646	89393203	-	22724	Zbtb7b
chr3	89391864	89398779	+	545539	Gm15417
chr3	89401896	89402650	-	57275	Lenep
chr3	89401896	89411869	-	319945	Flad1
chr3	89415472	89418291	-	54124	Cks1b
chr3	89418551	89430029	+	20416	Shc1
chr3	89430214	89435131	+	68911	Pygo2
chr3	89436704	89450952	+	229534	Pbxip1
chr3	89454541	89469009	+	68603	Pmvk
chr3	89520164	89672494	+	140493	Kcnn3
chr3	89715022	89753455	+	56417	Adar
chr3	89753448	89764632	-	11444	Chrnb2
chr3	89767511	89773400	-	74034	4632404H12Rik
chr3	89773609	89783997	+	70093	Ube2q1
chr3	89831370	89858846	+	214547	She
chr3	89869324	89913196	-	16194	Il6ra
chr3	89939481	89963332	-	54667	Atp8b2
chr3	89995446	89998716	-	23897	Hax1
chr3	89998760	90001325	+	100503469	Gm19710
chr3	89999589	90052515	-	74383	Ubap2l
chr3	90011153	90011210	-	102465771	Mir7669
chr3	90051636	90063341	+	99650	4933434E20Rik
chr3	90062796	90068347	+	73545	1700094D03Rik
chr3	90070020	90070099	+	100124481	Mir190b
chr3	90072651	90100902	+	59069	Tpm3
chr3	90104132	90212017	+	77595	Nup210l
chr3	90212667	90213648	-	57294	Rps27
chr3	90213715	90226387	+	68328	Rab13
chr3	90231597	90235840	+	23922	Jtb
chr3	90237498	90243512	-	78284	Creb3l4
chr3	90248192	90253612	+	30791	Slc39a1
chr3	90254281	90264125	+	74343	Crtc2
chr3	90266514	90280665	+	229541	Dennd4b
chr3	90270149	90270212	+	102465612	Mir7012
chr3	90293184	90358120	+	229542	Gatad2b
chr3	90385233	90389938	-	26568	Slc27a3
chr3	90391380	90433636	-	229543	Ints3
chr3	90450592	90465866	-	18160	Npr1
chr3	90476201	90488379	+	67781	Ilf2
chr3	90488026	90491013	-	20615	Snapin
chr3	90498539	90509498	-	66511	Chtop
chr3	90511034	90514330	-	20193	S100a1
chr3	90514435	90524581	+	20196	S100a13
chr3	90526849	90528837	+	66166	S100a14
chr3	90537376	90543151	+	67860	S100a16
chr3	90590247	90591508	+	628324	S100a2
chr3	90600215	90602702	+	20197	S100a3
chr3	90603770	90606045	+	20198	S100a4
chr3	90608522	90611780	+	20199	S100a5
chr3	90612894	90614414	+	20200	S100a6
chr3	90654302	90658130	+	381493	S100a7a
chr3	90669071	90670034	+	20201	S100a8
chr3	90692630	90695721	-	20202	S100a9
chr3	90726906	90741517	+	384997	Pglyrp4
chr3	91071662	91075192	+	619677	4930529C04Rik
chr3	91088137	91090805	-	229550	9130204L05Rik
chr3	92014583	92031584	+	242100	Pglyrp3
chr3	92080271	92083142	-	16939	Lor
chr3	92122204	92123947	-	109314	Prr9
chr3	92134994	92142754	-	69332	Lelp1
chr3	92215835	92257304	+	20755	Sprr2a1
chr3	92285304	92289264	+	100042514	Sprr2a3
chr3	92316705	92318085	+	20756	Sprr2b
chr3	92339140	92340873	+	20758	Sprr2d
chr3	92352143	92353449	+	20759	Sprr2e
chr3	92365187	92366442	+	20760	Sprr2f
chr3	92373915	92375229	+	20761	Sprr2g
chr3	92385685	92387324	+	20762	Sprr2h
chr3	92407991	92409271	+	20763	Sprr2i
chr3	92418087	92419396	+	20764	Sprr2j-ps
chr3	92432582	92433927	+	20765	Sprr2k
chr3	92436809	92438779	-	20754	Sprr1b
chr3	92456502	92458720	-	20766	Sprr3
chr3	92483954	92485881	-	20753	Sprr1a
chr3	92500263	92500493	-	229562	Sprr4
chr3	92570900	92573735	-	16447	Ivl
chr3	92583866	92589024	-	17235	Smcp
chr3	92620085	92621660	-	78382	Lce6a
chr3	92646532	92648307	-	67127	Lce1a1
chr3	92655650	92656926	-	68720	Lce1b
chr3	92668613	92670315	-	73722	Lce1a2
chr3	92679247	92680918	+	73719	Lce1c
chr3	92685499	92687210	-	69611	Lce1d
chr3	92707400	92709074	-	68694	Lce1e
chr3	92718696	92720350	-	67828	Lce1f
chr3	92750151	92752338	-	66195	Lce1g
chr3	92763215	92765065	-	67718	Lce1h
chr3	92777210	92778899	-	76585	Lce1i
chr3	92788844	92790514	-	545547	Lce1j
chr3	92806291	92807891	-	631101	Lce1k
chr3	92823074	92827247	-	433619	Kprp
chr3	92849949	92851286	-	73730	Lce1l
chr3	92868359	92870205	-	66533	2310050C09Rik
chr3	92925287	92926230	-	545548	Lce3a
chr3	92932979	92934096	+	66344	Lce3b
chr3	92944486	92945730	+	94060	Lce3c
chr3	92957390	92958574	+	630994	Lce3d
chr3	92967061	92968281	+	69514	Lce3e
chr3	92992226	92993426	+	69520	Lce3f
chr3	93014205	93015686	-	74175	Crct1
chr3	93017807	93019060	-	66203	Lce1m
chr3	93068823	93075505	+	229571	Gm4858
chr3	93144787	93149471	+	381457	Crnn
chr3	93197273	93221377	+	229574	Flg2
chr3	93319749	93333572	+	68723	Hrnr
chr3	93393699	93399442	+	20129	Rptn
chr3	93442330	93449077	+	99681	Tchh
chr3	93468754	93471980	+	71325	Tchhl1
chr3	93520496	93526288	+	20195	S100a11
chr3	93555117	93564645	+	20194	S100a10
chr3	93651542	93652686	-	399673	Tdpoz2
chr3	93669333	93676283	-	207213	Tdpoz1
chr3	93796398	93797510	+	399675	Tdpoz4
chr3	93826020	93827117	+	399674	Tdpoz3
chr3	93960292	94072644	-	399676	Tdpoz5
chr3	94047981	94054885	-	668359	Gm9125
chr3	94174412	94178193	-	100043188	Gm10696
chr3	94310132	94332532	+	75778	Them4
chr3	94342099	94347352	+	66198	Them5
chr3	94362444	94364567	+	271944	C2cd4d
chr3	94372794	94398276	+	19885	Rorc
chr3	94399219	94404501	+	320747	Lingo4
chr3	94409395	94412912	-	76602	1700040D17Rik
chr3	94413296	94432634	+	72634	Tdrkh
chr3	94433387	94436651	-	53814	Oaz3
chr3	94443336	94448708	+	78523	Mrpl9
chr3	94464985	94473591	-	66353	Riiad1
chr3	94478295	94492198	+	78784	Celf3
chr3	94497542	94582716	-	76742	Snx27
chr3	94612753	94658872	-	22156	Tuft1
chr3	94660589	94667152	-	545551	BC021767
chr3	94693573	94704406	+	20342	Selenbp2
chr3	94760069	94786515	-	70737	Cgn
chr3	94837567	94883569	+	229584	Pogz
chr3	94884324	94886958	-	19172	Psmb4
chr3	94933083	94944758	+	20341	Selenbp1
chr3	94954135	94961561	+	53970	Rfx5
chr3	94974731	95006937	+	107650	Pi4kb
chr3	95004168	95004239	+	102465613	Mir7013
chr3	95006702	95015437	-	78266	Zfp687
chr3	95032691	95042614	-	19185	Psmd4
chr3	95058530	95106930	-	18720	Pip5k1a
chr3	95111042	95123051	+	21427	Vps72
chr3	95124514	95129208	+	50874	Tmod4
chr3	95129719	95134012	-	69269	Scnm1
chr3	95134088	95139525	+	217779	Lysmd1
chr3	95139521	95142360	-	69769	Tnfaip8l2
chr3	95160420	95174050	+	20360	Sema6c
chr3	95181766	95217942	-	213054	Gabpb2
chr3	95217457	95226658	+	100504029	Gm16740
chr3	95218544	95228677	-	56772	Mllt11
chr3	95228424	95236424	+	57912	Cdc42se1
chr3	95236920	95241109	-	229588	Gm128
chr3	95241293	95251193	-	171388	Bnipl
chr3	95253674	95282076	-	229589	Prune1
chr3	95281846	95296164	+	75007	Mindy1
chr3	95296093	95307176	-	71790	Anxa9
chr3	95315190	95323599	+	76893	Cers2
chr3	95323525	95357202	-	84505	Setdb1
chr3	95386458	95402841	-	67654	4930558C23Rik
chr3	95427349	95470390	+	100043305	Gm4349
chr3	95434390	95497240	+	11863	Arnt
chr3	95499210	95509387	+	13038	Ctsk
chr3	95526786	95556405	+	13040	Ctss
chr3	95559677	95587860	+	67981	Hormad1
chr3	95588934	95619247	+	229593	Golph3l
chr3	95624980	95632117	+	56205	Ensa
chr3	95658721	95663179	+	17210	Mcl1
chr3	95676201	95687917	-	229595	Adamtsl4
chr3	95734148	95739569	-	13601	Ecm1
chr3	95734911	95734973	-	102466787	Mir7014
chr3	95739974	95754977	-	71807	Tars2
chr3	95759873	95818953	-	75137	Rprd2
chr3	95830622	95855882	-	70767	Prpf3
chr3	95862652	95871484	-	66292	Mrps21
chr3	95871522	95889093	+	100042889	C920021L13Rik
chr3	95878505	95882228	-	229599	Ciart
chr3	95883971	95891930	-	229600	BC028528
chr3	95893921	95898592	+	226548	Aph1a
chr3	95897800	95904639	-	23831	Car14
chr3	95929257	95947387	+	66471	Anp32e
chr3	95985510	95986967	+	668224	Gm9054
chr3	95988828	95995839	-	67220	Plekho1
chr3	95999832	96058455	-	22365	Vps45
chr3	96104527	96161129	+	229603	Otud7b
chr3	96161970	96171718	+	194126	Mtmr11
chr3	96172506	96177564	+	107701	Sf3b4
chr3	96181227	96195183	+	64051	Sv2a
chr3	96196588	96198488	-	69168	Bola1
chr3	96219916	96220353	+	621893	Hist2h2ab
chr3	96220413	96220880	-	319176	Hist2h2ac
chr3	96221072	96223738	+	319190	Hist2h2be
chr3	96238479	96239127	-	97114	Hist2h3c2
chr3	96239779	96240374	-	319192	Hist2h2aa2
chr3	96245497	96247348	+	15077	Hist2h3c1
chr3	96262934	96263317	-	97122	Hist2h4
chr3	96268654	96269155	+	319154	Hist2h3b
chr3	96269700	96270192	+	319189	Hist2h2bb
chr3	96282909	96293969	-	14129	Fcgr1
chr3	96345287	96358480	+	100504145	Platr30
chr3	96414437	96414833	-	21748	Terc
chr3	96433788	96452306	-	329716	BC107364
chr3	96525185	96529216	+	69585	Hfe2
chr3	96555768	96566801	-	100038464	Gm15441
chr3	96557957	96561857	+	56338	Txnip
chr3	96577872	96594181	-	69870	Polr3gl
chr3	96596636	96599778	+	545554	Ankrd34a
chr3	96601133	96625352	+	280411	Lix1l
chr3	96606662	96629819	-	229613	6330549D23Rik
chr3	96629928	96633791	+	60365	Rbm8a
chr3	96635357	96645381	+	18632	Pex11b
chr3	96645584	96664519	+	213119	Itga10
chr3	96670131	96691034	+	213121	Ankrd35
chr3	96696375	96706070	+	229615	Pias3
chr3	96705892	96708560	-	78373	Nudt17
chr3	96711895	96727439	-	74414	Polr3c
chr3	96727611	96791155	+	67845	Rnf115
chr3	96798763	96829351	-	54215	Cd160
chr3	96829826	96832070	-	67583	4930442L01Rik
chr3	96830065	96870926	+	59020	Pdzk1
chr3	96871066	96905298	-	67549	Gpr89
chr3	96913566	96926051	-	14616	Gja8
chr3	97032402	97053634	+	14613	Gja5
chr3	97158777	97176576	+	66659	Acp6
chr3	97203662	97227364	-	77578	Bcl9
chr3	97410217	97411179	-	258272	Olfr1402
chr3	97560748	97610190	-	68058	Chd1l
chr3	97628804	97655287	+	14263	Fmo5
chr3	97658212	97673083	+	108097	Prkab2
chr3	97689828	97888707	-	83679	Pde4dip
chr3	97690509	97690562	-	102466229	Mir7225
chr3	97901227	97922318	+	20333	Sec22b
chr3	97930173	97967018	+	433632	Gm5544
chr3	98013538	98150367	+	18129	Notch2
chr3	98160634	98164169	+	71078	Adam30
chr3	98222156	98236748	+	67709	Reg4
chr3	98280431	98310738	+	15360	Hmgcs2
chr3	98313171	98339969	-	236539	Phgdh
chr3	98382481	98431949	+	242109	Zfp697
chr3	98499080	98510567	-	15495	Hsd3b4
chr3	98499080	98564009	-	100043456	Gm10681
chr3	98618636	98645534	-	15496	Hsd3b5
chr3	98711107	98724543	-	15493	Hsd3b2
chr3	98741476	98763128	-	15494	Hsd3b3
chr3	98805504	98814443	-	15497	Hsd3b6
chr3	98852194	98859794	-	15492	Hsd3b1
chr3	98874519	98893230	-	56185	Hao2
chr3	99049822	99053742	+	102634753	Gm12440
chr3	99141090	99220203	+	70560	Wars2
chr3	99199344	99199453	-	102465230	Mir6481
chr3	99253760	99354260	+	21384	Tbx15
chr3	99885417	100143322	+	74362	Spag17
chr3	100138180	100162403	-	269470	Wdr3
chr3	100162463	100206989	+	14547	Gdap2
chr3	100426405	100437754	+	73806	4930406D18Rik
chr3	100471536	100489192	-	74645	Tent5c
chr3	100562203	100685473	-	17156	Man1a2
chr3	100825459	100896922	+	242122	Vtcn1
chr3	100922493	100936925	+	229644	Trim45
chr3	100938860	100969663	-	74044	Ttf2
chr3	100993529	101029495	-	630146	Cd101
chr3	101040236	101110166	-	19221	Ptgfrn
chr3	101275908	101287939	-	12481	Cd2
chr3	101377125	101463060	+	78908	Igsf3
chr3	101576219	101604707	-	11928	Atp1a1
chr3	101813076	101848959	-	242125	Mab21l3
chr3	101855768	101924453	-	242126	Slc22a15
chr3	102010145	102015492	+	18072	Nhlh2
chr3	102086455	102146514	+	12373	Casq2
chr3	102155900	102204693	-	229658	Vangl1
chr3	102262405	102445132	+	319951	A230001M10Rik
chr3	102469919	102521013	+	18049	Ngf
chr3	102720231	102735417	-	78491	Tspan2os
chr3	102734770	102772310	+	70747	Tspan2
chr3	102777398	102782714	-	22094	Tshb
chr3	102818499	102936100	-	20957	Sycp1
chr3	102939658	102964133	-	381463	Nr1h5
chr3	102995740	103003914	+	66641	Sike1
chr3	103020546	103058186	+	229663	Csde1
chr3	103058285	103067914	+	18176	Nras
chr3	103074014	103099720	+	229665	Ampd1
chr3	103127556	103169738	+	329727	Dennd2c
chr3	103171711	103179163	+	68183	Bcas2
chr3	103279293	103358770	+	94093	Trim33
chr3	103575282	103645567	+	54524	Syt6
chr3	103735394	103738001	-	99543	Olfml3
chr3	103739815	103791563	-	15257	Hipk1
chr3	103800605	103809387	-	140917	Dclre1b
chr3	103803129	103808440	+	100503157	Gm15471
chr3	103809517	103822025	+	67489	Ap4b1
chr3	103832696	103854618	+	229672	Bcl2l15
chr3	103859795	103912252	+	19260	Ptpn22
chr3	103914120	103966620	+	229675	Rsbn1
chr3	103964536	103968316	-	100125931	Phtf1os
chr3	103968110	104007879	+	18685	Phtf1
chr3	104013259	104220406	-	99470	Magi3
chr3	104453983	104511918	-	269473	Lrig2
chr3	104638664	104658462	+	20501	Slc16a1
chr3	104767405	104777547	-	329731	Fam19a3
chr3	104781056	104786018	+	71887	Ppm1j
chr3	104789034	104794459	+	11853	Rhoc
chr3	104794832	104818563	-	17454	Mov10
chr3	104822785	104864505	-	12340	Capza1
chr3	104864506	104930064	+	229681	St7l
chr3	104944805	104961709	-	22414	Wnt2b
chr3	105001915	105053146	-	80281	Cttnbp2nl
chr3	105066844	105078806	+	75269	4930564D02Rik
chr3	105441595	105452955	-	78635	Kcnd3os
chr3	105452330	105674002	+	56543	Kcnd3
chr3	105678462	105687571	-	53975	Ddx20
chr3	105704599	105720842	+	109050	Inka2
chr3	105727260	105801381	-	109905	Rap1a
chr3	105815567	105817359	+	433637	Gm5547
chr3	105870858	105924044	+	69296	Tmigd3
chr3	105904421	105908928	+	11542	Adora3
chr3	105925891	105932664	-	433638	I830077J02Rik
chr3	105942678	105960248	-	11950	Atp5f1
chr3	105959498	105969760	+	70465	Wdr77
chr3	105973802	105987423	+	12659	Ovgp1
chr3	105996957	106014646	-	100503311	Pifo
chr3	106016919	106032895	-	229687	Chil5
chr3	106113382	106132118	+	81600	Chia1
chr3	106147554	106167564	-	12655	Chil3
chr3	106201491	106219479	-	104183	Chil4
chr3	106387384	106406182	-	229688	Chil6
chr3	106481986	106485913	-	69206	2010016I18Rik
chr3	106482431	106503030	+	72121	Dennd2d
chr3	106502260	106547802	-	99712	Cept1
chr3	106547798	106575341	+	67171	Dram2
chr3	106684987	106736577	+	321000	Lrif1
chr3	106758861	106790149	-	12508	Cd53
chr3	106821607	106822557	-	258482	Olfr266
chr3	107036162	107038129	+	16491	Kcna3
chr3	107039504	107054322	+	229694	AI504432
chr3	107101567	107115005	+	16490	Kcna2
chr3	107183143	107195721	+	242151	Kcna10
chr3	107211295	107221732	-	229697	Cym
chr3	107230614	107234031	+	319929	A630076J17Rik
chr3	107235531	107239707	-	246691	Prok1
chr3	107278858	107284082	+	68576	Lamtor5
chr3	107291230	107312115	+	229699	Slc16a4
chr3	107326110	107333289	-	229700	Rbm15
chr3	107438303	107458898	-	99738	Kcnc4
chr3	107467548	107518018	-	229706	Slc6a17
chr3	107553698	107555073	-	67591	Ubl4b
chr3	107595031	107605875	+	11694	Alx3
chr3	107612532	107631710	-	229707	Strip1
chr3	107663120	107696548	-	229709	Ahcyl1
chr3	107741048	107760469	-	12977	Csf1
chr3	107877230	107892900	+	99662	Eps8l3
chr3	107888850	107896213	-	329735	4933431E20Rik
chr3	107895854	107898685	+	14866	Gstm5
chr3	107926334	107931745	-	68312	Gstm7
chr3	107938848	107943749	-	14867	Gstm6
chr3	107963696	107969174	-	14864	Gstm3
chr3	107981702	107986436	-	14863	Gstm2
chr3	108012250	108017973	-	14862	Gstm1
chr3	108040408	108044859	-	14865	Gstm4
chr3	108074062	108086666	-	109674	Ampd2
chr3	108093066	108101430	+	14686	Gnat2
chr3	108107275	108146152	-	14679	Gnai3
chr3	108148321	108154932	-	229714	Gpr61
chr3	108186289	108192286	+	229715	Amigo1
chr3	108195771	108200834	-	72023	Cyb561d1
chr3	108202228	108210527	-	72522	Atxn7l2
chr3	108212266	108226599	-	17306	Sypl2
chr3	108256926	108279952	+	26442	Psma5
chr3	108284064	108361519	+	20661	Sort1
chr3	108364911	108380057	+	68753	Mybphl
chr3	108379277	108383741	-	100038453	Gm12522
chr3	108383804	108388231	+	56742	Psrc1
chr3	108390848	108415494	-	53883	Celsr2
chr3	108424864	108445259	-	20226	Sars
chr3	108458069	108536522	-	229722	5330417C22Rik
chr3	108537584	108544697	+	75504	1700013F07Rik
chr3	108554342	108554402	-	100217438	Scarna2
chr3	108556425	108562466	-	67495	Tmem167b
chr3	108571699	108582068	+	99730	Taf13
chr3	108591278	108645719	+	99512	Wdr47
chr3	108653913	108678840	+	229725	Clcc1
chr3	108678638	108722299	-	76123	Gpsm2
chr3	108739658	108782309	+	329738	Aknad1
chr3	108793180	108840502	-	20912	Stxbp3
chr3	108853678	108890008	-	320181	Fndc7
chr3	108902807	108911704	-	66921	Prpf38b
chr3	108940084	108960776	+	66715	Henmt1
chr3	108970997	109027607	-	329739	Fam102b
chr3	109080499	109116582	+	74686	Slc25a54
chr3	109123149	109168409	+	229731	Slc25a24
chr3	109340683	109685694	+	57257	Vav3
chr3	109780050	110143472	-	80883	Ntng1
chr3	110246104	110250999	-	99890	Prmt6
chr3	111881903	112082001	+	625585	Gm6602
chr3	113147656	113156727	-	545562	Amy2b
chr3	113249178	113258699	-	109959	Amy2a5
chr3	113279837	113356658	-	100043684	Amy2a4
chr3	113555952	113606699	-	11722	Amy1
chr3	113605067	113630149	-	67225	Rnpc3
chr3	114030540	114220756	+	12814	Col11a1
chr3	114904078	115125764	+	229759	Olfm3
chr3	115710433	115715055	-	13609	S1pr1
chr3	115881578	115888130	-	68161	A930005H10Rik
chr3	115888183	115929323	+	69740	Dph5
chr3	115938973	116007406	-	66500	Slc30a7
chr3	115979902	115979955	+	100316705	Mir669n
chr3	116007449	116029016	+	58193	Extl2
chr3	116110020	116129688	-	22329	Vcam1
chr3	116249654	116253484	-	64378	Gpr88
chr3	116272553	116424032	-	229776	Cdc14a
chr3	116488963	116508175	-	66368	Rtca
chr3	116513079	116549981	+	13171	Dbt
chr3	116562973	116583134	+	109245	Lrrc39
chr3	116581336	116614587	-	229780	Trmt13
chr3	116594958	116630986	+	72776	Sass6
chr3	116631164	116662677	-	15247	Mfsd14a
chr3	116670798	116712280	-	229782	Slc35a3
chr3	116739999	116808166	-	77559	Agl
chr3	116859567	116903750	+	20321	Frrs1
chr3	116918262	116968952	-	114301	Palmd
chr3	116968267	116984406	+	74654	4930455H04Rik
chr3	117060522	117077765	-	433646	1700061I17Rik
chr3	117319145	117360876	-	229791	Plppr4
chr3	117575227	117689508	+	75769	Plppr5
chr3	117781497	117868936	-	76561	Snx7
chr3	118433857	118433929	+	387155	Mir137
chr3	118562178	119432918	+	99586	Dpyd
chr3	119718742	119783388	-	56195	Ptbp2
chr3	120454334	120886732	-	320739	6530403H02Rik
chr3	121155400	121171695	-	66568	Rwdd3
chr3	121201761	121283098	-	99887	Tmem56
chr3	121291817	121362011	+	66789	Alg14
chr3	121426541	121458205	+	71994	Cnn3
chr3	121459528	121532344	-	213603	Slc44a3
chr3	121634936	121643485	-	100503044	A730020M07Rik
chr3	121670763	121682982	+	619318	4930432M17Rik
chr3	121723537	121735052	+	14066	F3
chr3	121758910	121815215	-	19299	Abcd3
chr3	121953326	122016154	+	214137	Arhgap29
chr3	122044460	122180061	+	11304	Abca4
chr3	122245557	122267215	+	14630	Gclm
chr3	122274414	122285271	+	99480	Dnttip2
chr3	122293585	122293703	-	791077	Mir760
chr3	122419780	122530183	+	29815	Bcar3
chr3	122538719	122619714	-	214459	Fnbp1l
chr3	122541625	122541681	-	102465764	Mir7657
chr3	122729158	122859374	+	242202	Pde5a
chr3	122795091	122801980	-	71647	4930447N08Rik
chr3	122882592	122924116	-	74057	4933405D12Rik
chr3	122895072	122899506	+	14079	Fabp2
chr3	122924397	122926194	+	67704	1810037I17Rik
chr3	122933601	122984447	-	99526	Usp53
chr3	123006206	123034987	-	59006	Myoz2
chr3	123076519	123236149	-	118449	Synpo2
chr3	123267496	123365636	+	69608	Sec24d
chr3	123368295	123385990	-	210529	Mettl14
chr3	123446913	123506602	+	19142	Prss12
chr3	123507552	123508336	-	69895	Snhg8
chr3	123526166	123690852	-	83398	Ndst3
chr3	124321037	124323260	+	229801	Tram1l1
chr3	124401155	124426028	-	71824	1700006A11Rik
chr3	124565891	124581091	-	384775	1700003H04Rik
chr3	125404091	125724986	+	64580	Ndst4
chr3	125865343	125956653	-	22239	Ugt8a
chr3	126363852	126440374	+	271970	Arsj
chr3	126596951	126846326	+	108058	Camk2d
chr3	126921607	127499115	-	109676	Ank2
chr3	127161305	127168290	+	100862268	LOC100862268
chr3	127536714	127553349	-	28036	Larp7
chr3	127545089	127546848	+	110008574	LOC110008574
chr3	127545228	127545301	+	723948	Mir302b
chr3	127545363	127545430	+	723835	Mir302c
chr3	127545496	127545564	+	723920	Mir302a
chr3	127545624	127545689	+	723928	Mir302d
chr3	127545733	127545807	+	723911	Mir367
chr3	127553489	127618023	+	71643	Zgrf1
chr3	127633145	127635631	+	11924	Neurog2
chr3	127670310	127780527	-	71481	Alpk1
chr3	127789913	127798389	+	211550	Tifa
chr3	127807264	127837492	-	211556	Ap1ar
chr3	127869688	127896323	-	70617	Fam241a
chr3	127916171	127955220	+	329753	9830132P13Rik
chr3	128117015	128231605	-	402774	D030025E07Rik
chr3	129199878	129219594	+	18741	Pitx2
chr3	129269177	129332749	-	13809	Enpep
chr3	129433673	129434712	+	435755	Pou5f1-rs4
chr3	129532386	129638495	+	170439	Elovl6
chr3	129677577	129755322	-	13645	Egf
chr3	129753758	129763882	+	319224	6330410L21Rik
chr3	129788291	129804030	-	242235	Lrit3
chr3	129808575	129822505	-	20132	Rrh
chr3	129824912	129831396	-	68147	Gar1
chr3	129836739	129875328	+	12630	Cfi
chr3	129878606	129895825	+	66350	Pla2g12a
chr3	129901415	129914112	+	12368	Casp6
chr3	129914960	129970206	-	66815	Mcub
chr3	129983185	130060907	-	99683	Sec24b
chr3	130131501	130599883	+	77018	Col25a1
chr3	130617448	130635750	+	71760	Etnppl
chr3	130695917	130709444	-	66357	Ostc
chr3	130726827	130730398	-	68436	Rpl34
chr3	131110297	131224357	+	16842	Lef1
chr3	131233419	131272101	-	15107	Hadh
chr3	131290491	131303227	-	71519	Cyp2u1
chr3	131318985	131344923	-	74442	Sgms2
chr3	131564768	131643671	+	23971	Papss1
chr3	132085292	132180304	+	56811	Dkk2
chr3	132630191	132644649	+	433653	Gimd1
chr3	132660498	132683879	-	13722	Aimp1
chr3	132684144	132841688	+	271981	Tbck
chr3	132842202	132878596	-	101243624	Gm29811
chr3	132881745	132950291	-	114249	Npnt
chr3	132982550	133092033	-	67553	Gstcd
chr3	133091855	133110988	+	71793	Ints12
chr3	133159529	133234889	-	77669	Arhgef38
chr3	133310110	133378235	+	74776	Ppa2
chr3	133463677	133544390	-	214133	Tet2
chr3	134236495	134262090	+	319478	Cxxc4
chr3	134240505	134240583	-	100316832	Mir1895
chr3	134404143	134423635	-	75208	4930539C22Rik
chr3	134829007	134934581	+	21338	Tacr3
chr3	135212563	135273540	+	229841	Cenpe
chr3	135281221	135304426	+	69772	Bdh2
chr3	135307700	135342767	+	97086	Slc9b2
chr3	135348037	135397827	+	74446	Slc9b1
chr3	135406412	135423433	-	67006	Cisd2
chr3	135436220	135438665	-	319587	4930539J05Rik
chr3	135438297	135467178	+	66105	Ube2d3
chr3	135485611	135571404	+	110173	Manba
chr3	135584655	135691547	-	18033	Nfkb1
chr3	135825279	135888572	+	67547	Slc39a8
chr3	135833694	135840269	-	71038	4933401H06Rik
chr3	136053363	136326066	-	242248	Bank1
chr3	136435270	136449349	-	70055	1700030L20Rik
chr3	136670066	136937727	+	19055	Ppp3ca
chr3	137341078	137431069	+	59308	Emcn
chr3	137550045	137552622	-	229862	Gm4861
chr3	137623672	137628332	+	73284	Ddit4l
chr3	137783535	137783615	-	102466638	Mir6380
chr3	137864487	137866922	+	51788	H2afz
chr3	137867675	137908931	+	70604	Dnajb14
chr3	137918555	137928762	+	56692	Lamtor3
chr3	137931007	137981549	-	26377	Dapp1
chr3	138048761	138067388	-	329763	Gm5105
chr3	138089855	138143388	-	17777	Mttp
chr3	138143517	138159821	+	108943	Trmt10a
chr3	138164135	138186713	-	67741	4930579F01Rik
chr3	138210717	138240405	-	68369	0610031O16Rik
chr3	138217773	138232042	+	11529	Adh7
chr3	138277645	138290691	+	11522	Adh1
chr3	138313286	138331134	+	69117	Adh6a
chr3	138374121	138388291	+	639769	Adh6-ps1
chr3	138415497	138430892	+	26876	Adh4
chr3	138437200	138455499	+	11532	Adh5
chr3	138458960	138489382	-	75624	Metap1
chr3	138526191	138559696	+	13684	Eif4e
chr3	138526421	138526485	+	100316706	Mir1956
chr3	138711535	138726984	-	74635	4930425O10Rik
chr3	138742208	138904433	+	56224	Tspan5
chr3	138925897	139075201	-	229877	Rap1gds1
chr3	139205893	139710299	+	381476	Stpg2
chr3	140028249	140028370	+	102465198	Mir7j
chr3	141210004	141212355	-	18598	Pdha2
chr3	141465564	141834924	+	22253	Unc5c
chr3	141837136	142169228	-	12167	Bmpr1b
chr3	142239585	142395696	-	56376	Pdlim5
chr3	142496934	142522344	+	229898	Gbp5
chr3	142501262	142619176	+	14468	Gbp2b
chr3	142530336	142550151	+	229900	Gbp7
chr3	142560052	142573212	+	55932	Gbp3
chr3	142620663	142638008	+	14469	Gbp2
chr3	142623860	142623946	-	102465200	Mir6381
chr3	142701048	142744911	+	229905	Kyat3
chr3	142765247	142783606	+	229906	Gtf2b
chr3	142790902	142882004	-	109333	Pkn2
chr3	142882495	142894644	+	320229	9530052C20Rik
chr3	143243055	143257996	+	320072	A830019L24Rik
chr3	143670892	143712143	-	621809	Gm6260
chr3	144188530	144205255	-	16911	Lmo4
chr3	144431107	144570216	-	23908	Hs2st1
chr3	144570427	144597677	+	93684	Selenof
chr3	144683678	144720335	-	54673	Sh3glb1
chr3	144729677	144819494	-	12722	Clca3a1
chr3	144796559	144819494	-	80797	Clca3a2
chr3	144822623	144849302	-	229927	Clca3b
chr3	144879322	144896011	-	622139	Clca4c-ps
chr3	144910921	144932529	-	99709	Clca4b
chr3	144952486	144975045	-	99663	Clca4a
chr3	145004537	145032776	-	23844	Clca1
chr3	145070265	145099041	-	229933	Clca2
chr3	145118589	145153915	+	52184	Odf2l
chr3	145292472	145552011	+	71355	Col24a1
chr3	145576208	145605245	+	229937	Znhit6
chr3	145646971	145649985	-	16007	Cyr61
chr3	145758692	145894277	+	69219	Ddah1
chr3	145924262	145934366	+	12042	Bcl10
chr3	145938032	145944826	+	66421	2410004B18Rik
chr3	145987870	146021720	+	214804	Syde2
chr3	146040526	146108036	-	242253	Wdr63
chr3	146121791	146140646	+	171166	Mcoln3
chr3	146149833	146195512	+	68279	Mcoln2
chr3	146220961	146286214	+	65086	Lpar3
chr3	146367153	146378944	-	100038607	Gm10636
chr3	146404642	146440139	+	99167	Ssx2ip
chr3	146450467	146465849	+	74245	Ctbs
chr3	146457203	146499753	-	70951	Spata1
chr3	146499836	146505543	+	14707	Gng5
chr3	146506344	146521423	-	70285	Rpf1
chr3	146581373	146615598	-	56629	Dnase2b
chr3	146597149	146631483	+	22262	Uox
chr3	146641932	146651715	+	100286843	Gm16325
chr3	146646259	146651317	-	75015	4930503B20Rik
chr3	146729579	146812946	-	18749	Prkacb
chr3	146852367	146984009	+	70892	Ttll7
chr3	148815586	148989480	-	99633	Adgrl2
chr3	149274737	149279980	+	381482	Gm1653
chr3	151023792	151023862	-	100628568	Mir3963
chr3	151437882	151545081	+	170757	Adgrl4
chr3	151730922	151749959	-	99899	Ifi44
chr3	151758737	151762891	-	15061	Ifi44l
chr3	151798610	151837528	-	19220	Ptgfr
chr3	152093841	152165900	-	54120	Gipc2
chr3	152183871	152210083	-	67035	Dnajb4
chr3	152210458	152236830	+	51886	Fubp1
chr3	152236982	152266320	-	68810	Nexn
chr3	152273459	152340407	-	215708	Miga1
chr3	152346478	152393617	+	170822	Usp33
chr3	152395473	152462826	+	108946	Zzz3
chr3	152462815	152668140	-	229949	Ak5
chr3	152666913	152681432	+	99542	AI115009
chr3	152714100	152789015	+	329777	Pigk
chr3	152820709	152982207	-	26938	St6galnac5
chr3	153147943	153152108	-	75001	4930482G09Rik
chr3	153202509	153725133	-	20447	St6galnac3
chr3	153296502	153298649	-	75489	1700012D16Rik
chr3	153789305	153792087	-	70594	5730460C07Rik
chr3	153844247	153853615	+	66772	Asb17
chr3	153850374	153852424	-	72317	Asb17os
chr3	153857141	153906138	-	55993	Msh4
chr3	153907289	153912993	-	19352	Rabggtb
chr3	153910567	153910611	-	100217468	Snord45b
chr3	153912129	153912189	-	100217425	Snord45c
chr3	153922353	153944643	-	11364	Acadm
chr3	153973436	154271722	+	242259	Slc44a5
chr3	154306293	154330560	-	16875	Lhx8
chr3	154330821	154334687	+	99686	AI606473
chr3	154576520	154597098	-	209584	Tyw3
chr3	154596711	154623182	+	12972	Cryz
chr3	154711133	154749012	+	209601	Erich3
chr3	154786291	155055407	-	435766	Tnni3k
chr3	155084918	155093378	-	75540	Fpgt
chr3	155093434	155194278	+	74435	Lrriq3
chr3	155976354	156008592	+	329780	9330178D15Rik
chr3	156546753	156561746	-	329782	4930570G19Rik
chr3	156561794	157316464	+	320840	Negr1
chr3	157527515	157534090	-	381498	4930592C13Rik
chr3	157534397	157548339	+	53861	Zranb2
chr3	157544279	157544349	+	387181	Mir186
chr3	157566892	157644758	+	19218	Ptger3
chr3	157894248	157925063	-	107869	Cth
chr3	157947466	158006837	+	433667	Ankrd13c
chr3	158010493	158036639	-	69207	Srsf11
chr3	158036682	158067090	+	67144	Lrrc40
chr3	158082895	158562221	-	242274	Lrrc7
chr3	159076364	159308080	+	624759	Gm20752
chr3	159495433	159529955	+	76131	Depdc1a
chr3	159599181	159625307	+	19892	Rpe65
chr3	159839695	159938664	+	68151	Wls
chr4	3172083	3173003	+	100312470	Vmn1r2
chr4	3184385	3185305	-	100312471	Vmn1r3
chr4	3537090	3537191	+	100499523	Mir3471-2
chr4	3549041	3574768	-	72098	Tmem68
chr4	3574879	3616624	+	116940	Tgs1
chr4	3656506	3663108	+	70143	2210414B05Rik
chr4	3678121	3791612	+	17096	Lyn
chr4	3714964	3716813	+	70720	6330407A03Rik
chr4	3831584	3835655	-	67427	Rps20
chr4	3870658	3872105	-	17451	Mos
chr4	3901158	3938405	-	56711	Plag1
chr4	3938888	3951382	+	66433	Chchd7
chr4	3995942	4019663	-	242285	Sdr16c5
chr4	4056665	4077514	-	242286	Sdr16c6
chr4	4133536	4138815	-	18619	Penk
chr4	4527774	4529458	-	622019	Gm11780
chr4	4764342	4793306	-	242291	Impad1
chr4	5632328	5642284	+	73872	4930423M02Rik
chr4	5644179	6108222	+	242297	Fam110b
chr4	6191105	6219788	+	68053	Ubxn2b
chr4	6265612	6275631	-	13122	Cyp7a1
chr4	6365680	6396122	+	53378	Sdcbp
chr4	6396207	6454271	-	18201	Nsmaf
chr4	6687386	6991557	-	252838	Tox
chr4	7560688	7573801	+	71510	8430436N08Rik
chr4	8141493	8239041	-	12319	Car8
chr4	8535644	8607702	+	59021	Rab2a
chr4	8690406	8868449	+	320790	Chd7
chr4	9269317	9451691	+	74438	Clvs1
chr4	9449085	9669344	-	65973	Asph
chr4	9770585	9823411	+	320152	4930412C18Rik
chr4	9844372	9862345	+	242316	Gdf6
chr4	9915965	9917397	-	74662	4930448K20Rik
chr4	10508031	10797802	-	73624	1700123O12Rik
chr4	10845500	10845630	-	100499521	Mir3471-1
chr4	10874498	10899425	+	67157	2610301B20Rik
chr4	10988662	11007619	-	71801	Plekhf2
chr4	11051045	11076205	-	76947	Ndufaf6
chr4	11123958	11126998	+	100503518	Gm11827
chr4	11134097	11134182	+	735261	Mir684-2
chr4	11156441	11174377	+	60599	Trp53inp1
chr4	11191351	11204779	+	12448	Ccne2
chr4	11199158	11254259	-	72656	Ints8
chr4	11265079	11322131	-	381510	Dpy19l4
chr4	11331933	11386783	-	207920	Esrp1
chr4	11485958	11551143	+	66185	Virma
chr4	11558920	11615808	+	623474	Rad54b
chr4	11579662	11587802	+	100503583	Fsbp
chr4	11704447	11714993	+	14579	Gem
chr4	11758157	11817905	+	12557	Cdh17
chr4	11958183	11966450	-	381511	Pdp1
chr4	11966574	11994295	+	100503636	1700123M08Rik
chr4	12039355	12088001	-	329795	Tmem67
chr4	12089370	12096271	+	77604	Rbm12b2
chr4	12140117	12146745	+	72397	Rbm12b1
chr4	12153142	12172015	-	68099	Fam92a
chr4	12906837	12981485	+	208820	Triqk
chr4	13743302	13895056	+	12395	Runx1t1
chr4	14212012	14291309	-	100040030	Gm2560
chr4	14505197	14621778	-	208890	Slc26a7
chr4	14623620	14796052	-	73314	Lrrc69
chr4	14809505	14826587	-	72201	Otud6b
chr4	14864219	14915260	+	72519	Pip4p2
chr4	14930641	14953030	+	100038514	Gm11837
chr4	14952245	15149131	-	69352	Necab1
chr4	15265820	15286753	+	100201	Tmem64
chr4	15881264	15906709	+	12307	Calb1
chr4	15917240	15945507	-	67460	Decr1
chr4	15942900	15942991	-	102466644	Mir6400
chr4	15957967	15992589	+	27354	Nbn
chr4	15997121	16013877	-	209212	Osgin2
chr4	16123375	16163498	-	192656	Ripk2
chr4	16164110	16266225	+	100415915	A530072M11Rik
chr4	17852893	18118734	+	17389	Mmp16
chr4	19280850	19510623	+	30952	Cngb3
chr4	19519252	19570104	-	70568	Cpne3
chr4	19575066	19606932	+	66302	Rmdn1
chr4	19608296	19709004	-	107568	Wwp1
chr4	19716733	19719886	-	102632246	Gm12354
chr4	19818727	19842213	+	74087	Slc7a13
chr4	19876838	19922566	-	242341	Atp6v0d2
chr4	19979445	20005739	-	74988	4930480G23Rik
chr4	20008243	20030822	+	50500	Ttpa
chr4	20042052	20066111	+	14590	Ggh
chr4	20118874	20778668	-	269513	Nkain3
chr4	21677480	21685963	-	230025	Prdm13
chr4	21727701	21759922	+	51813	Ccnc
chr4	21757382	21767211	-	77032	Tstd3
chr4	21776270	21837872	+	77593	Usp45
chr4	21846327	21848448	-	67735	4930528A17Rik
chr4	21847583	21876475	+	66625	Pnisr
chr4	21879675	21912126	+	230027	Coq3
chr4	21931326	22001461	+	76132	Faxc
chr4	22357543	22434091	+	269514	Fbxl4
chr4	22482095	22488366	-	18992	Pou3f2
chr4	22490548	22493126	+	105500046	Gm30731
chr4	24496462	24602950	+	212377	Mms22l
chr4	24617273	24851086	-	212390	Klhl32
chr4	24898083	24905001	+	68493	Ndufaf4
chr4	24973419	25009233	+	81006	Gpr63
chr4	25199909	25242876	-	57756	Fhl5
chr4	25248586	25281821	-	67490	Ufl1
chr4	25609333	25800003	-	14348	Fut9
chr4	26324506	26346652	-	242362	Manea
chr4	26635820	26705449	-	75360	4930548K13Rik
chr4	28813131	28967503	+	13841	Epha7
chr4	30664596	30855744	+	75332	4930556G01Rik
chr4	31964107	32023467	+	26409	Map3k7
chr4	32238950	32586108	+	12014	Bach2
chr4	32559680	32571662	-	414068	Bach2os
chr4	32600865	32602382	-	14610	Gja10
chr4	32615470	32653271	+	26885	Casp8ap2
chr4	32657119	32775217	+	100019	Mdn1
chr4	32800259	32802268	+	108755	Lyrm2
chr4	32804035	32950826	-	140577	Ankrd6
chr4	32982998	33022180	+	52187	Rragd
chr4	33027139	33031323	-	100504166	4933421O10Rik
chr4	33031425	33052364	+	56228	Ube2j1
chr4	33063112	33095865	+	14409	Gabrr2
chr4	33132556	33163588	+	14408	Gabrr1
chr4	33170401	33189737	-	242377	Pm20d2
chr4	33208991	33233340	+	272009	Srsf12
chr4	33245423	33248787	-	108767	Pnrc1
chr4	33310311	33502614	+	24018	Rngtt
chr4	33438081	33438209	+	102465904	Mir8118
chr4	33924632	33948831	+	12801	Cnr1
chr4	34024872	34050067	-	67652	Spaca1
chr4	34550615	34566908	+	433693	Akirin2
chr4	34566781	34614942	-	50793	Orc3
chr4	34614958	34660167	+	109093	Rars2
chr4	34663257	34687438	-	24060	Slc35a1
chr4	34688784	34730206	-	69329	Cfap206
chr4	34743788	34756259	-	214568	Gm136
chr4	34768672	34778359	-	66291	Smim8
chr4	34803110	34882948	-	30046	Zfp292
chr4	34893779	34907374	+	12640	Cga
chr4	34909789	34911481	-	73696	Platr9
chr4	34949074	35157484	-	214944	Mob3b
chr4	35152055	35154019	+	387510	Ifnk
chr4	35191282	35226123	-	73205	C9orf72
chr4	35706647	36951744	-	242384	Lingo2
chr4	36645373	36645453	-	100124458	Mir876
chr4	36668510	36668586	-	100124457	Mir873a
chr4	36668510	36668586	+	102465229	Mir873b
chr4	39450293	39451780	+	75471	1700009N14Rik
chr4	40143265	40199009	+	11428	Aco1
chr4	40203777	40239825	-	230073	Ddx58
chr4	40259606	40269841	-	106021	Topors
chr4	40269579	40270221	+	100504309	Smim27
chr4	40270591	40279421	-	230075	Ndufb6
chr4	40313232	40317719	+	75819	4930509K18Rik
chr4	40472180	40475653	+	320500	Tmem215
chr4	40482840	40525548	-	71293	4933428C19Rik
chr4	40682078	40703194	-	66408	Aptx
chr4	40720154	40722841	-	622208	Gm6297
chr4	40722468	40734965	+	15502	Dnaja1
chr4	40722917	40722995	+	387203	Mir207
chr4	40735649	40757885	-	74255	Smu1
chr4	40804582	40854537	-	14595	B4galt1
chr4	40850056	40850138	-	100628614	Mir5123
chr4	40920056	40931395	+	20731	Spink4
chr4	40936398	40948294	-	12017	Bag1
chr4	40948536	40965302	+	76959	Chmp5
chr4	40970906	41025992	+	74164	Nfx1
chr4	40993695	40993758	+	100526501	Mir3094
chr4	41033074	41048136	-	11832	Aqp7
chr4	41092724	41098183	-	11828	Aqp3
chr4	41114427	41124339	-	230082	Nol6
chr4	41136021	41193370	+	67615	Ube2r2
chr4	41194315	41275135	-	68926	Ubap2
chr4	41291300	41314901	-	68970	Dcaf12
chr4	41348996	41389766	+	67123	Ubap1
chr4	41390748	41464848	-	109242	Kif24
chr4	41465148	41480926	+	66401	Nudt2
chr4	41495601	41503075	-	329828	AI464131
chr4	41505009	41517333	-	73721	1110017D15Rik
chr4	41517437	41518929	+	76992	Fam219aos
chr4	41518929	41569527	-	71901	Fam219a
chr4	41569794	41638158	+	68922	Dnaic1
chr4	41638144	41640302	-	69638	Enho
chr4	41657498	41697091	-	12804	Cntfr
chr4	41712033	41713517	-	69961	Rpp25l
chr4	41714798	41723163	-	53598	Dctn3
chr4	41723836	41731142	-	550619	Arid3c
chr4	41738493	41741359	-	18391	Sigmar1
chr4	41755228	41759224	+	14430	Galt
chr4	41760443	41769473	+	16157	Il11ra1
chr4	41769467	41774176	-	20301	Ccl27a
chr4	41886578	41887367	+	545605	Gm5859
chr4	41903613	42613253	+	65956	Ccl21c
chr4	41941634	42439974	+	100041579	Gm20878
chr4	42055152	42587038	+	665845	Gm7819
chr4	42153445	42656005	+	100040048	Ccl27b
chr4	42158092	42656005	+	100039863	Gm13306
chr4	42158842	42168603	-	100042555	Gm13305
chr4	42255731	42256825	+	100042493	Ccl21b
chr4	42293864	42294898	+	621580	Gm21953
chr4	42522439	42528237	-	545611	Fam205a2
chr4	42655275	42665763	-	16158	Il11ra2
chr4	42712687	42734879	-	100039374	Gm2192
chr4	42735867	42846261	+	102638670	4930578G10Rik
chr4	42754525	42756518	-	24047	Ccl19
chr4	42772860	42773991	-	18829	Ccl21a
chr4	42848071	42853888	-	433698	Fam205a1
chr4	42868003	42874203	-	277773	Fam205c
chr4	42916727	42941607	+	230085	Phf24
chr4	42949867	42958732	+	56323	Dnajb5
chr4	42969946	42974325	+	67317	1700022I11Rik
chr4	42979964	43000507	-	269523	Vcp
chr4	43002337	43010488	-	60534	Fancg
chr4	43017626	43025814	-	56703	Pigo
chr4	43027690	43031384	-	66592	Stoml2
chr4	43032414	43046220	-	230088	Fam214b
chr4	43058953	43264873	+	22249	Unc13b
chr4	43267159	43373831	+	320571	Atp8b5
chr4	43381982	43427092	+	100213	Rusc2
chr4	43427020	43429134	-	329831	Fam166b
chr4	43442277	43448075	+	21754	Tesk1
chr4	43447724	43454626	-	12517	Cd72
chr4	43482083	43483709	-	54390	Sit1
chr4	43492785	43493059	-	19782	Rmrp
chr4	43493365	43495921	+	622404	Ccdc107
chr4	43496142	43499660	-	230098	Arhgef39
chr4	43507026	43513725	+	230099	Car9
chr4	43513726	43523554	-	22004	Tpm2
chr4	43531513	43562583	-	21894	Tln1
chr4	43562634	43567060	+	12913	Creb3
chr4	43566928	43578864	-	230101	Gba2
chr4	43578735	43587487	+	242406	Rgp1
chr4	43583216	43584494	-	100039672	Msmp
chr4	43631935	43651244	+	230103	Npr2
chr4	43651330	43653594	-	433700	Spag8
chr4	43654227	43656445	-	68917	Hint2
chr4	43659622	43668859	-	242408	Fam221b
chr4	43668971	43692668	+	242409	Tmem8b
chr4	43695000	43700807	-	56014	Olfr70
chr4	43705628	43706566	-	56015	Olfr71
chr4	43727198	43728110	+	100039781	Hrct1
chr4	43730034	43734534	+	71406	Spaar
chr4	43751859	43759464	+	319973	A630077J23Rik
chr4	43770050	43771009	-	29849	Olfr159
chr4	43781365	43782327	-	29848	Olfr29-ps1
chr4	43820335	43821433	-	29846	Olfr156
chr4	43834752	43836517	-	100040268	Olfr157
chr4	43854292	43855463	+	29845	Olfr155
chr4	43875530	43944806	+	53614	Reck
chr4	43957702	43979118	+	384009	Glipr2
chr4	43983504	43985533	+	442829	Ccin
chr4	44004452	44032848	+	12757	Clta
chr4	44034075	44084177	-	50798	Gne
chr4	44121893	44124123	+	623796	Gm12504
chr4	44126212	44168283	-	73469	Rnf38
chr4	44221195	44221267	-	100628618	Mir5106
chr4	44300917	44364675	+	17279	Melk
chr4	44531506	44710440	-	18507	Pax5
chr4	44607491	44607568	-	100628590	Mir5120
chr4	44702800	44705110	+	70602	5730488B01Rik
chr4	44756559	44932215	+	319885	Zcchc7
chr4	44981394	44990734	+	76238	Grhpr
chr4	44991242	45012412	-	230119	Zbtb5
chr4	45018609	45034279	+	64424	Polr1e
chr4	45034248	45084604	-	269529	Fbxo10
chr4	45105209	45108113	-	68512	Tomm5
chr4	45184906	45285936	+	666060	Frmpd1
chr4	45234723	45243990	-	78508	Frmpd1os
chr4	45297168	45316131	+	69934	Trmt10b
chr4	45316629	45320603	-	66362	Exosc3
chr4	45342101	45379722	+	242418	Dcaf10
chr4	45395923	45408766	-	230125	Slc25a51
chr4	45423276	45530828	-	230126	Shb
chr4	45640954	45642304	+	100040557	Gm12408
chr4	45683589	45723706	+	329839	Gm829
chr4	45762377	45764223	-	100040567	Gm12409
chr4	45799022	45804608	+	72535	Aldh1b1
chr4	45809507	45826827	-	75426	Igfbpl1
chr4	45848816	45887010	+	74152	Stra6l
chr4	45890303	45950774	+	381522	Ccdc180
chr4	45965335	46034765	+	100121	Tdrd7
chr4	46039222	46116032	+	21916	Tmod1
chr4	46114746	46138475	-	272027	Tstd2
chr4	46138511	46172403	+	433702	Ncbp1
chr4	46175222	46196311	-	22590	Xpa
chr4	46344194	46345309	+	110805	Foxe1
chr4	46376975	46389423	-	74753	Trmo
chr4	46393989	46413509	-	93966	Hemgn
chr4	46451117	46472523	+	67628	Anp32b
chr4	46489329	46503438	+	94181	Nans
chr4	46493781	46536141	-	74735	Trim14
chr4	46536937	46601929	-	107684	Coro2a
chr4	46604390	46650199	-	381605	Tbc1d2
chr4	46663898	46991714	-	242425	Gabbr2
chr4	47015689	47057306	-	75691	Anks6
chr4	47091953	47123042	+	230145	Galnt12
chr4	47208012	47313165	+	12819	Col15a1
chr4	47353222	47414924	+	21812	Tgfbr1
chr4	47469833	47474367	-	56737	Alg2
chr4	47474661	47483233	+	66212	Sec61b
chr4	48045305	48086446	+	18124	Nr4a3
chr4	48124919	48186507	+	67727	Stx17
chr4	48193331	48279589	-	76299	Erp44
chr4	48213119	48213215	-	100316708	Mir1958
chr4	48279760	48431953	+	16348	Invs
chr4	48430956	48473422	-	269536	Tex10
chr4	48539946	48561920	+	66665	Msantd3
chr4	48585193	48663131	+	230157	Tmeff1
chr4	48663514	48673492	+	68016	Cavin4
chr4	49059462	49340261	+	272031	Plppr1
chr4	49379845	49408151	-	209186	Acnat2
chr4	49443532	49451109	-	230161	Acnat1
chr4	49489418	49506558	-	12012	Baat
chr4	49512597	49521083	-	28028	Mrpl50
chr4	49521176	49531558	+	230162	Zfp189
chr4	49535993	49549546	-	230163	Aldob
chr4	49584506	49597870	-	67063	Tmem246
chr4	49632060	49656886	+	109331	Rnf20
chr4	49661611	49845769	-	242443	Grin3a
chr4	49678747	49681983	-	19059	Ppp3r2
chr4	51216678	51229928	+	74914	Cylc2
chr4	51968094	52051110	-	329844	C630028M04Rik
chr4	52430284	52438964	-	72648	Smc2os
chr4	52439221	52488365	+	14211	Smc2
chr4	52596274	52612163	+	68274	Toporsl
chr4	52814604	52828269	+	75367	4930552N02Rik
chr4	52825399	52826358	+	258857	Olfr275
chr4	52855558	52856511	-	258821	Olfr273
chr4	52910833	52911792	-	258836	Olfr272
chr4	52970629	52971567	+	258600	Olfr270
chr4	52989284	53000854	+	73398	Nipsnap3a
chr4	53011924	53022059	+	66536	Nipsnap3b
chr4	53030789	53159895	-	11303	Abca1
chr4	53246196	53251120	+	78180	4930522O17Rik
chr4	53261356	53270232	-	381524	AI427809
chr4	53440413	53622478	+	100434	Slc44a1
chr4	53631471	53707009	+	319636	Fsd1l
chr4	53714182	53777890	+	246179	Fktn
chr4	53779705	53786885	+	21350	Tal2
chr4	53826045	53862018	+	52076	Tmem38b
chr4	54947945	55083563	+	242466	Zfp462
chr4	55350042	55392237	+	19359	Rad23b
chr4	55410443	55418842	-	100415914	Gm12505
chr4	55527137	55532475	-	16600	Klf4
chr4	56740005	56741425	-	11471	Actl7b
chr4	56743422	56744925	+	11470	Actl7a
chr4	56749680	56802331	-	230233	Elp1
chr4	56802329	56809605	+	230234	Fam206a
chr4	56810935	56865211	-	54366	Ctnnal1
chr4	56876013	56947429	-	242474	Tmem245
chr4	56895229	56895298	-	723837	Mir32
chr4	56960136	56990391	-	230235	Frrs1l
chr4	57061726	57143156	-	54357	Epb41l4b
chr4	57172071	57176554	+	329851	Gm12530
chr4	57190841	57301837	-	545622	Ptpn3
chr4	57359792	57364292	-	73349	1700042G15Rik
chr4	57434475	57896984	+	677884	Pakap
chr4	57568248	57717146	+	242481	Palm2
chr4	57845248	57896984	+	11641	Akap2
chr4	57908384	57916264	-	242484	D630039A03Rik
chr4	57943373	57956411	-	22166	Txn1
chr4	57984029	58009124	-	67402	Txndc8
chr4	58042796	58206596	-	64817	Svep1
chr4	58285962	58374303	+	18198	Musk
chr4	58435252	58553491	-	14745	Lpar1
chr4	58441012	58441098	-	100526502	Mir3095
chr4	58784779	58785720	-	258922	Olfr267
chr4	58800030	58912725	-	230249	Ecpas
chr4	58943628	58958355	+	100041581	Zkscan16
chr4	58965590	58987078	-	67103	Ptgr1
chr4	59003193	59023398	+	72429	Dnajc25
chr4	59035156	59041899	+	14700	Gng10
chr4	59189550	59222833	+	22234	Ugcg
chr4	59260051	59269144	+	101055769	Gm12596
chr4	59314683	59438633	-	634731	Susd1
chr4	59471868	59549364	-	230257	Ptbp3
chr4	59581563	59618694	+	72479	Hsdl2
chr4	59626211	59754303	+	230259	E130308A19Rik
chr4	59769642	59783855	-	66209	Inip
chr4	59805650	59904740	+	209131	Snx30
chr4	59905899	59915056	-	30936	Slc46a2
chr4	59956806	59960665	-	17843	Mup4
chr4	60003549	60006214	+	620807	Mup6
chr4	60066469	60070475	-	100041658	Mup7
chr4	60135913	60421952	-	100038948	Mup9
chr4	60135913	60662395	-	17841	Mup2
chr4	60218621	60421952	-	100041687	Mup8
chr4	60498012	60501960	-	17840	Mup1
chr4	60578260	60741281	-	100039008	Mup10
chr4	60658466	60662395	-	100039028	Mup11
chr4	60737381	60821418	-	100039054	Mup12
chr4	60817586	60821418	-	100861909	Gm21320
chr4	61224307	61595832	-	100039089	Mup13
chr4	61224307	61674094	-	100039116	Mup14
chr4	61224307	61674094	-	100048884	Mup18
chr4	61300037	61519486	-	100039177	Mup16
chr4	61300037	61595832	-	100039150	Mup15
chr4	61516512	61595832	-	100048885	Gm2083
chr4	61591931	61595832	-	100039206	Mup17
chr4	61778328	61782224	-	100189605	Mup19
chr4	61831319	61835180	-	17844	Mup5
chr4	62050234	62054117	-	381530	Mup20
chr4	62083476	62087312	-	17842	Mup3
chr4	62084517	62150841	-	381531	Mup21
chr4	62189537	62208546	-	22696	Zfp37
chr4	62286429	62298412	+	20530	Slc31a2
chr4	62300342	62360548	-	338355	Fkbp15
chr4	62360701	62391769	+	20529	Slc31a1
chr4	62381576	62408623	-	66440	Cdc26
chr4	62408783	62426990	+	70052	Prpf4
chr4	62427542	62434726	-	76072	Rnf183
chr4	62452632	62470895	-	71354	Wdr31
chr4	62480067	62497298	+	192120	Bspry
chr4	62499054	62502200	-	72748	Hdhd3
chr4	62505984	62520063	-	17025	Alad
chr4	62523798	62525014	-	59001	Pole3
chr4	62525369	62547993	+	214106	4933430I17Rik
chr4	62559847	62703019	+	50780	Rgs3
chr4	62965574	63134030	+	72701	Zfp618
chr4	63143275	63154172	-	11699	Ambp
chr4	63165630	63172131	-	16552	Kif12
chr4	63215412	63334991	+	373864	Col27a1
chr4	63256851	63256932	+	735262	Mir455
chr4	63344556	63348163	+	18405	Orm1
chr4	63356162	63359511	+	18407	Orm3
chr4	63362449	63365877	+	18406	Orm2
chr4	63367123	63410714	-	100182	Akna
chr4	63414910	63495991	-	73750	Whrn
chr4	63544765	63550701	+	66290	Atp6v1g1
chr4	63558788	63586353	+	230279	Tmem268
chr4	63596901	63605261	-	670833	Gm11213
chr4	63607091	63622429	-	75524	Tex48
chr4	63634421	63639478	+	102632940	Gm11482
chr4	63724603	63745113	-	326623	Tnfsf15
chr4	63832824	63861284	-	21949	Tnfsf8
chr4	63959785	64047015	-	21923	Tnc
chr4	64254053	64276603	-	102633436	Gm11217
chr4	65124174	65357509	+	18491	Pappa
chr4	65380803	66404483	-	56079	Astn2
chr4	65604986	65616240	+	69807	Trim32
chr4	66827551	66846581	+	21898	Tlr4
chr4	68761372	68954397	-	56710	Brinp1
chr4	70216855	70410435	-	214444	Cdk5rap2
chr4	70431927	70534928	-	230316	Megf9
chr4	72109945	72200893	-	21885	Tle1
chr4	72201244	72203930	+	68285	C630043F03Rik
chr4	72850583	72852634	-	353204	Aldoart1
chr4	73401032	73405072	-	433719	Gm11487
chr4	73605544	73611922	+	100502924	Gm38423
chr4	73620648	73672398	+	101055863	Gm11239
chr4	73635785	73642163	+	100862015	Gm11236
chr4	73650910	73657292	+	100502896	Gm11238
chr4	73653246	73687559	+	242502	Gm428
chr4	73714579	73790713	-	242505	Rasef
chr4	73791244	73798378	+	667768	Gm11240
chr4	73872219	73876266	-	545637	Gm11758
chr4	73887066	73891080	-	623272	Gm11757
chr4	73901906	73905921	-	667780	Gm13871
chr4	73939371	73950846	-	71886	2310002L09Rik
chr4	74013603	74202214	+	242506	Frmd3
chr4	74242497	74405864	+	76804	Kdm4c
chr4	75277354	75278286	-	66928	Dmac1
chr4	75941237	78211895	-	19266	Ptprd
chr4	78594047	78597484	+	623726	A430085M09Rik
chr4	80834213	80851736	+	22178	Tyrp1
chr4	80910686	80954301	+	52829	Lurap1l
chr4	81278499	81442815	-	17475	Mpdz
chr4	82065380	82102807	+	545641	Gm5860
chr4	82290173	82505779	-	18028	Nfib
chr4	82798738	82859661	-	68268	Zdhhc21
chr4	82881751	82885151	-	12622	Cer1
chr4	82897920	83052167	-	329872	Frem1
chr4	83220301	83324189	-	69863	Ttc39b
chr4	83378317	83390668	-	790913	Gm11413
chr4	83417744	83467597	+	77634	Snapc3
chr4	83455680	83486448	-	101739	Psip1
chr4	83525545	83864670	+	320226	Ccdc171
chr4	84042040	84044879	-	78238	6030471H07Rik
chr4	84272542	84675086	-	242509	Bnc2
chr4	84884309	85131921	+	338349	Cntln
chr4	85205456	85389380	+	20404	Sh3gl2
chr4	86053915	86428382	+	77739	Adamtsl1
chr4	86444698	86558303	-	75811	Saxo1
chr4	86558444	86559804	+	74888	Saxo1os
chr4	86575673	86577285	+	68441	Rraga
chr4	86581284	86612022	-	230376	Haus6
chr4	86586453	86586570	-	100217448	Scarna8
chr4	86656565	86670059	-	11520	Plin2
chr4	86748555	86850603	+	329877	Dennd4c
chr4	86854099	86857367	-	20104	Rps6
chr4	86874414	86932490	+	230379	Acer2
chr4	86983124	87230540	-	76376	Slc24a2
chr4	87769925	88033407	-	70122	Mllt3
chr4	88094630	88411011	+	230393	Focad
chr4	88122040	88122125	+	735282	Mir491
chr4	88396144	88438926	-	66775	Hacd4
chr4	88522025	88522794	-	15977	Ifnb1
chr4	88557673	88558245	-	242517	Ifna15
chr4	88571229	88571798	-	404549	Ifna14
chr4	88591813	88592385	-	15972	Ifna9
chr4	88602580	88603376	-	242519	Ifna12
chr4	88627320	88634186	-	381590	C87499
chr4	88643641	88644459	-	230396	Ifna13
chr4	88676287	88676856	-	230398	Ifna16
chr4	88683207	88683779	-	15965	Ifna2
chr4	88690599	88691268	-	15974	Ifnab
chr4	88718292	88722508	-	242521	Klhl9
chr4	88754868	88755416	+	435791	Gm13271
chr4	88757844	88758392	+	100041062	Gm13286
chr4	88760774	88761584	+	545645	Gm13283
chr4	88773834	88777729	+	545646	Gm13290
chr4	88779850	88780660	+	545648	Gm13272
chr4	88782131	88783592	+	319146	Ifnz
chr4	88785054	88786515	+	545649	Gm13276
chr4	88787977	88789438	+	545650	Gm13277
chr4	88790895	88792356	+	545651	Gm13278
chr4	88793742	88795297	+	545652	Gm13275
chr4	88797237	88798204	+	545653	Gm13279
chr4	88800320	88803802	+	545654	Gm13285
chr4	88805531	88808380	+	668208	Gm13288
chr4	88816225	88816800	+	15970	Ifna7
chr4	88819919	88820565	+	15964	Ifna11
chr4	88827416	88827985	+	15969	Ifna6
chr4	88835525	88836094	+	15968	Ifna5
chr4	88841816	88842459	+	15967	Ifna4
chr4	88850087	88850656	+	15962	Ifna1
chr4	88879538	88880201	-	230405	Ifne
chr4	88909854	88942042	-	106557447	LOC106557447
chr4	88910557	88910662	-	723895	Mir31
chr4	89050307	89084610	+	100040617	Wincr1
chr4	89099867	89128226	-	102637941	Gm12602
chr4	89137370	89181090	+	66902	Mtap
chr4	89274473	89294619	-	12578	Cdkn2a
chr4	89295180	89518621	+	102633081	Gm12610
chr4	89306289	89311032	-	12579	Cdkn2b
chr4	89688198	89694766	+	242523	Dmrta1
chr4	90218820	90225687	+	236537	Zfp352
chr4	90359625	90361314	-	619842	Gm12633
chr4	91250766	91399984	-	15569	Elavl2
chr4	91373284	91373363	-	102466157	Mir6402
chr4	92144318	92147234	-	69314	Izumo3
chr4	93334148	93335511	-	69136	Tusc1
chr4	94500079	94556796	-	67770	Caap1
chr4	94565139	94603247	-	18786	Plaa
chr4	94593650	94600319	+	667250	Gm12657
chr4	94614491	94693233	+	67694	Ift74
chr4	94636660	94650144	-	100061	Lrrc19
chr4	94665157	94665237	+	100124456	Mir872
chr4	94739289	94874976	+	21687	Tek
chr4	94907267	94928843	-	67753	Eqtn
chr4	94942041	94979100	-	320713	Mysm1
chr4	95049036	95052222	-	16476	Jun
chr4	95557507	95926939	+	75578	Fggy
chr4	95959711	95967655	-	319247	9530080O11Rik
chr4	95967379	96024277	+	77963	Hook1
chr4	96042660	96077540	-	230459	Cyp2j13
chr4	96099318	96141152	-	242546	Cyp2j12
chr4	96294508	96348680	-	100066	Cyp2j11
chr4	96444588	96507386	-	665095	Cyp2j8
chr4	96516138	96553651	-	13110	Cyp2j6
chr4	96568429	96591485	-	74519	Cyp2j9
chr4	96627432	96664119	-	13109	Cyp2j5
chr4	96723887	96785160	-	620779	Gm12695
chr4	97567875	97778048	-	319865	E130114P18Rik
chr4	97581943	98118876	+	18027	Nfia
chr4	98355370	98383265	-	94043	Tm2d1
chr4	98395826	98719603	+	12695	Patj
chr4	98699854	98700755	-	102638531	Gm35073
chr4	98726754	98738486	+	381591	L1td1
chr4	98754892	98817537	-	242553	Kank4
chr4	98793768	98799037	+	399570	Kank4os
chr4	98923810	98935543	+	230484	Usp1
chr4	98936659	99120915	-	67299	Dock7
chr4	99030954	99046111	+	30924	Angptl3
chr4	99193934	99259787	+	242557	Atg4c
chr4	99656299	99658671	+	15221	Foxd3
chr4	99715630	99763460	+	320438	Alg6
chr4	99765402	99829118	-	67733	Itgb3bp
chr4	99829500	99912785	+	230500	Efcab7
chr4	99929451	99987294	+	72157	Pgm2
chr4	100095791	100444806	+	26563	Ror1
chr4	100478867	100550145	+	381534	Ube2u
chr4	100776679	101003749	+	320508	Cachd1
chr4	101069038	101152370	+	242570	Raver2
chr4	101151974	101265282	-	16451	Jak1
chr4	101346524	101356248	-	77866	E130102H24Rik
chr4	101346945	101347027	-	387143	Mir101a
chr4	101353783	101399185	+	68400	0610043K17Rik
chr4	101419289	101467771	+	11639	Ak4
chr4	101496648	101642799	+	72685	Dnajc6
chr4	101647783	101659358	+	230514	Leprot
chr4	101717407	101815354	+	16847	Lepr
chr4	101834969	101844022	-	545662	B020004J07Rik
chr4	101890024	101893789	-	242574	C130073F10Rik
chr4	101940407	101943183	+	332923	Gm12794
chr4	101986840	101990231	+	381536	Gm12789
chr4	102087741	102607262	+	18578	Pde4b
chr4	102759222	102972682	+	73094	Sgip1
chr4	102967266	102989755	-	100504717	Gm12709
chr4	102986379	103005594	+	67344	Tctex1d1
chr4	103004106	103011965	-	100473	BB031773
chr4	103017872	103026842	-	23919	Insl5
chr4	103038065	103114299	-	242584	Wdr78
chr4	103114390	103165754	+	71148	Mier1
chr4	103171718	103214884	-	242585	Slc35d1
chr4	103230445	103290863	-	70941	4921539E11Rik
chr4	103290959	103311832	+	71650	4930456L15Rik
chr4	103313846	103366428	+	67013	Oma1
chr4	103382500	103492188	+	622167	Gm12718
chr4	103619665	104744844	+	13131	Dab1
chr4	104766317	104804548	+	110382	C8b
chr4	104815679	104876398	-	230558	C8a
chr4	104913456	105016863	+	242594	Fyb2
chr4	105029650	105109898	-	108079	Prkaa2
chr4	105157347	105232767	+	67916	Plpp3
chr4	106316213	106441327	+	329908	Usp24
chr4	106442334	106464325	-	100102	Pcsk9
chr4	106483456	106492243	-	140475	Bsnd
chr4	106561038	106589113	+	74754	Dhcr24
chr4	106590909	106617238	-	242602	Lexm
chr4	106622449	106640187	+	230576	Ttc22
chr4	106651069	106655282	+	230577	Pars2
chr4	106661808	106678944	-	72354	Ttc4
chr4	106680417	106727930	-	381538	Mroh7
chr4	106733915	106748292	+	230579	Fam151a
chr4	106744561	106804998	-	329910	Acot11
chr4	106911470	107049694	+	72475	Ssbp3
chr4	107055874	107066866	-	56280	Mrpl37
chr4	107067019	107087991	+	230582	Cyb5rl
chr4	107096891	107107748	+	242603	Cdcp2
chr4	107134162	107178366	-	66526	Tceanc2
chr4	107178630	107200996	+	56374	Tmem59
chr4	107209180	107217914	+	546840	Ldlrad1
chr4	107233514	107253533	-	77809	Lrrc42
chr4	107253930	107279888	+	72938	Hspb11
chr4	107291465	107307168	-	13370	Dio1
chr4	107314363	107359823	+	230584	Yipf1
chr4	107367784	107414338	+	72787	Ndc1
chr4	107434591	107635059	+	230587	Glis1
chr4	107676290	107684162	-	56296	Dmrtb1
chr4	107802259	107876840	+	16975	Lrp8
chr4	107806033	107823022	-	619295	Lrp8os2
chr4	107879755	107887424	+	17149	Magoh
chr4	107889891	107897802	+	74098	0610037L13Rik
chr4	107903982	107923589	-	12896	Cpt2
chr4	107953932	107960721	+	77223	4930407G08Rik
chr4	107968334	108013532	+	242607	Slc1a7
chr4	108014793	108032090	-	242608	Podn
chr4	108043830	108118547	-	20280	Scp2
chr4	108087357	108087449	+	102465213	Mir6397
chr4	108165437	108179308	+	52430	Echdc2
chr4	108181934	108217922	-	230590	Zyg11a
chr4	108227755	108301090	-	414872	Zyg11b
chr4	108328152	108340718	+	69893	Coa7
chr4	108367777	108383655	-	545667	Shisal2a
chr4	108400217	108406713	-	67305	Gpx7
chr4	108459426	108559415	+	230594	Tut4
chr4	108564867	108579336	-	230596	Prpf38a
chr4	108579454	108614833	+	18392	Orc1
chr4	108619956	108634122	+	319965	Cc2d1b
chr4	108639259	108723876	-	230597	Zfyve9
chr4	108814295	108834248	-	70533	Btf3l4
chr4	108834678	108862120	+	66073	Txndc12
chr4	108847857	108849412	+	100087	Kti12
chr4	108879070	108943324	+	69908	Rab3b
chr4	108942843	108972077	-	77173	8030443G20Rik
chr4	109000805	109061771	+	230598	Nrd1
chr4	109017655	109017730	+	791075	Mir761
chr4	109061145	109202272	-	100273	Osbpl9
chr4	109218413	109254577	+	108802	Calr4
chr4	109280275	109387817	+	13858	Eps15
chr4	109402279	109406257	-	102635290	Ttc39aos1
chr4	109407100	109444745	+	230603	Ttc39a
chr4	109452857	109476983	-	29864	Rnf11
chr4	109505332	109531297	-	67646	4930522H14Rik
chr4	109660876	109666756	-	12580	Cdkn2c
chr4	109676627	109963960	+	14084	Faf1
chr4	109978025	109983684	+	242620	Dmrta2
chr4	110203737	110351911	-	15572	Elavl4
chr4	110397698	111663024	+	78933	Agbl4
chr4	111415006	111460298	+	67621	Bend5
chr4	111720010	111829137	+	67946	Spata6
chr4	111875377	111902796	-	230612	Slc5a9
chr4	111919555	111950358	+	639774	Skint8
chr4	111972927	111988223	+	328505	Skint7
chr4	112006269	112029538	+	639781	Skint1
chr4	112072016	112168076	+	320640	Skint4
chr4	112232245	112300468	+	195564	Skint3
chr4	112385969	112433985	-	329918	Skint9
chr4	112557194	112652248	+	329919	Skint2
chr4	112710830	112774861	-	230613	Skint10
chr4	112804616	113286973	-	230622	Skint6
chr4	113477891	113999503	-	242627	Skint5
chr4	114163384	114245028	+	230623	Skint11
chr4	114406724	114615098	+	666048	Trabd2b
chr4	114821720	114856166	+	433746	Gm12830
chr4	114906280	114908898	-	17301	Foxd2
chr4	114909289	114921967	+	100040736	Foxd2os
chr4	114925147	114926013	-	30923	Foxe3
chr4	114960613	114987228	-	66588	Cmpk1
chr4	115000118	115043203	+	20460	Stil
chr4	115056426	115071755	+	21349	Tal1
chr4	115088708	115093894	+	67182	Pdzk1ip1
chr4	115108682	115133977	-	81906	Cyp4x1
chr4	115133832	115137864	+	105244662	Cyp4x1os
chr4	115242084	115254557	+	230639	Cyp4a29
chr4	115299046	115332815	+	277753	Cyp4a12a
chr4	115411624	115439034	+	13118	Cyp4a12b
chr4	115452604	115471062	+	435802	Cyp4a30b
chr4	115486200	115496141	-	13119	Cyp4a14
chr4	115518287	115622366	+	13117	Cyp4a10
chr4	115563649	115579015	+	666168	Cyp4a31
chr4	115582038	115583127	-	631037	Cyp4b1-ps2
chr4	115600938	115622366	+	100040843	Cyp4a32
chr4	115624728	115647705	-	13120	Cyp4b1
chr4	115738073	115777327	+	230648	Efcab14
chr4	115779834	115781034	-	75173	Tex38
chr4	115784814	115812314	+	230649	Atpaf1
chr4	115828092	115836183	+	100465	Mob3c
chr4	115839198	115879256	+	17346	Mknk1
chr4	115884400	115887882	+	654462	Kncn
chr4	115890666	115899227	+	76237	6430628N08Rik
chr4	115915119	115939926	-	140477	Dmbx1
chr4	115967145	116017902	-	14073	Faah
chr4	116031770	116053876	-	72181	Nsun4
chr4	116066965	116075070	-	66576	Uqcrh
chr4	116075269	116097109	+	230654	Lrrc41
chr4	116096955	116123690	-	19366	Rad54l
chr4	116123840	116138841	+	76786	2510003B16Rik
chr4	116136728	116144616	-	68075	Lurap1
chr4	116150518	116159844	+	68273	Pomgnt1
chr4	116161881	116167598	-	66805	Tspan1
chr4	116173372	116174297	+	67323	1700042G07Rik
chr4	116221914	116303056	+	18710	Pik3r3
chr4	116306760	116464181	-	17776	Mast2
chr4	116507549	116538235	+	16351	Ipp
chr4	116551528	116555943	-	230657	Tmem69
chr4	116557727	116593882	+	77110	Gpbp1l1
chr4	116589733	116597630	-	654318	C530005A16Rik
chr4	116596730	116600266	+	622665	Ccdc17
chr4	116601052	116627951	-	50927	Nasp
chr4	116636510	116651674	-	58810	Akr1a1
chr4	116684962	116686022	-	100502959	AV051173
chr4	116685599	116700000	+	18477	Prdx1
chr4	116702434	116708385	-	67096	Mmachc
chr4	116708571	116715104	+	68394	Ccdc163
chr4	116720955	116805956	+	230661	Tesk2
chr4	116804003	116807559	-	68276	Toe1
chr4	116807734	116819431	+	70603	Mutyh
chr4	116819907	116821508	-	242642	Hpdl
chr4	116877402	116989105	+	74464	Zswim5
chr4	116989965	116994413	-	22275	Urod
chr4	116995348	117005277	+	76608	Hectd3
chr4	117019408	117086852	+	108067	Eif2b3
chr4	117096056	117116101	+	19207	Ptch2
chr4	117119218	117125725	-	78611	Btbd19
chr4	117126813	117128730	+	242646	Tctex1d4
chr4	117128655	117133963	-	12795	Plk3
chr4	117153836	117156132	-	20116	Rps8
chr4	117154516	117154574	-	100217424	Snord38a
chr4	117155771	117155848	-	100216533	Snord55
chr4	117159633	117182624	-	73804	Kif2c
chr4	117213333	117251917	-	381544	Armh1
chr4	117251951	117268588	+	68777	Tmem53
chr4	117271463	117497052	-	66743	Rnf220
chr4	117550324	117674297	+	140546	Eri3
chr4	117674686	117682225	-	66233	Dmap1
chr4	117756659	117765666	-	75753	Klf17
chr4	117835258	117869305	+	14664	Slc6a9
chr4	117868755	117872470	-	381546	Ccdc24
chr4	117871989	117883476	-	53418	B4galt2
chr4	117884330	117887329	-	114143	Atp6v0b
chr4	117888643	117892023	-	67728	Dph2
chr4	117894493	117914999	-	230673	Ipo13
chr4	117926160	117929763	-	11876	Artn
chr4	117932153	118134946	-	20441	St3gal3
chr4	118137004	118180043	-	230674	Kdm4a
chr4	118208213	118291397	-	19268	Ptprf
chr4	118210505	118210564	-	102466820	Mir7226
chr4	118359999	118362744	+	68180	Hyi
chr4	118362740	118409263	-	230676	Szt2
chr4	118409337	118415824	+	80509	Med8
chr4	118428093	118432953	+	54325	Elovl1
chr4	118432901	118437343	-	107995	Cdc20
chr4	118442415	118457513	-	17480	Mpl
chr4	118471191	118489849	-	21846	Tie1
chr4	118527275	118530217	+	66451	2610528J11Rik
chr4	118540941	118543726	-	230678	Tmem125
chr4	118554551	118620405	-	68625	Cfap57
chr4	118620799	118627776	+	69072	Ebna1bp2
chr4	118626404	118631915	+	100041290	D4Ertd617e
chr4	118665519	118666466	+	18363	Olfr62
chr4	118689503	118690450	-	258708	Olfr1342
chr4	118709409	118710347	+	258852	Olfr1341
chr4	118726249	118727196	+	258301	Olfr1340
chr4	118734531	118735478	+	258851	Olfr1339
chr4	118753595	118754536	-	258259	Olfr1338
chr4	118781636	118782586	-	258306	Olfr1337
chr4	118808855	118809862	-	435804	Olfr1335
chr4	118829485	118830438	-	258265	Olfr1333
chr4	118868783	118869736	+	258159	Olfr1331
chr4	118893085	118894032	+	258331	Olfr1330
chr4	118916524	118917465	-	258214	Olfr1329
chr4	118933899	118934840	-	258394	Olfr1328
chr4	118954273	118954919	-	100038571	Gm12863
chr4	118961967	118968910	+	100470	Lao1
chr4	119054790	119069111	-	433751	Gm12866
chr4	119108745	119137330	+	20525	Slc2a1
chr4	119169516	119174195	-	195522	Zfp691
chr4	119175457	119190011	-	27028	Ermap
chr4	119195310	119201298	+	69216	Svbp
chr4	119205055	119218217	-	75180	Tmem269
chr4	119225138	119232724	-	230696	AU022252
chr4	119232915	119248977	+	56401	P3h1
chr4	119255441	119262438	+	242653	Cldn19
chr4	119277327	119294513	-	22608	Ybx1
chr4	119300010	119320523	-	66101	Ppih
chr4	119322893	119415521	-	73332	Ccdc30
chr4	119418533	119422420	-	106564	Ppcs
chr4	119422684	119453899	+	332934	Zmynd12
chr4	119465283	119492598	-	194237	Rimkla
chr4	119530308	119538769	-	433752	Frg2f1
chr4	119539661	119629119	+	230700	Foxj3
chr4	119637732	119639465	+	14915	Guca2a
chr4	119656601	119658945	-	14916	Guca2b
chr4	119733784	120135411	+	16656	Hivep3
chr4	120161206	120167360	+	13615	Edn2
chr4	120267078	120287261	-	329934	Foxo6
chr4	120405281	120530199	+	29871	Scmh1
chr4	120532231	120536661	+	194219	Slfnl1
chr4	120539868	120570276	-	51797	Ctps
chr4	120588745	120609673	+	667063	Gm8439
chr4	120666563	120667820	+	56222	Cited4
chr4	120697473	120748612	-	60613	Kcnq4
chr4	120757435	120831579	-	18046	Nfyc
chr4	120769534	120769622	-	387227	Mir30c-1
chr4	120772606	120772697	+	102466650	Mir30f
chr4	120772606	120772697	-	723836	Mir30e
chr4	120854816	120891560	+	242662	Rims3
chr4	120921202	120925005	-	73172	Exo5
chr4	120930137	120951701	-	381549	Zfp69
chr4	120968317	121017247	-	69780	Smap2
chr4	120973259	120973322	-	102465614	Mir7015
chr4	121039566	121055325	+	12840	Col9a2
chr4	121059238	121098243	-	230709	Zmpste24
chr4	121105651	121109226	-	69469	Tmco2
chr4	121145373	121215071	-	109263	Rlf
chr4	121316316	121324917	-	545677	Gm12888
chr4	121414735	121423099	-	666921	Gm12886
chr4	121614004	121622125	-	666927	Gm12887
chr4	122689259	122705135	+	77432	9530002B09Rik
chr4	122836227	122859175	+	19063	Ppt1
chr4	122859048	122886057	-	12331	Cap1
chr4	122946850	122961188	-	76574	Mfsd2a
chr4	122995931	123002485	+	16918	Mycl
chr4	123016597	123054934	+	66966	Trit1
chr4	123105161	123132097	+	12164	Bmp8b
chr4	123116248	123118000	+	353371	Oxct2b
chr4	123127125	123139941	-	56031	Ppie
chr4	123183504	123194699	+	170638	Hpcal4
chr4	123201553	123216207	+	230718	Nt5c1a
chr4	123233556	123249870	+	56198	Heyl
chr4	123262378	123298832	+	230721	Pabpc4
chr4	123312645	123343252	-	12163	Bmp8a
chr4	123321875	123323679	-	64059	Oxct2a
chr4	123349633	123684360	-	11426	Macf1
chr4	123403601	123411911	-	442834	D830031N03Rik
chr4	123616420	123616521	+	102465214	Mir6398
chr4	123665881	123671210	+	102633214	Gm12925
chr4	123712710	123718186	-	595136	Ndufs5
chr4	123735195	123750299	-	68050	Akirin1
chr4	123787875	123829904	+	230726	Rhbdl2
chr4	123905013	123912250	+	56309	Mycbp
chr4	123917433	123936997	+	54170	Rragc
chr4	124449626	124485959	-	78460	1700057H15Rik
chr4	124569179	124575538	+	108809	4933407E24Rik
chr4	124657646	124660655	+	18991	Pou3f1
chr4	124678764	124693554	-	67205	Utp11
chr4	124700699	124708611	+	14201	Fhl3
chr4	124714861	124732423	+	75062	Sf3a3
chr4	124731694	124731802	+	735277	Mir697
chr4	124741850	124801511	+	16330	Inpp5b
chr4	124743781	124743889	+	735263	Mir698
chr4	124802549	124849800	+	17764	Mtf1
chr4	124849485	124850730	-	68920	1110065P20Rik
chr4	124850759	124855242	+	230734	Yrdc
chr4	124855239	124862171	-	215090	Maneal
chr4	124881785	124917800	+	230735	Epha10
chr4	124890888	124894782	-	73628	1700125G02Rik
chr4	124918465	124936917	-	52276	Cdca8
chr4	124937048	124944661	+	194268	9930104L06Rik
chr4	124986430	125009099	+	192199	Rspo1
chr4	125030014	125055382	+	230737	Gnl2
chr4	125055339	125065657	-	75563	Dnali1
chr4	125066693	125074043	+	76793	Snip1
chr4	125085134	125110070	+	70088	Meaf6
chr4	125118414	125127881	-	230738	Zc3h12a
chr4	125490831	125714173	+	14807	Grik3
chr4	125887851	125922310	-	72395	2610028E06Rik
chr4	126024659	126044975	+	12986	Csf3r
chr4	126046928	126055536	+	66407	Mrps15
chr4	126058565	126089334	+	230751	Oscp1
chr4	126096653	126098584	+	116748	Lsm10
chr4	126103957	126141029	+	74178	Stk40
chr4	126148003	126149874	+	230752	Eva1b
chr4	126150602	126163341	-	66938	Sh3d21
chr4	126164082	126202710	-	230753	Thrap3
chr4	126232167	126256319	-	245877	Map7d1
chr4	126262405	126275883	+	27096	Trappc3
chr4	126286794	126314330	+	329941	Col8a2
chr4	126316351	126321703	-	100206	Adprhl2
chr4	126322121	126325203	-	24084	Tekt2
chr4	126340678	126429542	-	214150	Ago3
chr4	126435012	126468583	-	236511	Ago1
chr4	126489541	126533458	-	76850	Ago4
chr4	126556980	126593903	+	269582	Clspn
chr4	126559860	126559918	+	102465673	Mir7119
chr4	126609854	126614371	+	230757	5730409E04Rik
chr4	126677643	126709715	+	26445	Psmb2
chr4	126716003	126736269	-	332937	Tfap2e
chr4	126743750	126753429	-	26562	Ncdn
chr4	126753555	126869694	+	100317	AU040320
chr4	126861819	126967923	-	67785	Zmym4
chr4	127021301	127049398	+	71514	Sfpq
chr4	127047094	127061132	-	68310	Zmym1
chr4	127077383	127124374	+	100177	Zmym6
chr4	127126043	127129660	+	100039968	Tmem35b
chr4	127169204	127237022	+	242667	Dlgap3
chr4	127243784	127247809	+	80284	Smim12
chr4	127311420	127314039	-	14612	Gja4
chr4	127325235	127330836	-	14620	Gjb3
chr4	127351086	127354081	-	14621	Gjb4
chr4	127354809	127358164	-	14622	Gjb5
chr4	127927592	127970841	-	635169	CK137956
chr4	127988044	128567656	+	329942	Csmd2
chr4	128133523	128166597	-	74989	Csmd2os
chr4	128260212	128260895	-	69317	Hmgb4
chr4	128261044	128262990	+	75242	Hmgb4os
chr4	128583539	128610098	-	269585	Zscan20
chr4	128615446	128618619	-	384059	Tlr12
chr4	128654702	128752881	+	54383	Phc2
chr4	128759258	128769298	+	215493	A3galt2
chr4	128773085	128806112	-	230761	Zfp362
chr4	128884140	128911326	+	67525	Trim62
chr4	128930233	128962455	-	242669	Azin2
chr4	128993224	129011529	+	11637	Ak2
chr4	129058271	129085881	+	75234	Rnf19b
chr4	129105530	129111626	+	66260	Tmem54
chr4	129111570	129121925	-	15444	Hpca
chr4	129137060	129144593	+	384061	Fndc5
chr4	129150825	129189626	-	74648	S100pbp
chr4	129189795	129219607	+	107271	Yars
chr4	129219578	129261404	-	97130	C77080
chr4	129287621	129308559	+	68828	Sync
chr4	129307100	129335370	-	19646	Rbbp4
chr4	129336026	129354547	+	67106	Zbtb8os
chr4	129353632	129378028	-	73680	Zbtb8a
chr4	129382761	129395261	+	320896	C330020E22Rik
chr4	129425765	129440818	-	215627	Zbtb8b
chr4	129461679	129488435	+	100383	Bsdc1
chr4	129489008	129490770	-	58864	Tssk3
chr4	129491190	129491956	+	68233	Fam229a
chr4	129513581	129515981	+	17357	Marcksl1
chr4	129516104	129542646	-	433759	Hdac1
chr4	129548344	129573641	-	16818	Lck
chr4	129557683	129557811	-	102465997	Mir8119
chr4	129576815	129578580	-	230766	Fam167b
chr4	129591974	129600648	-	54709	Eif3i
chr4	129600707	129619574	+	76799	Tmem234
chr4	129608331	129614257	-	100504491	Dcdc2b
chr4	129615617	129619093	-	230767	Iqcc
chr4	129619274	129623908	-	66264	Ccdc28b
chr4	129626077	129641065	-	109658	Txlna
chr4	129643979	129672767	-	16650	Kpna6
chr4	129676355	129696838	-	230770	Tmem39b
chr4	129684500	129684571	-	102465615	Mir7016
chr4	129703169	129742303	-	20218	Khdrbs1
chr4	129820221	129850003	+	19244	Ptp4a2
chr4	129906216	129908996	+	319894	E330017L17Rik
chr4	129960374	129965138	+	72225	1700003M07Rik
chr4	129984870	130022633	+	230775	Adgrb2
chr4	130047840	130099277	+	107581	Col16a1
chr4	130107556	130128134	+	67898	Pef1
chr4	130130217	130139162	-	230777	Hcrtr1
chr4	130164454	130175122	-	94242	Tinagl1
chr4	130209109	130222295	-	332942	Gm853
chr4	130253497	130275586	-	230779	Serinc2
chr4	130308778	130315463	+	14077	Fabp3
chr4	130316085	130359943	-	619605	Zcchc17
chr4	130360132	130390033	+	66585	Snrnp40
chr4	130530131	130574036	-	67149	Nkain1
chr4	130663357	130781564	+	80912	Pum1
chr4	130749638	130749702	+	100217460	Snord85
chr4	130792537	130826318	+	20970	Sdc3
chr4	130913334	130936148	+	16792	Laptm5
chr4	130944385	130955476	+	17180	Matn1
chr4	131000832	131010474	-	77835	A930031H19Rik
chr4	131768457	131838278	-	19273	Ptpru
chr4	131843471	131867787	+	26922	Mecr
chr4	131873639	131901725	+	57317	Srsf4
chr4	131899478	131920029	-	545681	Gm12992
chr4	131921771	131923140	+	623230	Tmem200b
chr4	131923413	132075313	-	269587	Epb41
chr4	132110726	132144486	-	18386	Oprd1
chr4	132184916	132212256	-	213541	Ythdf2
chr4	132219893	132220589	-	664903	Rps15a-ps4
chr4	132221025	132261549	-	56809	Gmeb1
chr4	132270079	132270186	-	353373	Rnu11
chr4	132274375	132293329	+	66464	Taf12
chr4	132302194	132303356	-	242681	Rab42
chr4	132308678	132311024	+	100039864	Snhg12
chr4	132309465	132309600	+	100310813	Snora16a
chr4	132309953	132310069	+	100217418	Snora44
chr4	132310307	132310368	+	100217440	Snora61
chr4	132310703	132310758	+	100217437	Snord99
chr4	132311763	132329538	-	71787	Trnau1ap
chr4	132331919	132345750	-	100088	Rcc1
chr4	132351933	132353686	-	399101	Snhg3
chr4	132355923	132422446	-	100169	Phactr4
chr4	132458729	132463921	-	67219	Med18
chr4	132492804	132510456	-	230784	Sesn2
chr4	132530555	132535414	-	11983	Atpif1
chr4	132535559	132553742	+	68598	Dnajc8
chr4	132564067	132582683	+	19204	Ptafr
chr4	132639046	132724765	+	14050	Eya3
chr4	132724904	132732546	-	381560	Xkr8
chr4	132732966	132757171	-	100340	Smpdl3b
chr4	132768360	132778746	+	19891	Rpa2
chr4	132782357	132796364	-	230787	Themis2
chr4	132826924	132843169	-	100336	Ppp1r8
chr4	132854064	132884458	-	100226	Stx12
chr4	132899213	132922551	-	230789	Fam76a
chr4	132974095	133001893	+	14191	Fgr
chr4	133011506	133078110	+	230793	Ahdc1
chr4	133130633	133198330	+	242687	Wasf2
chr4	133195655	133195716	+	102466215	Mir7017
chr4	133209340	133212536	-	14748	Gpr3
chr4	133220809	133224554	+	69655	Cd164l2
chr4	133240818	133252928	+	53608	Map3k6
chr4	133253090	133263087	-	269589	Sytl1
chr4	133266045	133277790	-	52174	Tmem222
chr4	133292466	133353481	-	230796	Wdtc1
chr4	133369772	133423698	+	20544	Slc9a1
chr4	133369776	133369864	+	100628620	Mir5122
chr4	133480133	133487940	+	100342	Tent5b
chr4	133491100	133498550	-	69539	Trnp1
chr4	133518963	133530790	+	69073	Kdf1
chr4	133532542	133546027	-	18221	Nudc
chr4	133553376	133556686	+	23957	Nr0b2
chr4	133574745	133584242	+	242691	Gpatch3
chr4	133584373	133591735	+	100210	Gpn2
chr4	133600556	133602168	-	55948	Sfn
chr4	133606553	133633429	-	503610	Zdhhc18
chr4	133661425	133672647	-	230801	Pigv
chr4	133679008	133756769	-	93760	Arid1a
chr4	133717050	133717108	-	102465707	Mir7227
chr4	133847290	133887797	-	20111	Rps6ka1
chr4	133964739	133967991	-	15331	Hmgn2
chr4	133969057	134000864	-	67422	Dhdds
chr4	134003330	134018816	-	83557	Lin28a
chr4	134068452	134092504	+	230806	Crybg2
chr4	134093538	134095073	-	23833	Cd52
chr4	134102583	134126780	+	67586	Ubxn11
chr4	134127406	134128753	-	73723	Sh3bgrl3
chr4	134129858	134187085	-	70012	Cep85
chr4	134190804	134203004	-	665186	Gm7534
chr4	134211968	134227383	-	329954	Catsper4
chr4	134228042	134238399	-	194231	Cnksr1
chr4	134243306	134245591	-	68040	Zfp593
chr4	134243763	134245873	+	77490	E130218I03Rik
chr4	134251110	134254106	-	72690	Grrp1
chr4	134275002	134287846	-	230809	Pdik1l
chr4	134315120	134329629	+	433766	Trim63
chr4	134343046	134354484	+	230810	Slc30a2
chr4	134356373	134372547	-	56219	Extl1
chr4	134396320	134427412	+	100163	Pafah2
chr4	134448765	134450171	-	69409	1700021N21Rik
chr4	134468320	134473843	+	16765	Stmn1
chr4	134496761	134510237	+	71904	Paqr7
chr4	134510999	134523922	+	69885	Aunip
chr4	134525555	134535387	-	76824	Mtfr1l
chr4	134537892	134552166	-	74777	Selenon
chr4	134561690	134704290	-	230815	Man1c1
chr4	134567723	134567851	-	102465216	Mir6403
chr4	134745412	134768004	-	100017	Ldlrap1
chr4	134802759	134853345	-	66146	Maco1
chr4	134864536	134896172	+	19746	Rhd
chr4	134897849	134914916	-	71817	Tmem50a
chr4	134923625	134927370	+	27981	Rsrp1
chr4	134930980	134937537	+	68592	Syf2
chr4	135120645	135177990	+	12399	Runx3
chr4	135213969	135272760	-	29876	Clic4
chr4	135320484	135353214	-	51796	Srrm1
chr4	135369577	135398227	-	230822	Ncmap
chr4	135412309	135433805	-	53902	Rcan3
chr4	135416555	135416633	-	735285	Mir700
chr4	135445420	135494504	-	74552	Nipal3
chr4	135495977	135537803	+	78806	Stpg1
chr4	135541888	135573620	-	230824	Grhl3
chr4	135626655	135630198	+	73937	1700029M20Rik
chr4	135686457	135708181	+	242700	Ifnlr1
chr4	135728159	135755383	+	230828	Il22ra1
chr4	135759715	135815567	+	242702	Myom3
chr4	135856071	135869908	+	14105	Srsf10
chr4	135870926	135873846	-	52830	Pnrc2
chr4	135895189	135920219	+	12802	Cnr2
chr4	135920726	135940300	+	71665	Fuca1
chr4	135946453	135962617	+	15356	Hmgcl
chr4	135963730	135968178	+	74246	Gale
chr4	135968225	135972594	-	26394	Lypla2
chr4	135975602	135987244	-	66193	Pithd1
chr4	136003370	136021649	-	27224	Eloa
chr4	136049948	136053371	-	67025	Rpl11
chr4	136143822	136145392	+	15903	Id3
chr4	136172274	136196057	+	242705	E2f2
chr4	136206365	136246573	+	230837	Asap3
chr4	136247957	136274899	+	21401	Tcea3
chr4	136286069	136293942	+	22704	Zfp46
chr4	136310942	136345981	+	74326	Hnrnpr
chr4	136423524	136444401	+	15552	Htr1d
chr4	136469761	136549318	+	269593	Luzp1
chr4	136550533	136602723	-	99982	Kdm1a
chr4	136610437	136613213	+	67663	Tex46
chr4	136622621	136638110	+	242707	Lactbl1
chr4	136647539	136836012	-	13844	Ephb2
chr4	136880145	136886177	-	12260	C1qb
chr4	136889802	136892914	-	12262	C1qc
chr4	136895916	136898844	-	12259	C1qa
chr4	136929419	136956816	-	13842	Epha8
chr4	136979732	137048695	-	230848	Zbtb40
chr4	137159082	137165066	-	100503595	Gm13003
chr4	137277635	137299501	+	22417	Wnt4
chr4	137319696	137357759	-	12540	Cdc42
chr4	137401554	137409791	-	242711	Cela3a
chr4	137421008	137430520	-	67868	Cela3b
chr4	137453296	137455461	+	69380	1700013G24Rik
chr4	137468803	137570630	+	15530	Hspg2
chr4	137538286	137538370	+	102465616	Mir7018
chr4	137570876	137575180	-	435811	Ldlrad2
chr4	137593752	137658537	+	170707	Usp48
chr4	137664726	137729861	+	110351	Rap1gap
chr4	137696979	137707345	-	69808	Rap1gapos
chr4	137741731	137796384	-	11647	Alpl
chr4	137862237	137965229	+	230857	Ece1
chr4	137993456	138207079	+	230861	Eif4g3
chr4	138137580	138138518	-	73563	1700095J12Rik
chr4	138163209	138163292	+	102466907	Mir6399
chr4	138216612	138244683	+	15441	Hp1bp3
chr4	138250411	138260968	+	230863	Sh2d5
chr4	138250411	138301973	+	16559	Kif17
chr4	138304738	138312611	+	13200	Ddost
chr4	138313409	138326296	-	68943	Pink1
chr4	138316132	138316200	-	102466788	Mir7019
chr4	138338528	138367955	-	72269	Cda
chr4	138394092	138396458	-	625638	Fam43b
chr4	138434672	138442265	+	68350	Mul1
chr4	138455148	138460126	+	66259	Camk2n1
chr4	138568969	138623992	-	75718	Vwa5b1
chr4	138709837	138738438	-	212190	Ubxn10
chr4	138725325	138744575	+	18781	Pla2g2c
chr4	138750533	138757598	-	26971	Pla2g2f
chr4	138775735	138782143	+	18782	Pla2g2d
chr4	138799247	138863469	-	18784	Pla2g5
chr4	138831857	138835189	+	18780	Pla2g2a
chr4	138870992	138873964	-	105734733	Gm13030
chr4	138877942	138882814	+	26970	Pla2g2e
chr4	138895379	138913947	-	73162	Otud3
chr4	138967112	138968366	+	66825	Rnf186
chr4	138972283	139059171	+	77056	Tmco4
chr4	139061409	139074789	-	15565	Htr6
chr4	139082292	139092970	-	17965	Nbl1
chr4	139101814	139131113	-	433771	Minos1
chr4	139175407	139180655	-	100038595	Gm16287
chr4	139192899	139291820	+	12345	Capzb
chr4	139294030	139310700	-	212555	Pqlc2
chr4	139310744	139318786	+	110198	Akr7a5
chr4	139347440	139352576	-	69902	Mrto4
chr4	139352587	139378735	+	230866	Emc1
chr4	139352587	139489533	+	69116	Ubr4
chr4	139530548	139620382	+	212632	Iffo2
chr4	139622894	139649691	+	212647	Aldh4a1
chr4	139644042	139644111	+	102465617	Mir7020
chr4	139653538	139670280	+	83770	Tas1r2
chr4	139738081	139832968	-	18509	Pax7
chr4	139926111	139943519	-	71235	4933427I22Rik
chr4	139962173	139968026	-	242721	Klhdc7a
chr4	140026852	140246811	-	230868	Igsf21
chr4	140514485	140665905	-	72754	Arhgef10l
chr4	140701473	140723220	+	108911	Rcc2
chr4	140727355	140742643	-	242726	Padi6
chr4	140745508	140774203	-	18602	Padi4
chr4	140785369	140810648	-	18601	Padi3
chr4	140810993	140817511	+	100049161	Gm13032
chr4	140812981	140845778	-	18599	Padi1
chr4	140872693	140878057	+	75128	4930515B02Rik
chr4	140906360	140952586	+	18600	Padi2
chr4	140947666	140957902	-	100126227	Gm13031
chr4	140961271	140979193	+	67680	Sdhb
chr4	140986873	141007701	+	74772	Atp13a2
chr4	141010424	141015984	+	17150	Mfap2
chr4	141016637	141060545	-	230872	Crocc
chr4	141066512	141078345	-	66147	Necap2
chr4	141088345	141112759	+	329972	Spata21
chr4	141112978	141139796	-	213491	Szrd1
chr4	141147922	141204062	+	213499	Fbxo42
chr4	141213956	141226756	+	76166	Rsg1
chr4	141242884	141257562	+	213649	Arhgef19
chr4	141301221	141329384	+	13836	Epha2
chr4	141368192	141384174	+	277743	Fam131c
chr4	141384611	141398706	-	12733	Clcnka
chr4	141404357	141415988	-	56365	Clcnkb
chr4	141420779	141425310	+	29818	Hspb7
chr4	141432672	141436105	-	277744	Srarp
chr4	141444673	141467937	+	22642	Zbtb17
chr4	141467890	141538597	-	56381	Spen
chr4	141546162	141548313	+	320456	B330016D10Rik
chr4	141576062	141606052	-	74202	Fblim1
chr4	141614233	141618633	-	213989	Tmem82
chr4	141614370	141615604	+	100165	AI507597
chr4	141618824	141623834	-	384071	Slc25a34
chr4	141625734	141664127	-	69582	Plekhm2
chr4	141683563	141685716	-	69994	Rsc1a1
chr4	141683563	141723419	-	68817	Ddi2
chr4	141746675	141759263	+	75986	Agmat
chr4	141761998	141790644	-	214063	Dnajc16
chr4	141793612	141815978	+	12371	Casp9
chr4	141814963	141826003	-	13706	Cela2a
chr4	141838239	141846359	-	76701	Ctrc
chr4	141844321	141846990	+	69139	Ctrcos
chr4	141858142	141874920	-	27984	Efhd2
chr4	141890623	142015082	-	329977	Fhad1
chr4	141982992	141986797	+	545691	Fhad1os1
chr4	142017898	142028995	+	78917	4930455G09Rik
chr4	142030993	142084304	-	214359	Tmem51
chr4	142084298	142088101	+	100038693	Tmem51os1
chr4	142102390	142239401	-	71529	Kazn
chr4	143107391	143212709	-	110593	Prdm2
chr4	143136100	143136162	-	102465618	Mir7021
chr4	143267409	143299564	-	14726	Pdpn
chr4	143349750	143371028	+	242735	Lrrc38
chr4	143394441	143399819	+	83491	Pramel1
chr4	143412426	143421087	+	242736	Pramef8
chr4	143437164	143450302	-	242737	Oog4
chr4	143511343	143517831	+	545693	Gm13043
chr4	143535954	143558236	+	100040861	Gm13057
chr4	143567467	143573798	+	329986	BC080695
chr4	143615003	143618595	+	279185	Gm13083
chr4	143653760	143657246	-	277668	Gm13088
chr4	143696487	143702711	-	277667	Gm13089
chr4	143719451	143729158	+	277666	Gm13078
chr4	143789334	143795585	+	194227	Gm13023
chr4	143809316	143816093	-	381569	Gm13084
chr4	143846497	143853637	+	194225	Gm13103
chr4	143894237	143900380	-	195555	Pramef6
chr4	143948183	143951016	-	329984	Pramef25
chr4	143991127	143994369	-	626943	Pramef17
chr4	144059126	144069318	+	347710	Pramel4
chr4	144099880	144110101	+	100041077	Gm13102
chr4	144157556	144162651	-	100012	Oog3
chr4	144190717	144196934	+	381570	Oog2
chr4	144206762	144213017	-	97187	C87977
chr4	144270633	144280466	-	384077	Pramel5
chr4	144330249	144333465	+	626995	Gm13128
chr4	144357964	144364419	+	433779	Gm13119
chr4	144372760	144377933	-	627009	Pramef20
chr4	144391674	144408464	-	77632	Pramef12
chr4	144418191	144438772	-	69364	1700012P22Rik
chr4	144453771	144463756	-	230883	Aadacl3
chr4	144519822	144529353	+	381572	9430007A20Rik
chr4	144555000	144565134	-	627085	Gm13124
chr4	144613707	144623398	+	435815	Aadacl4
chr4	144669937	144686368	-	230890	Gm436
chr4	144703191	144721404	-	546849	Gm13178
chr4	144777204	144786583	-	329993	Gm438
chr4	144892827	144927645	+	20148	Dhrs3
chr4	144972622	145195005	-	230895	Vps13d
chr4	145212368	145246870	-	21938	Tnfrsf1b
chr4	145268976	145315147	-	21941	Tnfrsf8
chr4	145464210	145467961	+	545700	Smarca5-ps
chr4	145510759	145538251	+	101056073	Zfp990
chr4	145514883	145625343	+	433801	Gm13212
chr4	145670697	145704437	+	100041379	Zfp980
chr4	145781543	145831978	+	70005	Znf41-ps
chr4	145837219	145837992	+	236069	Gm13238
chr4	146067524	146068718	+	627585	Gm13034
chr4	146097312	146126624	+	626316	Zfp987
chr4	146156827	146198756	+	667666	Zfp600
chr4	146252161	146469440	+	433791	Zfp992
chr4	146502000	146539395	+	100041433	Zfp981
chr4	146519039	146546873	-	67524	1700095A21Rik
chr4	147021850	147060799	+	100043034	Rex2
chr4	147063366	147068436	-	71270	4933438K21Rik
chr4	147132093	147513420	+	195531	Zfp982
chr4	147553277	147585201	+	433804	Zfp985
chr4	147611936	147642508	-	112422	Zfp979
chr4	147674225	147702631	-	100503584	Zfp534
chr4	147753974	147809788	-	100041677	Zfp984
chr4	147821777	147822202	-	277692	Rps19-ps3
chr4	147822986	147848375	-	242747	Zfp933
chr4	147860778	147868719	-	28010	Miip
chr4	147868979	147870358	+	14349	Fv1
chr4	147873586	147904909	-	170731	Mfn2
chr4	147909753	147936776	-	18822	Plod1
chr4	147940895	147947314	+	77034	2510039O18Rik
chr4	147985788	147987205	+	18158	Nppb
chr4	148000722	148002074	+	230899	Nppa
chr4	148004259	148038813	-	26372	Clcn6
chr4	148039077	148059562	+	17769	Mthfr
chr4	148077061	148088064	-	11610	Agtrap
chr4	148098437	148130698	-	70433	Draxin
chr4	148130920	148145704	+	71890	Mad2l2
chr4	148145716	148152135	-	50762	Fbxo6
chr4	148146936	148146996	-	102465619	Mir7022
chr4	148152799	148160094	-	230903	Fbxo44
chr4	148160668	148166417	+	230904	Fbxo2
chr4	148236857	148287965	-	242748	Disp3
chr4	148434497	148444751	-	71707	Ubiad1
chr4	148448582	148557685	+	56717	Mtor
chr4	148495280	148500462	-	654812	Angptl7
chr4	148558427	148582401	+	50912	Exosc10
chr4	148591513	148594619	+	20810	Srm
chr4	148602544	148615482	+	17175	Masp2
chr4	148612382	148626996	-	230908	Tardbp
chr4	148643317	148671572	+	230909	Gm572
chr4	148804392	148954892	+	69743	Casz1
chr4	148960535	149099812	-	56273	Pex14
chr4	149104142	149120653	+	13347	Dffa
chr4	149125034	149126763	-	12854	Cort
chr4	149128349	149137600	-	69928	Cenps
chr4	149149985	149166707	-	110208	Pgd
chr4	149176319	149307733	-	16561	Kif1b
chr4	149328416	149426631	-	63958	Ube4b
chr4	149334639	149335912	+	74310	Ube4bos3
chr4	149449701	149454968	-	63954	Rbp7
chr4	149467572	149485172	-	66454	Nmnat1
chr4	149485333	149496668	+	69151	Lzic
chr4	149518241	149566437	+	67087	Ctnnbip1
chr4	149537863	149537922	+	100885828	Mir5616
chr4	149586468	149648899	+	65945	Clstn1
chr4	149649168	149701629	-	18707	Pik3cd
chr4	149655504	149655567	-	102465983	Mir7023
chr4	149715375	149738068	-	230917	Tmem201
chr4	149744036	149774267	-	70556	Slc25a33
chr4	149896283	149955006	-	74646	Spsb1
chr4	149979474	150009023	-	100198	H6pd
chr4	150068454	150068555	+	723848	Mir34a
chr4	150087503	150105927	+	269604	Gpr157
chr4	150119344	150144168	+	56485	Slc2a5
chr4	150148972	150168482	+	435818	Slc2a7
chr4	150187015	150201135	-	12353	Car6
chr4	150237197	150248873	+	13806	Eno1
chr4	150281916	150621966	+	68703	Rere
chr4	150629396	150652174	-	242773	Slc45a1
chr4	150828225	150854949	-	73348	1700045H11Rik
chr4	150853919	150868880	+	74155	Errfi1
chr4	150897133	150909921	-	57320	Park7
chr4	150920155	150946102	+	21942	Tnfrsf9
chr4	150997097	151001810	+	24111	Uts2
chr4	151003655	151044665	-	18628	Per3
chr4	151047305	151057953	-	22319	Vamp3
chr4	151059523	151861768	-	100072	Camta1
chr4	151089570	151091449	+	105704528	Gm13090
chr4	151933720	151981959	+	230935	Dnajc11
chr4	151982638	151988986	-	69876	Thap3
chr4	151989631	151996179	-	230936	Phf13
chr4	152008891	152017677	+	242785	Klhl21
chr4	152019776	152027671	-	100090	Zbtb48
chr4	152027914	152038490	-	110326	Tas1r1
chr4	152039321	152061494	+	74035	Nol9
chr4	152086863	152115404	+	269608	Plekhg5
chr4	152115934	152120119	+	85030	Tnfrsf25
chr4	152120876	152152207	-	56226	Espn
chr4	152158867	152162469	+	15206	Hes2
chr4	152178100	152271855	+	70025	Acot7
chr4	152274362	152285337	+	100129	Gpr153
chr4	152285972	152291662	-	15207	Hes3
chr4	152297214	152307126	+	57295	Icmt
chr4	152307023	152318625	-	433809	Rnf207
chr4	152324436	152334082	+	19934	Rpl22
chr4	152338651	152390194	+	269610	Chd5
chr4	152390740	152477549	-	16498	Kcnab2
chr4	152476706	152563184	+	260305	Nphp4
chr4	152697540	152700922	+	330004	Gm833
chr4	153373221	153482830	-	230959	Ajap1
chr4	153948455	153950476	-	407793	BC039966
chr4	153957237	153961925	+	97159	A430005L14Rik
chr4	153964449	153975081	-	13368	Dffb
chr4	153975561	154007225	+	230967	Cep104
chr4	154011803	154021512	+	72946	Lrrc47
chr4	154020470	154026044	-	68859	Smim1
chr4	154026644	154042677	-	381580	Ccdc27
chr4	154056249	154140208	-	22062	Trp73
chr4	154142372	154168263	+	59002	Wrap73
chr4	154157485	154160684	-	67808	Tprgl
chr4	154170713	154275721	+	230971	Megf6
chr4	154278470	154301663	-	230972	Arhgef16
chr4	154316125	154636873	-	70673	Prdm16
chr4	154630691	154636367	-	320939	5930403L14Rik
chr4	154666428	154667867	-	73353	Actrt2
chr4	154856200	154867127	+	242800	Ttc34
chr4	154864920	154869487	-	102634887	Gm13112
chr4	154869585	154895530	+	27390	Mmel1
chr4	154896430	154899043	-	66469	Fam213b
chr4	154922089	154928077	-	230979	Tnfrsf14
chr4	154960923	154962371	+	15208	Hes5
chr4	154964123	154980938	+	269614	Pank4
chr4	154983115	155043154	-	269615	Plch2
chr4	155067030	155072406	+	668173	Pex10
chr4	155074112	155086297	-	67830	Rer1
chr4	155086577	155145507	+	76866	Morn1
chr4	155154075	155222535	-	20481	Ski
chr4	155249966	155256687	+	67513	Faap20
chr4	155260118	155361428	-	18762	Prkcz
chr4	155384979	155398069	-	14403	Gabrd
chr4	155400969	155421704	-	641454	5830444B04Rik
chr4	155409190	155447944	+	544678	Cfap74
chr4	155469114	155470858	+	69671	Tmem52
chr4	155491361	155559269	+	14688	Gnb1
chr4	155562392	155591001	+	192185	Nadk
chr4	155601416	155623340	+	320541	Slc35e2
chr4	155608297	155624755	-	100502734	Gm16023
chr4	155624869	155649932	+	12537	Cdk11b
chr4	155650655	155653384	-	26561	Mmp23
chr4	155654470	155669254	-	76580	Mib2
chr4	155694342	155696485	+	230991	Fndc10
chr4	155704815	155733879	+	68991	Ssu72
chr4	155734804	155740564	+	381582	Tmem240
chr4	155740640	155761098	-	108888	Atad3a
chr4	155761192	155763560	+	70448	Atad3aos
chr4	155768495	155774561	-	246228	Vwa1
chr4	155781591	155785874	-	320587	Tmem88b
chr4	155803618	155808829	+	66448	Mrpl20
chr4	155812489	155824543	+	56036	Ccnl2
chr4	155831269	155833098	+	66077	Aurkaip1
chr4	155839680	155844102	+	74761	Mxra8
chr4	155847317	155859303	+	13542	Dvl1
chr4	155859268	155863353	-	83771	Tas1r3
chr4	155864723	155869440	-	79554	Cptp
chr4	155869567	155889103	+	71957	Ints11
chr4	155888857	155891762	-	433813	Pusl1
chr4	155891875	155907251	+	140500	Acap3
chr4	155943813	155959604	+	140499	Ube2j2
chr4	155962312	155966629	+	67389	C1qtnf12
chr4	155989466	155992678	-	117592	B3galt6
chr4	155992843	156013610	+	20318	Sdf4
chr4	156013695	156016589	+	22163	Tnfrsf4
chr4	156021645	156023824	-	100038526	Gm10560
chr4	156026342	156028891	+	21936	Tnfrsf18
chr4	156034837	156059344	-	330010	Ttll10
chr4	156052715	156059802	-	100415901	Gm13648
chr4	156053905	156053987	-	723865	Mir429
chr4	156054896	156054985	-	387242	Mir200a
chr4	156055681	156055750	-	387243	Mir200b
chr4	156109998	156127263	+	230996	9430015G10Rik
chr4	156127488	156133422	+	100045778	Rnf223
chr4	156165290	156197488	-	11603	Agrn
chr4	156199424	156200818	-	100038882	Isg15
chr4	156203284	156206028	+	100382	AW011738
chr4	156215927	156221307	+	74183	Perm1
chr4	156221456	156228542	-	231002	Plekhn1
chr4	156229044	156234857	-	231003	Klhl17
chr4	156230059	156230115	-	102466236	Mir7658
chr4	156236010	156247616	+	57741	Noc2l
chr4	156246966	156255338	-	231004	Samd11
chr4	156331103	156339499	+	22314	Vmn2r-ps159
chr4	156333224	156339499	+	22300	Vmn2r123
chr5	3343893	3531008	+	12571	Cdk6
chr5	3543833	3570548	+	68152	Fam133b
chr5	3571716	3584341	+	77036	1700109H08Rik
chr5	3583978	3596547	-	269623	Rbm48
chr5	3596066	3637230	+	71382	Pex1
chr5	3639961	3647936	-	67210	Gatad1
chr5	3657004	3680325	+	75010	Tmbim7
chr5	3689999	3803124	-	70797	Ankib1
chr5	3803165	3844515	+	79264	Krit1
chr5	3845173	3866596	+	242838	Lrrd1
chr5	3890581	3893933	-	545725	Mterf1a
chr5	3928054	4080204	+	100986	Akap9
chr5	4080674	4104697	-	13121	Cyp51
chr5	4192367	4197651	+	208595	Mterf1b
chr5	4753839	4758216	-	14362	Fzd1
chr5	4803384	5380251	-	18647	Cdk14
chr5	5437827	5479143	-	381716	1700015F17Rik
chr5	5505015	5514976	-	64945	Cldn12
chr5	5537457	5559501	-	207704	Gtpbp10
chr5	5573799	5576203	+	667705	Gm8773
chr5	5580982	5664232	-	207686	Cfap69
chr5	5664829	5694568	-	74051	Steap2
chr5	5736322	5749317	-	70358	Steap1
chr5	6769030	7344378	-	207618	Zfp804b
chr5	7304164	7311491	+	70920	Tex47
chr5	7960472	7982213	+	117167	Steap4
chr5	8046078	8069314	+	109552	Sri
chr5	8072347	8368160	-	11496	Adam22
chr5	8396969	8422716	-	27214	Dbf4
chr5	8422838	8459978	+	319653	Slc25a40
chr5	8490336	8622952	-	242819	Rundc3b
chr5	8660092	8748570	+	18671	Abcb1a
chr5	8773577	8798523	-	330031	Gm5106
chr5	8798147	8866314	+	18669	Abcb1b
chr5	8893721	8959226	+	18670	Abcb4
chr5	8966048	8997146	-	74114	Crot
chr5	9100737	9158080	+	652925	Tmem243
chr5	9118868	9161776	-	23857	Dmtf1
chr5	9266193	9480717	+	231014	9330182L06Rik
chr5	9375704	9375779	+	100124492	Mir879
chr5	9485236	9725352	-	108069	Grm3
chr5	10865029	10870808	+	623849	Gm6455
chr5	11109800	11680823	-	75330	4930558F17Rik
chr5	11183015	11187810	+	545728	Gm5861
chr5	11340408	11346273	+	70896	Speer1
chr5	11594956	11599480	+	623898	Gm6460
chr5	11749833	11769308	-	69345	1700003C15Rik
chr5	11918043	11922804	+	545732	4933402N22Rik
chr5	12383166	12588943	+	108151	Sema3d
chr5	13125414	13603485	+	20346	Sema3a
chr5	13791619	13796819	+	71026	Speer3
chr5	14025276	14256689	+	20349	Sema3e
chr5	14514918	14863459	+	26875	Pclo
chr5	14910124	14914889	-	381714	Gm9758
chr5	14933631	14938475	-	624245	Speer4e
chr5	14945294	14978541	+	74062	Speer8-ps1
chr5	14974497	14978899	-	100503549	Gm10354
chr5	15028950	15033007	-	66773	Gm17019
chr5	15473816	15529222	-	100861755	Gm21190
chr5	15536013	15714596	+	75858	Speer4cos
chr5	15576947	15582097	+	105242399	Gm21083
chr5	15619099	15623864	+	360220	Speer4d
chr5	15652288	15657059	-	381715	4930572O03Rik
chr5	15709505	15714271	-	100502967	Speer4c
chr5	15863928	15883766	-	75058	4930519H02Rik
chr5	15934691	16374511	+	12293	Cacna2d1
chr5	16553495	16619439	+	15234	Hgf
chr5	17476122	17480936	+	70935	Speer4f1
chr5	17574816	17730268	+	20348	Sema3c
chr5	17781690	17888959	-	12491	Cd36
chr5	17962570	18019668	+	242851	Gnat3
chr5	18265135	18360413	-	14677	Gnai1
chr5	19202368	19226555	-	70832	4921504A21Rik
chr5	19227046	20704792	+	50791	Magi2
chr5	20758664	20882124	-	68770	Phtf2
chr5	20882453	20886870	+	212090	Tmem60
chr5	20893024	20951822	-	242860	Rsbn1l
chr5	20950989	20956398	+	320770	A630072M18Rik
chr5	20986645	21055797	-	19248	Ptpn12
chr5	21186267	21291701	+	212167	Gsap
chr5	21292961	21424677	-	75172	Ccdc146
chr5	21372673	21378386	+	14190	Fgl2
chr5	21424903	21482124	+	330050	Fam185a
chr5	21483847	21645605	-	320118	Fbxl13
chr5	21543527	21575911	+	74511	Lrrc17
chr5	21645984	21662608	+	67211	Armc10
chr5	21662903	21701394	-	242864	Napepld
chr5	21737160	21757152	+	73078	Pmpcb
chr5	21757272	21785165	-	22791	Dnajc2
chr5	21785283	21803784	+	19181	Psmc2
chr5	21809001	21865604	-	80979	Slc26a5
chr5	21884454	22344705	-	19699	Reln
chr5	22486489	22550331	-	26429	Orc5
chr5	22528221	22529030	-	100042049	Gm15421
chr5	22550413	22807850	+	320719	6030443J06Rik
chr5	22738910	22746884	-	330052	A930003O13Rik
chr5	22746193	23275597	+	269629	Lhfpl3
chr5	23431808	23434353	-	269630	5031425E22Rik
chr5	23434429	23504229	+	69188	Kmt2e
chr5	23503356	23684617	-	20817	Srpk2
chr5	23692261	23712667	-	433855	AI506816
chr5	23740165	23783711	-	78697	Pus7
chr5	23787711	23820369	+	72772	Rint1
chr5	23838944	23844145	-	66169	Tomm7
chr5	23850597	23855033	+	67194	2700038G22Rik
chr5	23852233	23852277	+	100217436	Snord93
chr5	23915276	24030690	-	84652	Fam126a
chr5	24100590	24161231	+	52323	Klhl7
chr5	24164963	24184008	+	231042	Nupl2
chr5	24319589	24351604	-	16511	Kcnh2
chr5	24364819	24384474	+	18127	Nos3
chr5	24384181	24392143	-	213948	Atg9b
chr5	24394156	24409947	+	74610	Abcb8
chr5	24413451	24417834	+	171209	Asic3
chr5	24418242	24423530	-	12568	Cdk5
chr5	24425232	24440947	+	20535	Slc4a2
chr5	24438440	24445235	-	66587	Fastk
chr5	24445463	24447846	-	64295	Tmub1
chr5	24452177	24502047	+	213990	Agap3
chr5	24504426	24526848	-	231044	Gbx1
chr5	24532697	24540978	-	117590	Asb10
chr5	24543434	24555469	-	231045	4931409K22Rik
chr5	24565341	24577467	-	27407	Abcf2
chr5	24586750	24593353	+	100910	Chpf2
chr5	24592114	24592211	+	735264	Mir671
chr5	24592622	24602002	-	66993	Smarcd3
chr5	24645453	24648860	+	72252	1700022A21Rik
chr5	24685815	24710378	+	53312	Nub1
chr5	24712269	24730680	-	269633	Wdr86
chr5	24751002	24757843	-	214301	Crygn
chr5	24802823	24842361	-	19744	Rheb
chr5	24862735	25100642	-	108099	Prkag2
chr5	24902569	24906849	+	71161	Prkag2os1
chr5	25100975	25103007	+	67261	2900005J15Rik
chr5	25181480	25220289	+	67909	Galntl5
chr5	25222893	25265918	+	231050	Galnt11
chr5	25271794	25498783	-	231051	Kmt2c
chr5	25499797	25504473	+	320965	4831440E17Rik
chr5	25516067	25518027	+	242891	Cct8l1
chr5	25530018	25531466	+	73571	1700096K18Rik
chr5	25689814	25705797	-	57434	Xrcc2
chr5	25759973	25850691	+	242894	Actr3b
chr5	25949797	25954344	-	100862359	Gm21671
chr5	26000172	26004727	-	100038949	Gm1979
chr5	26018421	26022891	-	545739	Gm5862
chr5	26034270	26039505	-	75657	Speer4a
chr5	26082172	26089264	-	100039045	Gm10471
chr5	26098668	26105314	-	381622	5031410I06Rik
chr5	26114764	26121425	-	434689	Gm10220
chr5	26257762	26262188	+	664837	Gm7361
chr5	26460070	26493314	-	75942	4930584F24Rik
chr5	26817357	27727500	+	13483	Dpp6
chr5	27495809	27501392	-	73526	Speer4b
chr5	27740080	27791550	-	55982	Paxip1
chr5	27841947	27855086	+	15563	Htr5a
chr5	28071412	28078662	+	231070	Insig1
chr5	28165696	28172166	+	13799	En2
chr5	28200819	28245788	-	269637	Cnpy1
chr5	28317189	28419242	+	381626	Rbm33
chr5	28456840	28467101	-	20423	Shh
chr5	28458274	28933995	+	654796	9530036O11Rik
chr5	29195993	29225524	+	56874	Rnf32
chr5	29229802	29378390	-	56873	Lmbr1
chr5	29434667	29452169	+	433864	Nom1
chr5	29473823	29478470	-	15285	Mnx1
chr5	29537949	29538624	+	619355	Gm6083
chr5	29569242	29676077	+	100763	Ube3c
chr5	29735334	29735936	-	332993	Gm5129
chr5	29735898	29786478	+	23950	Dnajb6
chr5	30013114	30019981	+	16193	Il6
chr5	30058200	30073625	-	22171	Tyms
chr5	30092940	30097686	+	242914	Gm4961
chr5	30103584	30106086	-	433868	3110082J24Rik
chr5	30105196	30118380	+	242915	Garem2
chr5	30118304	30154980	-	97212	Hadha
chr5	30155253	30184593	+	231086	Hadhb
chr5	30170739	30170816	+	100316709	Mir1960
chr5	30193431	30205722	-	381628	Adgrf3
chr5	30232618	30272430	+	28042	Selenoi
chr5	30281388	30366708	+	381738	Drc1
chr5	30367066	30461932	-	83762	Otof
chr5	30466077	30484087	+	75434	1700001C02Rik
chr5	30485584	30545836	-	73259	Cib4
chr5	30573987	30588619	-	100502829	Gm9899
chr5	30588170	30625270	+	16527	Kcnk3
chr5	30647936	30648015	+	100885838	Mir5625
chr5	30647939	30659729	+	74919	Slc35f6
chr5	30666886	30674837	+	12615	Cenpa
chr5	30711564	30799369	+	65254	Dpysl5
chr5	30814641	30866106	+	100732	Mapre3
chr5	30869647	30877467	+	68796	Tmem214
chr5	30888852	30906666	+	231093	Agbl5
chr5	30906516	30907788	-	67695	Ost4
chr5	30913786	30921275	+	100952	Emilin1
chr5	30921559	30931248	+	16548	Khk
chr5	30933143	30945480	-	68567	Cgref1
chr5	30950066	30955095	+	57742	Abhd1
chr5	30951667	30960327	-	50907	Preb
chr5	30968677	30977018	+	69852	Tcf23
chr5	31036036	31048924	-	330064	Slc5a6
chr5	31048640	31054633	+	381629	Atraid
chr5	31054780	31078479	+	69719	Cad
chr5	31086106	31093527	-	22784	Slc30a3
chr5	31108319	31112524	+	231098	Dnajc5g
chr5	31116612	31137626	+	58522	Trim54
chr5	31137989	31138895	-	22226	Ucn
chr5	31140663	31154290	-	17527	Mpv17
chr5	31151144	31180144	-	71752	Gtf3c2
chr5	31187558	31193139	-	13667	Eif2b4
chr5	31193304	31198900	+	266781	Snx17
chr5	31198981	31202303	-	101023	Zfp513
chr5	31202668	31220545	-	14208	Ppm1g
chr5	31240918	31251563	+	192292	Nrbp1
chr5	31251700	31253197	+	69815	Krtcap3
chr5	31253279	31291114	-	67661	Ift172
chr5	31292246	31295877	-	64339	Fndc4
chr5	31297581	31327302	+	231103	Gckr
chr5	31452436	31481754	+	269639	Zfp512
chr5	31485859	31488262	+	67656	4930548H24Rik
chr5	31494761	31511627	+	74254	Gpn1
chr5	31514569	31527804	-	72195	Supt7l
chr5	31526995	31554038	+	20534	Slc4a1ap
chr5	31569592	31571397	-	100740	AI839979
chr5	31613951	31664384	+	66845	Mrpl33
chr5	31624439	31697610	-	71336	Rbks
chr5	31667231	31667340	-	102466677	Mir3473e
chr5	31698050	32084739	+	107976	Babam2
chr5	32136472	32157840	+	14284	Fosl2
chr5	32232708	32364356	+	665270	Plb1
chr5	32458970	32493712	+	19046	Ppp1cb
chr5	32611171	32687066	+	22612	Yes1
chr5	32736314	32785626	-	320951	Pisd
chr5	32789207	32854230	-	215476	Prr14l
chr5	32863721	32994233	+	277854	Depdc5
chr5	33018816	33027966	+	22629	Ywhah
chr5	33104219	33162699	+	20537	Slc5a1
chr5	33213518	33218238	-	100689	Spon2
chr5	33247723	33275004	-	13016	Ctbp1
chr5	33335572	33373294	+	59003	Maea
chr5	33378551	33419754	+	71101	Uvssa
chr5	33430734	33434090	-	672284	Nkx1-1
chr5	33600353	33629635	-	74504	Fam53a
chr5	33634952	33652574	-	20492	Slbp
chr5	33653216	33657899	-	68366	Tmem129
chr5	33658128	33672202	+	21335	Tacc3
chr5	33721724	33737068	+	14184	Fgfr3
chr5	33741352	33782704	-	56384	Letm1
chr5	33820744	33897966	+	107823	Nsd2
chr5	33898179	33936258	-	24116	Nelfa
chr5	33898910	33898971	-	102466789	Mir7024
chr5	33983433	33985009	+	381633	Gm1673
chr5	33995984	34005916	+	269642	Nat8l
chr5	34007179	34169526	-	272158	Poln
chr5	34118740	34135339	+	75357	4930557J02Rik
chr5	34153896	34169526	-	231123	Haus3
chr5	34176580	34187710	-	17122	Mxd4
chr5	34194894	34288324	-	231125	Zfyve28
chr5	34336250	34353445	+	19822	Rnf4
chr5	34369933	34486458	+	231128	Fam193a
chr5	34496096	34513979	-	231130	Tnip2
chr5	34525784	34563639	+	24055	Sh3bp2
chr5	34573714	34632305	+	11518	Add1
chr5	34574151	34574213	+	102466999	Mir7036b
chr5	34633647	34637184	-	68294	Mfsd10
chr5	34638536	34660148	-	75416	Nop14
chr5	34660379	34755303	+	14772	Grk4
chr5	34732853	34732972	-	100316674	Mir467g
chr5	34761740	34912534	+	15194	Htt
chr5	34915915	34923839	+	403174	Msantd1
chr5	34949448	35033595	+	71729	Rgs12
chr5	35021049	35021115	+	100526557	Mir3097
chr5	35041509	35048461	+	54426	Hgfac
chr5	35056813	35087831	+	231134	Dok7
chr5	35091506	35105697	-	16976	Lrpap1
chr5	35278566	35281763	+	11553	Adra2c
chr5	35361553	35367677	+	74429	4930478P22Rik
chr5	35379152	35388476	-	442795	E130018O15Rik
chr5	35389117	35392872	+	15371	Hmx1
chr5	35502218	35525626	-	242939	Cpz
chr5	35556209	35575070	-	78890	Trmt44
chr5	35581227	35588763	-	74364	4931431C16Rik
chr5	35583060	35613801	+	80911	Acox3
chr5	35652026	35679780	-	78558	Htra3
chr5	35697180	35729276	-	231147	Sh3tc1
chr5	35757880	35884979	+	231148	Ablim2
chr5	35893319	36003922	+	70292	Afap1
chr5	36017180	36398139	-	81840	Sorcs2
chr5	36204021	36206568	+	76943	Psapl1
chr5	36301570	36301628	+	102465792	Mir7689
chr5	36447611	36464854	-	76710	2210406O10Rik
chr5	36465185	36474077	+	17713	Grpel1
chr5	36473670	36484285	-	231151	Tada2b
chr5	36484588	36488171	+	66717	Ccdc96
chr5	36490604	36586226	-	100855	Tbc1d14
chr5	36600485	36696021	-	320661	D5Ertd579e
chr5	36747374	36748679	-	117197	Bloc1s4
chr5	36794867	36796754	-	67568	Mrfap1
chr5	36806813	36830649	-	17160	Man2b2
chr5	36868570	36955078	+	269643	Ppp2r2c
chr5	36873595	36876879	-	71054	Ppp2r2cos
chr5	36966104	36988982	-	22393	Wfs1
chr5	37047432	37125298	+	76071	Jakmip1
chr5	37242058	37292163	+	12933	Crmp1
chr5	37299171	37336881	-	59056	Evc
chr5	37338478	37425054	+	68525	Evc2
chr5	37446825	37717153	-	64293	Stk32b
chr5	37735519	37739820	+	231162	Cytl1
chr5	37820491	37824585	-	17701	Msx1
chr5	37820564	37822751	+	93895	Msx1os
chr5	38039230	38137770	+	71116	Stx18
chr5	38137193	38159467	-	18196	Nsg1
chr5	38189735	38220428	-	75079	Zbtb49
chr5	38220482	38234306	+	17089	Lyar
chr5	38260375	38269618	+	66309	Tmem128
chr5	38275972	38304217	+	21906	Otop1
chr5	38319509	38322523	+	13492	Drd5
chr5	38344389	38349197	+	78172	4930487D11Rik
chr5	38349273	38502152	-	117591	Slc2a9
chr5	38526813	38561595	-	22388	Wdr1
chr5	38668484	38684826	-	100515	Zfp518b
chr5	38706457	38876693	-	27278	Clnk
chr5	39461749	39603574	-	75095	4930513D17Rik
chr5	39613935	39644631	-	15476	Hs3st1
chr5	41624973	41708179	-	100972	Rab28
chr5	41761448	41764220	-	12020	Nkx3-2
chr5	41787538	41844315	-	665775	Bod1l
chr5	41891342	41891423	+	102465225	Mir6414
chr5	42067960	42216784	+	433882	Gm16223
chr5	43151686	43235354	-	665934	Gm7854
chr5	43233463	43289724	+	231207	Cpeb2
chr5	43515569	43616586	+	109323	C1qtnf7
chr5	43662379	43740972	+	231214	Cc2d2a
chr5	43744618	43782149	-	242960	Fbxl5
chr5	43818893	43843468	+	12182	Bst1
chr5	43868809	43912374	+	12494	Cd38
chr5	43978858	43981799	-	14181	Fgfbp1
chr5	43993622	44102032	-	19126	Prom1
chr5	44175159	44226606	-	231225	Tapt1
chr5	44472133	44799746	-	16826	Ldb2
chr5	44966201	44978805	+	75783	4930431F12Rik
chr5	45009171	45424400	-	52401	D5Ertd615e
chr5	45434032	45450229	-	110391	Qdpr
chr5	45453751	45464149	+	624224	Clrn2
chr5	45493374	45512691	+	66988	Lap3
chr5	45520229	45529284	+	66999	Med28
chr5	45529705	45639501	-	58227	Fam184b
chr5	45639275	45645469	+	319251	9630001P10Rik
chr5	45668701	45669708	-	69788	1600023N17Rik
chr5	45669925	45700547	+	54392	Ncapg
chr5	45697184	45857540	-	209707	Lcorl
chr5	45719667	45727578	-	100041576	Gm3414
chr5	45926822	45932409	-	78106	4930405L22Rik
chr5	47983155	48307735	+	20563	Slit2
chr5	48223942	48224051	+	723822	Mir218-1
chr5	48372330	48388756	+	66768	Pacrgl
chr5	48389503	49524904	-	80334	Kcnip4
chr5	48395573	48414294	+	70592	5730480H06Rik
chr5	49959951	50058996	-	70693	Adgra3
chr5	50151333	50156092	+	73965	4930448I18Rik
chr5	50252762	50252868	+	102465903	Mir8117
chr5	51454249	51567725	-	19017	Ppargc1a
chr5	52135902	52136017	-	102466648	Mir6417
chr5	52150203	52190546	-	13204	Dhx15
chr5	52190681	52245896	+	414108	9230114K14Rik
chr5	52199984	52216433	-	414111	C130083M11Rik
chr5	52363804	52369738	+	20657	Sod3
chr5	52374651	52471543	-	100503884	Ccdc149
chr5	52533517	52566306	-	246316	Lgi2
chr5	52607550	52619011	-	211001	8030423F21Rik
chr5	52643407	52669701	-	211006	Sepsecs
chr5	52741574	52769344	+	67073	Pi4k2b
chr5	52775409	52824665	+	78796	Zcchc4
chr5	52834135	52866734	+	52206	Anapc4
chr5	52973012	52992292	-	75954	5033403H07Rik
chr5	53049353	53071664	+	20531	Slc34a2
chr5	53107083	53213927	-	231238	Sel1l3
chr5	53267106	53278540	+	66278	Smim20
chr5	53555779	53657445	+	19664	Rbpj
chr5	53698485	53707704	-	12425	Cckar
chr5	53809627	53904380	+	67249	Tbc1d19
chr5	53998523	54121057	+	116873	Stim2
chr5	54349992	54358542	+	330086	Gm10440
chr5	57570084	57717919	-	319216	4932441J04Rik
chr5	57718081	58133235	+	54216	Pcdh7
chr5	58443239	58452998	-	78163	4930459L07Rik
chr5	59963119	59986002	-	71057	4933402J10Rik
chr5	61808843	61810477	+	14380	G6pd2
chr5	62602445	62766177	-	212285	Arap2
chr5	62813823	62888318	+	100322896	Dthd1
chr5	63649103	63810546	+	319807	Nwd2
chr5	63812495	63899619	+	76261	0610040J01Rik
chr5	63908898	63968897	-	100532	Rell1
chr5	64044973	64050226	+	74757	5830416I19Rik
chr5	64092950	64128161	+	66681	Pgm1
chr5	64159451	64351486	+	57915	Tbc1d1
chr5	64454813	64467942	-	69999	1700027F09Rik
chr5	64477008	64483967	+	77382	C030018K13Rik
chr5	64593863	64610699	-	100042198	Gm3716
chr5	64803523	64830129	+	16599	Klf3
chr5	64924680	64933558	-	21897	Tlr1
chr5	64953095	64960048	-	21899	Tlr6
chr5	64970075	65041901	+	68303	Fam114a1
chr5	64970318	64970395	+	100124451	Mir574
chr5	65107570	65168142	+	71778	Klhl5
chr5	65199696	65260415	+	213081	Wdr19
chr5	65261852	65335639	-	19687	Rfc1
chr5	65348411	65384003	+	83379	Klb
chr5	65388364	65391431	-	20005	Rpl9
chr5	65391497	65410423	+	79464	Lias
chr5	65413221	65435842	-	22235	Ugdh
chr5	65448755	65492835	-	68552	Smim14
chr5	65537245	65598989	+	53323	Ube2k
chr5	65615260	65697856	-	71521	Pds5a
chr5	65763521	65826784	+	333789	N4bp2
chr5	65861220	65896700	+	74734	Rhoh
chr5	65967124	65977486	+	231252	Chrna9
chr5	65987928	66004285	-	231253	9130230L23Rik
chr5	66016549	66151954	-	245945	Rbm47
chr5	66166607	66191335	-	73639	1700126H18Rik
chr5	66259898	66298028	+	70918	Nsun7
chr5	66298725	66618817	-	11787	Apbb2
chr5	66626495	66676497	-	101202684	Uchl1os
chr5	66676121	66687234	+	22223	Uchl1
chr5	66745840	67057159	+	77569	Limch1
chr5	67094397	67099126	-	18935	Phox2b
chr5	67260565	67291461	+	67878	Tmem33
chr5	67306955	67356142	+	109108	Slc30a9
chr5	67392147	67427799	-	666938	Bend4
chr5	67463898	67477899	+	320479	C330024D21Rik
chr5	67607883	67613987	+	330096	Shisa3
chr5	67618139	67847431	-	11980	Atp8a1
chr5	67933612	67943081	-	73865	4930425K10Rik
chr5	67941669	67977070	+	330097	Gm5108
chr5	68031835	68166398	+	433899	Grxcr1
chr5	69109285	69341709	-	243043	Kctd8
chr5	69516670	69542647	-	75581	Yipf7
chr5	69556924	69574652	+	231279	Guf1
chr5	69573110	69592285	-	67980	Gnpda2
chr5	70751047	70842617	-	14405	Gabrg1
chr5	70961057	71095849	-	14395	Gabra2
chr5	71442823	71548205	-	78174	Cox7b2
chr5	71569734	71658308	-	14397	Gabra4
chr5	71700016	72137244	+	14400	Gabrb1
chr5	72157000	72168183	-	27784	Commd8
chr5	72203329	72298771	+	231287	Atp10d
chr5	72300025	72504540	-	53419	Corin
chr5	72513304	72559645	-	100978	Nfxl1
chr5	72577114	72581084	-	317755	Zar1
chr5	72581639	72587550	-	545758	Gm5868
chr5	72603696	72642752	-	12788	Cnga1
chr5	72647796	72671078	+	70701	Nipal1
chr5	72695978	72752777	-	22165	Txk
chr5	72755718	72868448	-	21682	Tec
chr5	72914362	72978841	+	75991	Slain2
chr5	73006904	73012955	+	231290	Slc10a4
chr5	73020191	73256618	-	72313	Fryl
chr5	73268580	73284184	-	72276	1700025M24Rik
chr5	73292794	73314077	+	68095	Ociad1
chr5	73322198	73338947	-	433904	Ociad2
chr5	73406078	73453425	+	231293	Cwh43
chr5	73481055	73560794	+	100737	Dcun1d4
chr5	73606642	73632421	-	231296	Lrrc66
chr5	73632749	73647731	-	24051	Sgcb
chr5	73651380	73679484	+	73472	Spata18
chr5	74000038	74068411	-	69727	Usp46
chr5	74093083	74094336	+	70036	Dancr
chr5	74093530	74093650	+	100313943	Snora26
chr5	74195326	74199477	+	68939	Rasl11b
chr5	74204816	74531742	-	212986	Scfd2
chr5	74535482	74597124	+	66899	Fip1l1
chr5	74592447	74702903	-	16924	Lnx1
chr5	74949194	74966368	+	619945	Gm6116
chr5	75005004	75044641	-	74277	Chic2
chr5	75075601	75077893	+	14843	Gsx2
chr5	75110321	75147107	+	100503184	Gm19583
chr5	75152291	75198204	+	18595	Pdgfra
chr5	75176831	75176904	+	102465620	Mir7025
chr5	75574987	75656722	+	16590	Kit
chr5	75933265	75978428	-	16542	Kdr
chr5	76140273	76155503	+	57357	Srd5a3
chr5	76183880	76209244	+	21982	Tmem165
chr5	76209868	76304792	-	12753	Clock
chr5	76312116	76331156	-	79455	Pdcl2
chr5	76333495	76363777	-	56183	Nmu
chr5	76484077	76516628	+	639545	Gm7271
chr5	76529311	76570298	+	69940	Exoc1
chr5	76591715	76646466	+	381644	Cep135
chr5	76809988	76873554	+	320827	C530008M17Rik
chr5	76873659	76905514	-	231326	Aasdh
chr5	76913249	76951578	-	231327	Ppat
chr5	76951360	76967505	+	67054	Paics
chr5	76974701	76999935	+	66661	Srp72
chr5	77004055	77009478	+	384185	Arl9
chr5	77006442	77018863	-	68246	1700112J05Rik
chr5	77016023	77061529	+	71868	Thegl
chr5	77086986	77115123	-	74318	Hopx
chr5	77205106	77211471	-	69982	Spink2
chr5	77265494	77283697	+	19712	Rest
chr5	77272757	77272838	+	100628577	Mir5098
chr5	77294169	77310086	-	56412	Noa1
chr5	77310484	77349328	+	231329	Polr2b
chr5	77349240	77408045	-	29817	Igfbp7
chr5	77465488	77468857	+	69370	1700017L05Rik
chr5	81020571	81795730	+	319387	Adgrl3
chr5	82122427	82124710	-	67327	1700031L13Rik
chr5	82798944	82799065	-	100316803	Mir1187
chr5	83278122	83355195	-	243078	Tecrl
chr5	84054761	84417382	-	13839	Epha5
chr5	86012024	86065583	-	12617	Cenpc1
chr5	86071746	86104000	+	56792	Stap1
chr5	86110720	86172743	-	231380	Uba6
chr5	86180754	86197901	-	14715	Gnrhr
chr5	86231481	86289308	-	435845	Tmprss11c
chr5	86302854	86373387	-	231382	Tmprss11d
chr5	86410410	86468990	-	194597	Tmprss11a
chr5	86485877	86518600	-	320454	Tmprss11g
chr5	86521226	86632424	-	243083	Tmprss11f
chr5	86659522	86676298	-	319875	Tmprss11b
chr5	86705186	86745807	-	243084	Tmprss11e
chr5	86804490	86836657	+	231386	Ythdc1
chr5	86889769	86906937	-	100727	Ugt2b34
chr5	86916639	86926503	-	71773	Ugt2b1
chr5	87000860	87013274	+	243085	Ugt2b35
chr5	87065927	87092555	-	231396	Ugt2b36
chr5	87124946	87140340	-	22238	Ugt2b5
chr5	87240492	87254788	-	112417	Ugt2b37
chr5	87324972	87337195	-	72094	Ugt2a3
chr5	87409939	87424203	-	100559	Ugt2b38
chr5	87459490	87482258	-	552899	Ugt2a2
chr5	87459490	87490871	-	94215	Ugt2a1
chr5	87513339	87538195	-	56362	Sult1b1
chr5	87554650	87569006	-	53315	Sult1d1
chr5	87575968	87591611	-	20860	Sult1e1
chr5	87595902	87595993	-	100628573	Mir3969
chr5	87666208	87682578	+	12990	Csn1s1
chr5	87692619	87699425	-	12991	Csn2
chr5	87774450	87788798	+	12993	Csn1s2a
chr5	87808121	87824421	+	12992	Csn1s2b
chr5	87825697	87846386	+	73779	Prr27
chr5	87850359	87853012	+	654494	Gm7337
chr5	87885695	87894172	+	69592	Odam
chr5	87908588	87979351	-	73471	1700066N21Rik
chr5	87908779	87914171	+	494497	BC037156
chr5	87925633	87932544	+	12994	Csn3
chr5	87979451	87981541	+	70977	Cabs1
chr5	88002525	88008534	+	20599	Smr3a
chr5	88086556	88109053	+	20600	Smr2
chr5	88268919	88282835	+	665615	Gm7714
chr5	88291361	88301023	-	73312	1700041A01Rik
chr5	88317312	88328817	+	17830	Prol1
chr5	88376108	88385916	+	71421	Amtn
chr5	88455991	88468531	+	11698	Ambn
chr5	88487975	88506049	+	13801	Enam
chr5	88519809	88527897	-	16069	Jchain
chr5	88554483	88556083	+	65961	Utp3
chr5	88565040	88651417	+	52822	Rufy3
chr5	88659233	88676171	-	231413	Grsf1
chr5	88720871	88758455	+	68473	Mob1b
chr5	88765013	88783277	+	13178	Dck
chr5	88887260	89239656	+	54403	Slc4a4
chr5	89417511	89457898	-	14473	Gc
chr5	89527429	89583740	+	104443	Npffr2
chr5	89616436	89622611	+	631105	Gm7056
chr5	89673841	89883334	-	330119	Adamts3
chr5	90214724	90223996	-	231430	Cox18
chr5	90227166	90366185	-	81702	Ankrd17
chr5	90366997	90368488	+	791294	Gm9958
chr5	90460870	90476602	+	11657	Alb
chr5	90490714	90508907	+	11576	Afp
chr5	90518949	90553544	+	280662	Afm
chr5	90561209	90597906	+	622307	5830473C10Rik
chr5	90603076	90640625	-	73246	Rassf6
chr5	90759298	90761625	+	20311	Cxcl5
chr5	90768518	90770063	+	57349	Ppbp
chr5	90772435	90773383	+	56744	Pf4
chr5	90786101	90788093	+	330122	Cxcl3
chr5	90794534	90803067	+	20309	Cxcl15
chr5	90891245	90893121	+	14825	Cxcl1
chr5	90903899	90905938	+	20310	Cxcl2
chr5	90931196	91021368	+	665563	Mthfd2l
chr5	91027517	91035212	+	71920	Epgn
chr5	91074617	91093649	+	13874	Ereg
chr5	91139599	91148432	+	11839	Areg
chr5	91257571	91283076	-	100503265	Gm19619
chr5	91357261	91402994	-	12223	Btc
chr5	91517700	91624011	+	231440	Parm1
chr5	91766242	91767300	-	73452	1700063O14Rik
chr5	91948842	91963068	-	68098	Rchy1
chr5	91962389	91972137	+	381650	Thap6
chr5	91987473	91995317	+	381651	Odaph
chr5	92006074	92043042	-	53886	Cdkl2
chr5	92052145	92083744	-	23881	G3bp2
chr5	92137938	92202795	+	56041	Uso1
chr5	92209895	92215408	-	57425	U90926
chr5	92226974	92256278	-	19023	Ppef2
chr5	92257660	92278181	-	67111	Naaa
chr5	92284010	92310024	-	231452	Sdad1
chr5	92321331	92328079	-	17329	Cxcl9
chr5	92331827	92414628	+	109979	Art3
chr5	92346638	92348889	-	15945	Cxcl10
chr5	92359544	92363296	-	56066	Cxcl11
chr5	92415540	92435199	-	269113	Nup54
chr5	92441311	92505657	-	12492	Scarb2
chr5	92458557	92458656	+	102466159	Mir6415
chr5	92571537	92591284	+	384198	Fam47e
chr5	92603051	92606579	+	52331	Stbd1
chr5	92608295	92675271	-	320696	Ccdc158
chr5	92683435	92965759	+	27428	Shroom3
chr5	92788451	92788562	-	100316841	Mir1961
chr5	93041123	93045022	-	78088	Sowahb
chr5	93093416	93181378	+	52398	Sept11
chr5	93181933	93206495	-	12453	Ccni
chr5	93206518	93213474	+	75610	2010109A12Rik
chr5	93267573	93276231	+	12452	Ccng2
chr5	93635185	93671463	-	381654	C87414
chr5	94066454	95736173	-	666203	Gm7978
chr5	94302519	94955288	-	331195	A430089I19Rik
chr5	94339730	94384334	+	100554	AA792892
chr5	94526284	94538367	+	100041102	Gm3139
chr5	94648382	95026536	+	622894	Gm6367
chr5	94865453	95195342	+	100041253	Gm16513
chr5	95139275	95522402	+	100041354	Gm3286
chr5	95305923	95343575	+	100041296	Gm3259
chr5	95456806	95485589	+	320549	D5Ertd577e
chr5	95775870	95804230	+	665943	E330014E10Rik
chr5	95956939	95961068	+	55985	Cxcl13
chr5	96070333	96161990	-	231464	Cnot6l
chr5	96210115	96266727	+	94061	Mrpl1
chr5	96373955	96784728	+	231470	Fras1
chr5	96793385	96845968	+	11745	Anxa3
chr5	96921272	96934867	+	666266	Gm8013
chr5	96997689	97091048	+	140780	Bmp2k
chr5	97082329	97111596	-	231474	Paqr3
chr5	97382209	97392330	-	97243	Naa11
chr5	97392417	97642179	+	75814	4930467D21Rik
chr5	97455161	97457008	-	14626	Gk2
chr5	97884688	98030962	-	71914	Antxr2
chr5	98180869	98187448	+	77630	Prdm8
chr5	98254184	98277033	+	14176	Fgf5
chr5	98329304	98802019	+	75784	Cfap299
chr5	98475556	98475664	-	735265	Mir703
chr5	98854415	98884053	+	110075	Bmp3
chr5	98929773	99037079	-	19092	Prkg2
chr5	99217420	99252927	-	320292	Rasgef1b
chr5	99297244	99729060	-	319818	A930011G23Rik
chr5	99730854	99753973	-	330133	Gm38413
chr5	99955935	99978938	-	11991	Hnrnpd
chr5	100033577	100039222	-	50926	Hnrnpdl
chr5	100039994	100068765	+	67870	Enoph1
chr5	100077872	100159808	-	231503	Tmem150c
chr5	100077962	100095273	+	76003	Tmem150cos
chr5	100210692	100218049	+	69571	2310034O05Rik
chr5	100361649	100416234	-	69162	Sec31a
chr5	100420842	100429535	-	100503199	5430416N02Rik
chr5	100442033	100500639	-	231506	Lin54
chr5	100518309	100547802	+	26891	Cops4
chr5	100553733	100572205	-	231507	Plac8
chr5	100654726	100674256	-	71883	Coq2
chr5	100679486	100719683	-	15442	Hpse
chr5	100762148	100798600	-	191578	Helq
chr5	100798759	100804469	+	68735	Mrps18c
chr5	100804802	100820935	-	70681	Abraxas1
chr5	100846229	100899102	+	231510	Gpat3
chr5	101659184	101664711	-	18096	Nkx6-1
chr5	101765130	101823852	+	74596	Cds1
chr5	101832953	102069921	-	72145	Wdfy3
chr5	102207198	102897937	+	231532	Arhgap24
chr5	102908547	103211334	-	26414	Mapk10
chr5	103230375	103299029	-	74624	4930429D17Rik
chr5	103425192	103598361	+	19249	Ptpn13
chr5	103605711	103629403	-	75750	Slc10a6
chr5	103648587	103655732	-	74218	1700016H13Rik
chr5	103692420	103855322	+	17355	Aff1
chr5	103862050	103911229	-	246293	Klhl8
chr5	103955442	103977388	-	243168	Hsd17b13
chr5	103989765	104021796	-	114664	Hsd17b11
chr5	104046864	104065378	+	74167	Nudt9
chr5	104048003	104048063	+	100885831	Mir5619
chr5	104070060	104077608	-	100271704	Gm17660
chr5	104079108	104114088	-	13602	Sparcl1
chr5	104170703	104180127	+	666279	Dspp
chr5	104202617	104214102	+	13406	Dmp1
chr5	104299287	104311472	+	15891	Ibsp
chr5	104325329	104338611	+	94111	Mepe
chr5	104435111	104441053	+	20750	Spp1
chr5	104459457	104505819	+	18764	Pkd2
chr5	104508352	104522383	+	100042165	BC005561
chr5	104523677	104554211	+	100662	D930016D06Rik
chr5	104571645	104584620	+	69623	Zfp33b
chr5	104813168	104860068	-	626391	Zfp951
chr5	104935057	104982717	-	27405	Abcg3
chr5	105014153	105053561	-	76074	Gbp8
chr5	105078394	105110292	-	236573	Gbp9
chr5	105115767	105139586	-	17472	Gbp4
chr5	105215699	105293699	-	626578	Gbp10
chr5	105270702	105293699	-	100702	Gbp6
chr5	105323026	105346476	-	634650	Gbp11
chr5	105415775	105486189	+	433926	Lrrc8b
chr5	105519471	105608954	+	100604	Lrrc8c
chr5	105699969	105815215	+	231549	Lrrc8d
chr5	105876568	105915818	+	54367	Zfp326
chr5	106321340	106323221	+	102635633	Gm32921
chr5	106452523	106458166	-	104382	Barhl2
chr5	106616741	106696830	-	52397	Zfp644
chr5	106840197	106925890	-	330149	Hfm1
chr5	106964322	106984439	+	12545	Cdc7
chr5	107106570	107289595	-	21814	Tgfbr3
chr5	107331194	107387058	+	114642	Brdt
chr5	107403513	107430035	+	384214	Ephx4
chr5	107431549	107435039	+	70902	Lpcat2b
chr5	107437997	107491596	+	100503185	Btbd8
chr5	107497745	107512556	+	231570	A830010M20Rik
chr5	107507621	107551542	+	76421	1700028K03Rik
chr5	107548967	107597888	-	170823	Glmn
chr5	107597373	107661853	+	231571	Rpap2
chr5	107630250	107633850	-	78443	A930041C12Rik
chr5	107698212	107703480	-	654809	4930428O21Rik
chr5	107716655	107726247	-	14581	Gfi1
chr5	107744795	107875107	-	14020	Evi5
chr5	107830162	107831777	+	73318	Ube2d2b
chr5	107900528	107909005	+	100503670	Rpl5
chr5	107908042	107987077	-	67266	Fam69a
chr5	108065674	108109219	+	17765	Mtf2
chr5	108121647	108132591	-	73130	Tmed5
chr5	108132875	108232951	+	73254	Ccdc18
chr5	108268897	108280521	+	13486	Dr1
chr5	108312925	108349355	+	433931	Pigg
chr5	108388373	108431743	+	18587	Pde6b
chr5	108433253	108434378	-	11958	Atp5k
chr5	108441054	108448891	-	243197	Mfsd7a
chr5	108461332	108503099	+	69587	Pcgf3
chr5	108518554	108550027	-	12889	Cplx1
chr5	108569107	108629777	-	231580	Gak
chr5	108629810	108647770	+	72392	Tmem175
chr5	108647044	108660769	-	110524	Dgkq
chr5	108660331	108685446	+	15932	Idua
chr5	108669878	108675365	-	231583	Slc26a1
chr5	108694229	108706950	+	116701	Fgfrl1
chr5	108763842	108768918	+	73295	1700047L14Rik
chr5	108777235	108795363	-	67366	Tmed11
chr5	108797193	108808754	-	627479	Vmn2r8
chr5	108842947	108852510	-	435864	Vmn2r9
chr5	108993412	109006436	-	22307	Vmn2r10
chr5	109046873	109059452	-	384219	Vmn2r11
chr5	109085849	109097864	-	627569	Vmn2r12
chr5	109156068	109192107	-	231589	Vmn2r13
chr5	109215502	109224622	-	231591	Vmn2r14
chr5	109286269	109297556	-	211223	Vmn2r15
chr5	109330381	109364481	+	384220	Vmn2r16
chr5	109420013	109453387	+	384221	Vmn2r17
chr5	109554709	109558993	-	57914	Crlf2
chr5	109833501	109834142	-	667213	Gm10416
chr5	109933563	109941710	+	100642166	Gm15446
chr5	109996527	110010411	+	69504	Zfp932
chr5	110099969	110105953	+	403178	Plcxd1
chr5	110103977	110108197	-	107999	Gtpbp6
chr5	110110092	110129794	+	675812	Zfp605
chr5	110135830	110171973	+	231600	Chfr
chr5	110167508	110176504	-	100504007	Gm15787
chr5	110176701	110223155	+	269682	Golga3
chr5	110231004	110256651	+	71782	Ankle2
chr5	110259135	110269899	-	72542	Pgam5
chr5	110274286	110286168	-	19301	Pxmp2
chr5	110286319	110337453	+	18973	Pole
chr5	110339812	110343149	-	231602	P2rx2
chr5	110344730	110356094	+	381667	Lrcol1
chr5	110361751	110448503	-	381668	Fbrsl1
chr5	110514923	110525980	+	231603	A630023P12Rik
chr5	110544355	110621383	+	231605	Galnt9
chr5	110648419	110653382	-	100608	Noc4l
chr5	110653451	110660496	+	69663	Ddx51
chr5	110664373	110770717	-	75560	Ep400
chr5	110666075	110666141	-	102466216	Mir7026
chr5	110771033	110779260	+	100504049	Gm15559
chr5	110773667	110780615	-	56361	Pus1
chr5	110784489	110810081	-	22241	Ulk1
chr5	110829070	110839777	-	100900	Hscb
chr5	110840017	110874133	+	50883	Chek2
chr5	110879803	111289780	+	209683	Ttc28
chr5	111004144	111004252	+	735278	Mir701
chr5	111330697	111388359	+	56305	Pitpnb
chr5	111418166	111457025	+	433938	Mn1
chr5	111581422	111604932	+	330164	C130026L21Rik
chr5	111734284	111761728	-	269683	E130006D01Rik
chr5	112206763	112210002	+	75569	1700028D13Rik
chr5	112213228	112228948	-	330166	Miat
chr5	112246492	112252518	-	12959	Cryba4
chr5	112255820	112269585	+	12960	Crybb1
chr5	112276691	112315361	+	22022	Tpst2
chr5	112326369	112338073	+	54723	Tfip11
chr5	112337391	112343040	-	70118	Srrd
chr5	112343095	112378424	+	192232	Hps4
chr5	112353773	112356033	-	625424	Gm6583
chr5	112385445	112392213	-	72898	Asphd2
chr5	112419151	112577198	-	56747	Sez6l
chr5	112449426	112451738	+	625464	Gm6588
chr5	112582936	112589996	-	67325	1700034G24Rik
chr5	112688876	112896362	-	74376	Myo18b
chr5	112793292	112801701	+	67360	1700095B10Rik
chr5	112910478	113015538	-	320129	Grk3
chr5	113058258	113070117	-	12961	Crybb2
chr5	113075839	113081584	-	12962	Crybb3
chr5	113086323	113163313	-	243219	2900026A02Rik
chr5	113226909	113239263	+	333048	Tmem211
chr5	113243220	113310786	-	52850	Sgsm1
chr5	113324493	113324545	-	102465709	Mir7229
chr5	113337590	113337645	-	102466821	Mir7230
chr5	113357294	113357821	+	503692	Aym1
chr5	113490447	113589725	+	320916	Wscd2
chr5	113612355	113650390	-	14747	Cmklr1
chr5	113692424	113724772	-	381707	1700069L16Rik
chr5	113735782	113740607	+	231630	Ficd
chr5	113742446	113771649	-	53890	Sart3
chr5	113772812	113778282	+	66383	Iscu
chr5	113793729	113800358	-	231633	Tmem119
chr5	113817798	113830501	-	20345	Selplg
chr5	113842439	113908706	-	23790	Coro1c
chr5	113942219	113993757	-	231637	Ssh1
chr5	114003735	114025675	+	13142	Dao
chr5	114026913	114091380	-	68666	Svop
chr5	114100333	114122924	+	100756	Usp30
chr5	114123934	114128218	-	231642	Alkbh2
chr5	114130435	114139321	+	22256	Ung
chr5	114165518	114250758	+	100705	Acacb
chr5	114254164	114273761	-	116810	Foxn4
chr5	114314941	114364576	+	231646	Myo1h
chr5	114363572	114380505	-	330171	Kctd10
chr5	114380607	114421166	+	117146	Ube3b
chr5	114404468	114404539	+	102465621	Mir7027
chr5	114431034	114444027	-	77697	Mmab
chr5	114444269	114460591	+	17855	Mvk
chr5	114568251	114613218	+	433940	Fam222a
chr5	114622154	114658421	-	63873	Trpv4
chr5	114669490	114690935	-	56356	Gltp
chr5	114707779	114722327	+	77832	Tchp
chr5	114719515	114719578	+	102465622	Mir7028
chr5	114727408	114773492	-	26431	Git2
chr5	114773733	114774983	-	67642	4930515G01Rik
chr5	114775140	114805821	+	68420	Ankrd13a
chr5	114808196	114813976	-	66236	1500011B03Rik
chr5	114821937	114823468	-	330173	2610524H06Rik
chr5	114851948	114852064	+	102466620	Mir6240
chr5	114853714	114883880	+	67593	4930519G04Rik
chr5	114896934	114912245	+	23962	Oasl2
chr5	114923240	114937911	+	231655	Oasl1
chr5	114942202	114948540	+	72357	2210016L21Rik
chr5	114948980	114971062	-	21405	Hnf1a
chr5	115011524	115098790	+	74585	Sppl3
chr5	115102922	115110268	-	100502825	Rpl37rt
chr5	115110299	115119346	-	11409	Acads
chr5	115122566	115134975	-	106840	Unc119b
chr5	115142981	115158176	-	109154	Mlec
chr5	115168691	115194381	-	29867	Cabp1
chr5	115235851	115240972	+	117109	Pop5
chr5	115241770	115272895	-	50849	Rnf10
chr5	115279702	115296972	+	52064	Coq5
chr5	115297110	115300990	-	56455	Dynll1
chr5	115301120	115320082	+	102639268	Gm13830
chr5	115327177	115333080	+	108014	Srsf9
chr5	115333242	115341161	-	384281	Gatc
chr5	115341247	115343552	+	69076	Triap1
chr5	115345654	115348955	-	12861	Cox6a1
chr5	115429685	115454202	+	17690	Msi1
chr5	115466266	115474717	+	18778	Pla2g1b
chr5	115478010	115484484	-	75387	Sirt4
chr5	115506676	115555987	+	19303	Pxn
chr5	115559467	115563729	+	11837	Rplp0
chr5	115565263	115622654	+	231659	Gcn1l1
chr5	115580949	115581009	+	102466790	Mir7029
chr5	115631049	115631816	-	66123	1110006O24Rik
chr5	115631987	115647158	+	77407	Rab35
chr5	115645573	115645632	+	102465623	Mir7030
chr5	115649286	115731559	-	75665	Bicdl1
chr5	115845278	116006343	+	12704	Cit
chr5	116013590	116024428	-	19079	Prkab1
chr5	116040532	116083246	-	545798	Tmem233
chr5	116123614	116129110	+	320805	C330018A13Rik
chr5	116125581	116288985	-	269693	Ccdc60
chr5	116312360	116318275	+	77846	B230112J18Rik
chr5	116408491	116422864	-	80888	Hspb8
chr5	116438722	116465487	+	76798	Srrm4os
chr5	116439272	116591817	-	68955	Srrm4
chr5	117091678	117115993	-	71954	Suds3
chr5	117120129	117275101	+	330177	Taok3
chr5	117282651	117287564	-	23980	Pebp1
chr5	117319266	117355006	+	231668	Vsig10
chr5	117357305	117378589	+	59043	Wsb2
chr5	117379145	117389023	-	72151	Rfc5
chr5	117414002	117767996	+	333050	Ksr2
chr5	117842186	117958840	+	18125	Nos1
chr5	117976770	118010191	+	231670	Fbxo21
chr5	118027824	118061870	+	57816	Tesc
chr5	118064981	118155458	-	231672	Fbxw8
chr5	118169764	118189478	+	12123	Hrk
chr5	118190736	118245025	-	269695	Rnft2
chr5	118245227	118263114	+	76792	2410131K14Rik
chr5	118560719	118765438	+	76199	Med13l
chr5	118952339	118961261	+	74627	4930413E15Rik
chr5	119108236	119114543	+	73477	1700081H04Rik
chr5	119194313	119200018	-	665194	Gm7538
chr5	119570129	119627382	-	100993	AW549542
chr5	119625942	119634462	+	330183	Gm16063
chr5	119670862	119684724	+	21386	Tbx3
chr5	119685088	119691218	-	433944	Tbx3os2
chr5	119834663	119885218	+	21388	Tbx5
chr5	120116513	120198971	+	74111	Rbm19
chr5	120121096	120139263	-	100503427	Gm10390
chr5	120431886	120441457	+	16873	Lhx5
chr5	120458202	120472810	-	257635	Sdsl
chr5	120476547	120483905	+	231691	Sds
chr5	120483893	120503623	-	71772	Plbd2
chr5	120511192	120534024	+	170756	Slc8b1
chr5	120534157	120588613	-	252972	Tpcn1
chr5	120589023	120607113	+	75732	Iqcd
chr5	120609058	120612589	-	100764	Rita1
chr5	120613130	120628592	+	71990	Ddx54
chr5	120628335	120634235	-	546886	Cfap73
chr5	120648812	120679610	+	19415	Rasal1
chr5	120680264	120711669	-	14357	Dtx1
chr5	120730333	120749848	-	246728	Oas2
chr5	120753098	120777659	-	246727	Oas3
chr5	120786312	120795530	-	231699	Oas1e
chr5	120800199	120812514	-	114643	Oas1c
chr5	120812635	120824163	+	23961	Oas1b
chr5	120847367	120857986	+	243262	Oas1f
chr5	120861422	120873506	+	246729	Oas1h
chr5	120876142	120887613	-	23960	Oas1g
chr5	120896256	120907525	-	246730	Oas1a
chr5	120914818	120921648	+	100535	Oas1d
chr5	120940499	121010092	-	19894	Rph3a
chr5	121130533	121191397	-	19247	Ptpn11
chr5	121204501	121209241	+	19988	Rpl6
chr5	121220219	121368577	+	269700	Hectd4
chr5	121371725	121385615	-	231712	Trafd1
chr5	121397982	121440113	+	231713	Naa25
chr5	121428590	121452474	-	67397	Erp29
chr5	121451893	121524182	+	77462	Tmem116
chr5	121500097	121502980	-	280667	Adam1b
chr5	121518604	121521695	-	280668	Adam1a
chr5	121518613	121545892	-	17165	Mapkapk5
chr5	121566027	121593824	-	11669	Aldh2
chr5	121598281	121618938	-	338350	Acad12
chr5	121621029	121660510	-	71985	Acad10
chr5	121660563	121687249	+	72399	Brap
chr5	121711609	121814950	+	20239	Atxn2
chr5	121815481	121836859	-	16923	Sh2b3
chr5	121819209	121819273	-	102465624	Mir7031
chr5	121849028	121854599	+	231717	Pheta1
chr5	121860216	122049851	-	13048	Cux2
chr5	122100980	122106854	+	17906	Myl2
chr5	122108052	122138062	-	330188	Ccdc63
chr5	122158279	122175269	+	19047	Ppp1cc
chr5	122209729	122242297	+	74096	Hvcn1
chr5	122239495	122264460	-	654470	Tctn1
chr5	122284398	122324281	+	320717	Pptc7
chr5	122323228	122354195	-	231724	Rad9b
chr5	122354413	122363287	+	56433	Vps29
chr5	122364584	122371963	-	68948	Fam216a
chr5	122372508	122382771	+	68080	Gpn3
chr5	122391878	122406181	+	56378	Arpc3
chr5	122422444	122444912	+	56317	Anapc7
chr5	122453513	122502225	-	11938	Atp2a2
chr5	122550204	122614518	-	12589	Ift81
chr5	122643911	122691432	+	18439	P2rx7
chr5	122682597	122682715	+	102465902	Mir8115
chr5	122707544	122729738	+	18438	P2rx4
chr5	122731170	122779410	-	207565	Camkk2
chr5	122787459	122821342	-	59008	Anapc5
chr5	122823771	122868945	+	80751	Rnf34
chr5	122870668	122989099	-	30841	Kdm2b
chr5	122989354	122998345	+	109202	A930024E05Rik
chr5	123015074	123030452	+	109305	Orai1
chr5	123037127	123046820	-	74890	Morn3
chr5	123076275	123117445	+	330189	Tmem120b
chr5	123103044	123132629	-	23912	Rhof
chr5	123142193	123168630	+	208043	Setd1b
chr5	123171807	123182686	-	15445	Hpd
chr5	123228190	123250126	+	67151	Psmd9
chr5	123344448	123374083	+	77045	Bcl7a
chr5	123394798	123457932	+	208104	Mlxip
chr5	123480153	123482585	-	76399	Il31
chr5	123489325	123508205	+	381741	Lrrc43
chr5	123509766	123524164	-	66593	Diablo
chr5	123510460	123511882	+	231727	B3gnt4
chr5	123522637	123522695	-	102465756	Mir7647
chr5	123528757	123573015	-	77573	Vps33a
chr5	123577794	123684361	-	56430	Clip1
chr5	123698302	123721044	-	70650	Zcchc8
chr5	123728426	123749414	-	208606	Rsrc2
chr5	123749726	123821593	+	208628	Kntc1
chr5	123863570	123865516	-	80885	Hcar2
chr5	123876736	123880020	-	243270	Hcar1
chr5	123907275	123928832	+	68184	Denr
chr5	123930689	123969895	+	208908	Ccdc62
chr5	123973628	124003215	+	29816	Hip1r
chr5	123996852	123996930	+	102465625	Mir7032
chr5	124004641	124032260	-	330192	Vps37b
chr5	124061857	124095798	-	56325	Abcb9
chr5	124112338	124115476	+	66627	Ogfod2
chr5	124116108	124118195	+	65105	Arl6ip4
chr5	124118689	124249760	-	19679	Pitpnm2
chr5	124229725	124237137	+	75927	Pitpnm2os1
chr5	124250959	124327972	-	269702	Mphosph9
chr5	124328089	124341852	+	72650	2810006K23Rik
chr5	124345439	124354628	-	13445	Cdk2ap1
chr5	124368702	124425914	-	243272	Sbno1
chr5	124439930	124462311	+	67956	Kmt5a
chr5	124463265	124478235	-	80291	Rilpl2
chr5	124483155	124491122	+	76167	Snrnp35
chr5	124493080	124531391	-	75695	Rilpl1
chr5	124540791	124550503	+	56334	Tmed2
chr5	124552864	124569660	+	67848	Ddx55
chr5	124570214	124579131	-	209354	Eif2b1
chr5	124579148	124597680	+	209357	Gtf2h3
chr5	124598749	124627738	+	67978	Tctn2
chr5	124629052	124724455	+	21871	Atp6v0a2
chr5	124725085	124834308	+	56087	Dnah10
chr5	124834432	124862221	-	215707	Ccdc92
chr5	124862705	124888630	+	269704	Zfp664
chr5	125003475	125012547	+	73121	Rflna
chr5	125017153	125179214	-	20602	Ncor2
chr5	125277087	125341094	-	20778	Scarb1
chr5	125385965	125390017	-	22190	Ubc
chr5	125414404	125434048	-	208144	Dhx37
chr5	125441568	125460885	+	76809	Bri3bp
chr5	125475873	125517403	+	78894	Aacs
chr5	125532418	125792583	+	208151	Tmem132b
chr5	127030789	127088529	+	71247	4933438B17Rik
chr5	127170565	127184356	+	75916	4930572K03Rik
chr5	127241826	127565790	+	208213	Tmem132c
chr5	127256860	127281623	-	67351	Tmem132cos
chr5	127595666	127617392	-	100561	Slc15a4
chr5	127632262	127707520	+	319804	Glt1d1
chr5	127783491	128433077	-	243274	Tmem132d
chr5	128579130	128600687	-	319616	5930412G12Rik
chr5	128601106	128604093	+	93897	Fzd10
chr5	128736246	128755474	+	57749	Piwil1
chr5	128757788	128953486	-	231760	Rimbp2
chr5	128984557	129008572	-	13852	Stx2
chr5	129020156	129024321	+	19384	Ran
chr5	129096750	129204599	+	243277	Adgrd1
chr5	129501231	129571384	+	231769	Sfswap
chr5	129584169	129609154	+	23948	Mmp17
chr5	129654595	129670088	-	22648	Zfp11
chr5	129683391	129708511	-	74222	Sept14
chr5	129715528	129718691	+	66258	Mrps17
chr5	129725075	129758325	+	14467	Nipsnap2
chr5	129765558	129787253	-	100678	Psph
chr5	129787356	129846443	+	12466	Cct6a
chr5	129794561	129794676	+	100113364	Snora15
chr5	129846990	129863951	+	67902	Sumf2
chr5	129863435	129879083	-	18682	Phkg1
chr5	129881161	129887470	-	14004	Chchd2
chr5	129895723	129903623	+	71970	Zbed5
chr5	129908540	129911281	+	69034	Nupr1l
chr5	129942109	129986692	+	69568	Vkorc1l1
chr5	129989021	130002828	-	110006	Gusb
chr5	130011503	130024331	-	109900	Asl
chr5	130029306	130060787	+	12909	Crcp
chr5	130073326	130135733	+	22021	Tpst1
chr5	130144888	130155808	+	212919	Kctd7
chr5	130171819	130214337	+	56715	Rabgef1
chr5	130219744	130243765	+	71667	Tmem248
chr5	130245732	130255530	-	66711	Sbds
chr5	130255619	130341567	+	100929	Tyw1
chr5	130369458	130840645	+	140904	Caln1
chr5	130378851	130384631	-	381673	A330070K13Rik
chr5	130874951	131307522	-	212996	Galnt17
chr5	131437682	132542343	-	319974	Auts2
chr5	131880269	131883768	+	75369	4930563F08Rik
chr5	134099748	134141782	+	80909	Castor2
chr5	134148058	134176767	-	94254	Rcc1l
chr5	134184038	134224355	+	114674	Gtf2ird2
chr5	134220053	134229625	-	17969	Ncf1
chr5	134237832	134314760	-	14886	Gtf2i
chr5	134326454	134326522	+	100628570	Mir3965
chr5	134357661	134456716	-	57080	Gtf2ird1
chr5	134489383	134552434	-	269713	Clip2
chr5	134557254	134560171	-	214292	Syna
chr5	134572076	134572114	+	102465708	Mir7228
chr5	134582690	134598328	+	19718	Rfc2
chr5	134600103	134615025	-	56743	Lat2
chr5	134619872	134639409	-	22384	Eif4h
chr5	134656039	134688590	-	16885	Limk1
chr5	134702595	134747323	-	13717	Eln
chr5	134901593	134906733	-	76629	Tmem270
chr5	134914250	134915530	-	57255	Cldn13
chr5	134932373	134942637	+	79565	Mettl27
chr5	134945123	134946934	-	12740	Cldn4
chr5	134986214	134987476	+	12739	Cldn3
chr5	134987433	135001350	-	71304	Wbscr25
chr5	135009152	135012175	+	68758	Abhd11
chr5	135012122	135013157	-	69812	Abhd11os
chr5	135023482	135051100	+	20907	Stx1a
chr5	135052957	135064666	-	66138	Bud23
chr5	135064206	135065365	+	66114	Dnajc30
chr5	135072900	135078266	-	194309	Vps37d
chr5	135106891	135138382	+	58805	Mlxipl
chr5	135149711	135162662	+	27368	Tbl2
chr5	135168372	135181852	+	12054	Bcl7b
chr5	135187323	135246129	+	22385	Baz1b
chr5	135248938	135251047	-	14371	Fzd9
chr5	135291704	135350044	-	94244	Fkbp6
chr5	135353296	135367654	+	215061	Trim50
chr5	135369953	135376797	+	100609	Nsun5
chr5	135376140	135394546	-	107939	Pom121
chr5	135383730	135383810	-	102466217	Mir7033
chr5	135406518	135545122	-	215114	Hip1
chr5	135560448	135563569	-	541307	Ccl26
chr5	135569937	135573043	-	56221	Ccl24
chr5	135632654	135646376	+	215160	Rhbdd2
chr5	135689145	135735326	+	18984	Por
chr5	135735490	135744172	-	215210	Tmem120a
chr5	135735806	135735889	-	102466791	Mir7034
chr5	135747220	135778385	-	76571	Styxl1
chr5	135778649	135790386	+	17448	Mdh2
chr5	135806890	135874772	+	58212	Srrm3
chr5	135887919	135889563	+	15507	Hspb1
chr5	135908379	135934641	-	22628	Ywhag
chr5	135960223	135974476	-	109267	Ssc4d
chr5	135980105	135988624	+	22788	Zp3
chr5	135994800	136032881	+	74198	Dtx2
chr5	136038496	136044993	+	100647	Upk3b
chr5	136057267	136064324	+	69665	Upk3bl
chr5	136083916	136111860	+	54153	Rasa4
chr5	136105522	136105603	+	102465626	Mir7035
chr5	136116691	136122947	+	20022	Polr2j
chr5	136123066	136136074	-	71735	Lrwd1
chr5	136136178	136141615	+	72041	Alkbh4
chr5	136147459	136170656	-	269717	Orai2
chr5	136179098	136198954	-	66801	Prkrip1
chr5	136218149	136244940	-	23921	Sh2b2
chr5	136248135	136567490	-	13047	Cux1
chr5	136375716	136375803	-	723975	Mir721
chr5	136693146	136701094	+	59310	Myl10
chr5	136741764	136883107	-	140709	Col26a1
chr5	136908150	136913244	+	67286	Ift22
chr5	136919146	136937109	+	66752	4933404O12Rik
chr5	136953275	136966234	+	66437	Fis1
chr5	136967869	136975845	+	60363	Cldn15
chr5	136982194	136987959	-	70103	Znhit1
chr5	136987019	136996646	+	26433	Plod3
chr5	136991433	136991541	+	735283	Mir702
chr5	137026392	137033351	+	381677	Vgf
chr5	137034994	137046060	-	11769	Ap1s1
chr5	137061504	137072272	-	18787	Serpine1
chr5	137111286	137116207	-	384309	Trim56
chr5	137287766	137294466	+	11423	Ache
chr5	137293780	137293876	+	102466887	Mir8116
chr5	137294669	137295664	+	70240	Ufsp1
chr5	137295704	137307674	-	83701	Srrt
chr5	137296624	137296688	-	102465627	Mir7036
chr5	137309899	137314241	-	22051	Trip6
chr5	137314558	137333582	-	83704	Slc12a9
chr5	137350109	137374522	+	13846	Ephb4
chr5	137378637	137477064	-	22635	Zan
chr5	137483020	137533229	-	13856	Epo
chr5	137501439	137502429	-	74097	Pop7
chr5	137518880	137527935	+	57330	Gigyf1
chr5	137528129	137533229	-	14693	Gnb2
chr5	137529480	137529594	-	102465227	Mir6418
chr5	137553555	137569573	+	83766	Actl6b
chr5	137569840	137588081	+	50765	Tfr2
chr5	137596645	137601059	-	68929	Mospd3
chr5	137605107	137611404	-	18542	Pcolce
chr5	137612505	137625078	-	71176	Fbxo24
chr5	137629123	137641099	+	231798	Lrch4
chr5	137629123	137642902	+	100316903	Gm20605
chr5	137643031	137645714	-	16369	Irs3
chr5	137650463	137684753	-	231801	Agfg2
chr5	137730948	137741607	-	243300	Nyap1
chr5	137745969	137768453	+	78829	Tsc22d4
chr5	137778918	137780107	+	69871	Ppp1r35
chr5	137781906	137786701	-	231803	Mepce
chr5	137787802	137822621	+	381678	Zcwpw1
chr5	137821952	137836278	-	231805	Pilra
chr5	137852147	137858049	-	170741	Pilrb1
chr5	137865829	137871758	-	545812	Pilrb2
chr5	137892933	137921619	-	13113	Cyp3a13
chr5	137953809	137962959	-	118446	Gjc3
chr5	137981521	137990233	+	12007	Azgp1
chr5	138021276	138034665	+	545814	Smok3a
chr5	138037224	138050633	+	622474	Smok3b
chr5	138053195	138066539	+	622486	Smok3c
chr5	138085084	138107822	+	74570	Zkscan1
chr5	138116905	138134265	+	22697	Zscan21
chr5	138139702	138155744	-	56314	Zfp113
chr5	138161100	138164139	+	26893	Cops6
chr5	138164589	138171862	-	17220	Mcm7
chr5	138165321	138165404	-	723926	Mir25
chr5	138165523	138165610	-	723885	Mir93
chr5	138165737	138165818	-	723925	Mir106b
chr5	138172021	138178687	+	11781	Ap4m1
chr5	138178617	138187186	-	21343	Taf6
chr5	138187535	138193894	+	66455	Cnpy4
chr5	138194314	138195621	+	330216	Mblac1
chr5	138225904	138251875	+	381680	Nxpe5
chr5	138255482	138259395	+	66096	Lamtor4
chr5	138259658	138264052	-	231807	BC037034
chr5	138264045	138266661	+	69004	6330418K02Rik
chr5	138264925	138272754	-	330217	Gal3st4
chr5	138273660	138279937	-	71951	Gpc2
chr5	138280509	138312393	+	50878	Stag3
chr5	138441476	138460694	+	72154	Zfp157
chr5	138561840	138564694	-	76658	1700123K08Rik
chr5	138603652	138619743	-	24135	Zfp68
chr5	138622859	138648917	+	243308	A430033K04Rik
chr5	138755081	138810063	+	80752	Fam20c
chr5	138820080	138821619	+	384244	Gm5294
chr5	138976971	138994953	-	18590	Pdgfa
chr5	139017304	139150001	-	19085	Prkar1b
chr5	139150223	139186505	+	433956	Dnaaf5
chr5	139200637	139249839	+	77053	Sun1
chr5	139252324	139270050	+	67604	Get4
chr5	139271876	139325464	-	231821	Adap1
chr5	139337822	139345166	-	68033	Cox19
chr5	139352617	139357033	+	545817	Cyp2w1
chr5	139359739	139460534	-	73212	3110082I17Rik
chr5	139369650	139369745	-	723898	Mir339
chr5	139377697	139396414	+	80290	Gpr146
chr5	139405280	139416092	+	319772	C130050O18Rik
chr5	139423179	139427800	+	76854	Gper1
chr5	139471216	139484491	-	100494	Zfand2a
chr5	139523751	139541339	+	74973	4930500L23Rik
chr5	139543898	139548179	+	22255	Uncx
chr5	139706693	139736333	-	231830	Micall2
chr5	139751282	139775678	-	68510	Ints1
chr5	139767879	139767943	-	102465628	Mir7037
chr5	139791536	139802652	+	17135	Mafk
chr5	139804952	139814283	-	231832	Tmem184a
chr5	139823594	139826843	-	66506	Psmg3
chr5	139907943	139974725	+	243312	Elfn1
chr5	140008689	140321552	-	17120	Mad1l1
chr5	140327674	140331898	-	68017	Mrm2
chr5	140331922	140338135	+	17766	Nudt1
chr5	140340303	140389247	-	231834	Snx8
chr5	140419305	140443358	+	27979	Eif3b
chr5	140427339	140427409	+	102466792	Mir7038
chr5	140505609	140525238	+	59031	Chst12
chr5	140563189	140565067	-	77998	Grifin
chr5	140607341	140615545	+	16848	Lfng
chr5	140620577	140649031	-	78339	Ttyh3
chr5	140663505	140702378	-	74239	Iqce
chr5	140705011	140719379	+	231841	Brat1
chr5	140724127	140754690	+	231842	Amz1
chr5	140759944	140830431	-	14673	Gna12
chr5	140872999	141000596	-	108723	Card11
chr5	141241534	142213791	+	330222	Sdk1
chr5	142401497	142462015	+	17425	Foxk1
chr5	142463931	142478715	+	231855	Ap5z1
chr5	142484839	142551098	-	231858	Radil
chr5	142527740	142530076	-	56522	Papolb
chr5	142563480	142608752	-	75104	Mmd2
chr5	142629584	142669372	+	74781	Wipi2
chr5	142702101	142722490	+	243328	Slc29a4
chr5	142724605	142817387	-	231861	Tnrc18
chr5	142871789	142895238	-	231863	Fbxl18
chr5	142903115	142906754	-	11461	Actb
chr5	142960355	142973189	+	14086	Fscn1
chr5	142990893	143113020	-	108086	Rnf216
chr5	143164779	143165751	-	100042605	Rbakdn
chr5	143172186	143180775	-	57782	Rbak
chr5	143181017	143205068	+	330228	Spdye4b
chr5	143216316	143226890	-	74673	Spdye4a
chr5	143226992	143234748	+	74872	4930448H16Rik
chr5	143235163	143248834	+	231866	Zfp12
chr5	143249695	143270022	-	54201	Zfp316
chr5	143301072	143315360	-	231868	E130309D02Rik
chr5	143316489	143329238	-	72881	Zdhhc4
chr5	143329308	143332704	+	67672	0610040B10Rik
chr5	143357338	143391798	+	170935	Grid2ip
chr5	143403820	143421904	+	66913	Kdelr2
chr5	143464493	143504442	+	231871	Daglb
chr5	143505481	143527993	-	19353	Rac1
chr5	143548706	143564525	+	67238	Fam220a
chr5	143622447	143710250	+	19159	Cyth3
chr5	143710325	143732280	-	76800	Usp42
chr5	143758354	143767128	+	320064	D130017N08Rik
chr5	143817792	143902717	+	15467	Eif2ak1
chr5	143890741	143895067	-	66729	Ankrd61
chr5	143902704	143909839	-	231872	Aimp2
chr5	143910001	143931756	+	18861	Pms2
chr5	143987909	144014853	-	231874	Ccz1
chr5	144019807	144050609	-	18261	Ocm
chr5	144100436	144188204	+	231876	Lmtk2
chr5	144190286	144194441	+	17341	Bhlha15
chr5	144195322	144223578	-	70381	Tecpr1
chr5	144244437	144446757	+	55950	Bri3
chr5	144264525	144358112	-	66898	Baiap2l1
chr5	144277061	144280514	+	100504231	Gm15708
chr5	144357923	144361005	+	100579137	Dmrt1i
chr5	144545887	144557478	+	53324	Nptx2
chr5	144735915	144761578	-	243339	Tmem130
chr5	144768792	144859773	+	100683	Trrap
chr5	144876495	144965830	-	75788	Smurf1
chr5	144896732	144896816	-	102465629	Mir7039
chr5	144983744	145009636	-	381686	Kpna7
chr5	145029600	145032764	-	231885	Gm4871
chr5	145042990	145045678	+	69396	1700018F24Rik
chr5	145083869	145108756	+	56443	Arpc1a
chr5	145114256	145128186	+	11867	Arpc1b
chr5	145128770	145140089	-	231887	Pdap1
chr5	145140376	145148078	+	231889	Bud31
chr5	145147378	145167104	-	71799	Ptcd1
chr5	145167213	145182041	+	54188	Cpsf4
chr5	145183706	145191592	-	57423	Atp5j2
chr5	145194946	145201882	-	67235	Zkscan14
chr5	145204559	145221750	+	22757	Zkscan5
chr5	145231715	145247306	+	72611	Zfp655
chr5	145283343	145291469	+	666311	Zscan25
chr5	145345270	145390512	+	622127	Cyp3a57
chr5	145436309	145469723	-	13114	Cyp3a16
chr5	145558664	145720136	-	53973	Cyp3a41a
chr5	145773983	145805874	-	337924	Cyp3a44
chr5	145854607	145879854	-	13112	Cyp3a11
chr5	145977194	146009618	-	56388	Cyp3a25
chr5	146079258	146113285	+	100041449	Cyp3a59
chr5	146182450	146185304	-	69282	1700001J03Rik
chr5	146209193	146221457	-	74132	Rnf6
chr5	146231250	146302874	+	264064	Cdk8
chr5	146385006	146471125	+	245880	Wasf3
chr5	146481943	146484702	+	623198	Gm6408
chr5	146491363	146494132	+	622924	Gm6370
chr5	146502399	146505183	+	67410	4930449I24Rik
chr5	146514123	146516902	+	100041548	Gm3402
chr5	146525801	146528553	+	100041554	Gm3404
chr5	146537648	146540427	+	100041566	Gm3409
chr5	146556113	146558915	+	100041578	Gm3415
chr5	146582150	146585239	-	14738	Gpr12
chr5	146734812	146794956	-	22217	Usp12
chr5	146832890	146837032	+	19933	Rpl21
chr5	146845071	146847726	+	68895	Rasl11a
chr5	146948657	146955614	+	66596	Gtf3a
chr5	146951573	146963797	-	76366	Mtif3
chr5	147016655	147076572	-	140887	Lnx2
chr5	147077346	147111361	+	20018	Polr1d
chr5	147188696	147190947	+	14842	Gsx1
chr5	147228598	147271521	-	70147	Plut
chr5	147270131	147275149	+	18609	Pdx1
chr5	147283189	147283298	-	102465309	Mir7k
chr5	147300900	147307249	-	12591	Cdx2
chr5	147314984	147322440	-	231903	Urad
chr5	147330741	147400489	-	14255	Flt3
chr5	147418620	147423044	+	100039805	D5Ertd605e
chr5	147430580	147548501	+	72587	Pan3
chr5	147562196	147725988	-	14254	Flt1
chr5	147860628	147875778	+	66537	Pomp
chr5	147878441	147894815	-	71706	Slc46a3
chr5	147957320	148316065	+	77521	Mtus2
chr5	148327410	148399904	-	11987	Slc7a1
chr5	148504631	148552789	-	24109	Ubl3
chr5	148741840	148743139	+	70138	2210417A02Rik
chr5	148777963	148783080	+	78015	4930505K14Rik
chr5	148871584	148928647	-	231912	Katnal1
chr5	148950250	148951658	+	71473	8430423G03Rik
chr5	148990056	148995215	-	319982	5930430L01Rik
chr5	149006962	149012776	+	100503307	Gm15408
chr5	149046702	149053057	-	15289	Hmgb1
chr5	149119565	149184063	-	433966	5730422E09Rik
chr5	149144263	149153540	+	105242579	Gm42788
chr5	149154128	149156192	-	667410	Gm8615
chr5	149184560	149215434	+	231915	Uspl1
chr5	149265004	149288153	+	11690	Alox5ap
chr5	149411806	149431703	+	70717	Medag
chr5	149439660	149470979	+	75860	Tex26
chr5	149489056	149538030	-	100415916	Gm15997
chr5	149528679	149611894	+	381693	Wdr95
chr5	149616845	149636315	-	15505	Hsph1
chr5	149678257	149762599	+	381694	B3glct
chr5	149801990	149811751	-	100861794	Gm21221
chr5	149847747	149864280	+	70969	4930500F04Rik
chr5	150018675	150082186	+	140498	Rxfp2
chr5	150118670	150497753	+	320365	Fry
chr5	150499747	150502219	-	194292	Gm5
chr5	150507069	150518159	-	545824	Zar1l
chr5	150522621	150570147	+	12190	Brca2
chr5	150571643	150594525	-	100637	N4bp2l1
chr5	150635973	150665612	-	381695	N4bp2l2
chr5	150673827	150810669	+	100710	Pds5b
chr5	150952607	150993817	+	16591	Kl
chr5	151037515	151190193	-	243362	Stard13
chr5	151368675	151414083	+	625175	1700028E10Rik
chr5	151406504	151432118	+	100042166	Gm3704
chr5	151561661	151586924	-	632671	Vmn2r18
chr5	151642824	151651208	-	69263	Rfc3
chr6	3288519	3317019	+	667335	Gm8579
chr6	3372257	3399571	-	209086	Samd9l
chr6	3457089	3494498	-	101202	Hepacam2
chr6	3498393	3603531	+	73288	Vps50
chr6	3685720	3764713	-	12311	Calcr
chr6	3721301	3721385	-	100124468	Mir653
chr6	3721897	3722003	-	723877	Mir489
chr6	3962595	3968354	-	21789	Tfpi2
chr6	3994012	3997436	+	14699	Gngt1
chr6	4003987	4008445	+	66066	Gng11
chr6	4031841	4047584	-	78034	4930528H21Rik
chr6	4076904	4086927	-	12068	Bet1
chr6	4505618	4541543	+	12843	Col1a2
chr6	4601066	4643381	+	213819	Casd1
chr6	4674350	4747204	-	20392	Sgce
chr6	4747306	4760517	+	170676	Peg10
chr6	4902974	5165661	+	243725	Ppp1r9a
chr6	5168090	5193946	-	18979	Pon1
chr6	5220852	5256233	-	269823	Pon3
chr6	5264624	5298373	-	330260	Pon2
chr6	5383386	5433022	+	65255	Asb4
chr6	5483351	5496278	-	27273	Pdk4
chr6	5725639	6028039	+	13426	Dync1i1
chr6	5963897	5977393	-	72249	1700019G24Rik
chr6	6041218	6217173	-	50799	Slc25a13
chr6	6248659	6377422	+	101056138	Gm20619
chr6	6558275	6578658	-	20422	Sem1
chr6	6820546	6869533	-	320038	Dlx6os1
chr6	6863334	6867970	+	13396	Dlx6
chr6	6863797	6865150	-	13397	Dlx6os2
chr6	6877801	6882068	-	13395	Dlx5
chr6	6956018	7039220	+	71238	Sdhaf3
chr6	7554885	7562978	+	21333	Tac1
chr6	7675171	7693182	-	27053	Asns
chr6	7845224	7872042	+	94192	C1galt1
chr6	7997808	8192617	-	213945	Col28a1
chr6	8209227	8236274	+	252875	Mios
chr6	8255936	8259141	-	68240	Rpa3
chr6	8259288	8459469	+	100036521	Umad1
chr6	8259288	8597549	+	170772	Glcci1
chr6	8492423	8509161	-	320312	A430035B10Rik
chr6	8630527	8778487	-	15893	Ica1
chr6	8948614	9248578	+	18231	Nxph1
chr6	10971468	10974378	-	57866	AA545190
chr6	11900373	11907446	-	17992	Ndufa4
chr6	11925881	12081198	+	75725	Phf14
chr6	12099518	12109580	-	625347	Gm6578
chr6	12311608	12749253	-	330267	Thsd7a
chr6	13069759	13089269	+	71900	Tmem106b
chr6	13185610	13224965	-	232585	Vwde
chr6	13413337	13415996	+	69413	1700016P04Rik
chr6	13580689	13608063	-	101118	Tmem168
chr6	13625675	13677966	-	101148	Bmt2
chr6	13835071	13839848	-	64450	Gpr85
chr6	13869074	13871483	-	66520	2610001J05Rik
chr6	13871569	14044385	+	76311	1110019D14Rik
chr6	14713822	14755274	-	140491	Ppp1r3a
chr6	14901349	15441977	+	114142	Foxp2
chr6	15720661	15802169	+	16543	Mdfic
chr6	16833381	16898441	-	21426	Tfec
chr6	17065149	17105825	+	21753	Tes
chr6	17076262	17171833	-	232599	Gm4876
chr6	17197751	17210152	+	319682	D830026I12Rik
chr6	17281185	17289130	+	12390	Cav2
chr6	17306335	17341328	+	12389	Cav1
chr6	17463957	17573980	+	17295	Met
chr6	17637098	17666534	+	12343	Capza2
chr6	17693406	17943023	+	64213	St7
chr6	17988940	18030445	-	22413	Wnt2
chr6	18050964	18109061	-	74068	Asz1
chr6	18170687	18322770	+	12638	Cftr
chr6	18366477	18514825	-	30785	Cttnbp2
chr6	18848635	18854052	+	76522	Lsm8
chr6	18866318	18879586	+	75196	Ankrd7
chr6	19247899	19278843	-	74725	4930524B17Rik
chr6	19555342	19555461	+	102465192	Mir6370
chr6	21216109	21729805	+	16508	Kcnd2
chr6	21771395	21852515	-	269831	Tspan12
chr6	21949571	21976038	+	71777	Ing3
chr6	21985910	22255606	+	214642	Cped1
chr6	22288227	22298522	+	93735	Wnt16
chr6	22306522	22356081	-	27999	Fam3c
chr6	22875502	23052916	+	19283	Ptprz1
chr6	23072173	23132986	-	30956	Aass
chr6	23245047	23248264	-	73191	Fezf1
chr6	23262773	23839421	-	320405	Cadps2
chr6	23648869	23650305	-	386611	Rnf133
chr6	23653895	23655136	-	71300	Rnf148
chr6	23969161	23970060	-	387347	Tas2r118
chr6	24088283	24168092	-	55961	Slc13a1
chr6	24444865	24515067	-	214704	Iqub
chr6	24518662	24527687	-	68202	Ndufa5
chr6	24528144	24573164	+	78910	Asb15
chr6	24597771	24605414	+	93677	Lmod2
chr6	24613810	24664995	-	73178	Wasl
chr6	24733245	24745452	+	74409	Hyal6
chr6	24748367	24766519	+	77042	Hyal4
chr6	24791188	24801048	+	20690	Spam1
chr6	24857997	24891958	+	74468	Hyal5
chr6	24951141	24956125	-	319832	Tmem229a
chr6	25668523	25689980	-	14763	Gpr37
chr6	25743735	25809226	-	101185	Pot1a
chr6	25931426	25977227	+	626904	Gm20756
chr6	27275121	28135133	-	14823	Grm8
chr6	27936655	27936750	-	735266	Mir592
chr6	28239931	28397975	-	627049	Zfp800
chr6	28416603	28421724	-	74375	Gcc1
chr6	28423640	28426499	+	11844	Arf5
chr6	28427901	28438622	+	56223	Fscn3
chr6	28442334	28449340	-	18506	Pax4
chr6	28480348	28888832	+	56463	Snd1
chr6	28828126	28831747	-	192198	Lrrc4
chr6	29022619	29022691	+	387237	Mir129-1
chr6	29060221	29073876	+	16846	Lep
chr6	29123573	29164724	-	68272	Rbm28
chr6	29169230	29179584	-	101359	Prrt4
chr6	29200437	29216364	-	23917	Impdh1
chr6	29272488	29275449	+	69573	Hilpda
chr6	29281141	29290675	+	245884	Fam71f2
chr6	29319140	29336022	+	330277	Fam71f1
chr6	29348106	29376675	+	12321	Calu
chr6	29376671	29380513	-	12057	Opn1sw
chr6	29396685	29426995	+	232664	Ccdc136
chr6	29433153	29461888	+	68794	Flnc
chr6	29467783	29470509	+	66144	Atp6v1f
chr6	29471437	29473429	+	668210	Atp6v1fnb
chr6	29473162	29507952	-	333088	Kcp
chr6	29526625	29541869	+	27056	Irf5
chr6	29540827	29609607	-	320938	Tnpo3
chr6	29694214	29718558	+	232670	Tspan33
chr6	29735497	29761366	+	319757	Smo
chr6	29768443	29912310	+	74340	Ahcyl2
chr6	29917013	29959681	+	320609	Strip2
chr6	29985329	29993531	+	76419	Smkr-ps
chr6	30047988	30153458	+	18181	Nrf1
chr6	30158640	30174125	-	101447999	Mirc35hg
chr6	30165918	30165992	-	387177	Mir182
chr6	30169446	30169551	-	723886	Mir96
chr6	30169668	30169737	-	387178	Mir183
chr6	30176623	30178046	+	100463519	BB283400
chr6	30211289	30304539	-	22214	Ube2h
chr6	30366384	30391020	-	232679	Zc3hc1
chr6	30401855	30455174	+	76788	Klhdc10
chr6	30460985	30463313	+	69337	1700012C14Rik
chr6	30479057	30509783	-	72649	Tmem209
chr6	30509849	30520253	+	75647	Ssmem1
chr6	30541642	30564473	+	232680	Cpa2
chr6	30568376	30591747	+	71791	Cpa4
chr6	30611010	30631521	+	74649	Cpa5
chr6	30639218	30645361	+	109697	Cpa1
chr6	30653457	30693749	-	83922	Cep41
chr6	30733506	30748466	+	17294	Mest
chr6	30741299	30741396	+	723930	Mir335
chr6	30747554	30896794	-	54160	Copg2
chr6	30896981	30915573	-	116732	Tsga13
chr6	30956021	30958990	-	619665	Klf14
chr6	31062660	31062747	-	387222	Mir29a
chr6	31063023	31063093	-	387223	Mir29b-1
chr6	31093563	31218474	-	232685	Lncpint
chr6	31220351	31337395	+	73652	2210408F21Rik
chr6	31366885	31398773	-	100503869	Mkln1os
chr6	31398828	31509482	+	27418	Mkln1
chr6	31519493	31563937	-	27205	Podxl
chr6	31662220	31666118	-	434003	Gm13848
chr6	32050285	32058915	+	76382	1700012A03Rik
chr6	32144543	32588192	-	243743	Plxna4
chr6	32511141	32515576	+	319849	Plxna4os1
chr6	32792227	33060152	-	66075	Chchd3
chr6	33249150	33972943	+	20336	Exoc4
chr6	34029448	34134034	+	74354	Lrguk
chr6	34155879	34177054	-	58246	Slc35b4
chr6	34303930	34317489	-	11677	Akr1b3
chr6	34354164	34368454	+	14187	Akr1b8
chr6	34384247	34396949	+	67861	Akr1b10
chr6	34412362	34423137	+	11997	Akr1b7
chr6	34476356	34505610	+	12183	Bpgm
chr6	34598544	34775469	+	109624	Cald1
chr6	34780432	34859459	+	76223	Agbl3
chr6	34863146	34874946	+	68487	Tmem140
chr6	34871771	34878065	-	78412	Cyren
chr6	34880426	34910831	-	101240	Wdr91
chr6	34920637	34939342	+	20899	Stra8
chr6	34945294	34977999	-	243753	Slc23a4
chr6	35022065	35133737	-	53621	Cnot4
chr6	35177616	35247599	+	70699	Nup205
chr6	35252699	35262059	+	67705	1810058I24Rik
chr6	35267953	35308126	-	243755	Slc13a4
chr6	35312746	35326141	-	208164	Fam180a
chr6	35330846	35336831	+	73409	1700065J11Rik
chr6	35508824	35539888	-	14489	Mtpn
chr6	36209620	36390191	-	319472	9330158H04Rik
chr6	36388084	36524774	+	243764	Chrm2
chr6	36421742	36421825	+	735279	Mir490
chr6	36715663	36811361	-	19242	Ptn
chr6	36846022	37299976	-	320127	Dgki
chr6	37331021	37442148	-	208647	Creb3l2
chr6	37530173	37568815	+	208665	Akr1d1
chr6	37870811	37968445	+	21848	Trim24
chr6	37983739	38046996	-	320590	Svopl
chr6	38048483	38124586	-	140494	Atp6v0a4
chr6	38109353	38115806	+	77522	Tmem213
chr6	38123174	38254009	-	330286	D630045J12Rik
chr6	38287394	38299259	-	209032	Zc3hav1l
chr6	38307188	38354603	-	78781	Zc3hav1
chr6	38381524	38427647	+	264134	Ttc26
chr6	38433925	38524790	+	320538	Ubn2
chr6	38507325	38507393	+	102466843	Mir7670
chr6	38534861	38539449	+	66117	Fmc1
chr6	38551334	38609470	+	192196	Luc7l2
chr6	38626660	38637239	-	74253	Klrg2
chr6	38663069	38680865	+	665180	Clec2l
chr6	38697840	38876190	-	15258	Hipk2
chr6	38875404	39084579	+	21391	Tbxas1
chr6	39063879	39067586	-	69986	1700025N23Rik
chr6	39086412	39118349	-	243771	Parp12
chr6	39118473	39148312	+	75379	4930599N23Rik
chr6	39136620	39206773	-	338523	Kdm7a
chr6	39334770	39377707	-	72144	Slc37a3
chr6	39381428	39390380	+	19331	Rab19
chr6	39397804	39420369	-	54484	Mkrn1
chr6	39420378	39421294	+	621427	Gm10244
chr6	39462378	39557834	-	209773	Dennd2a
chr6	39573876	39588769	+	57869	Adck2
chr6	39592583	39599471	+	68198	Ndufb2
chr6	39603237	39725463	-	109880	Braf
chr6	39801804	39810936	-	14548	Mrps33
chr6	40110253	40248353	+	434008	Tmem178b
chr6	40325478	40396762	+	69923	Agk
chr6	40401378	40436133	-	243780	E330009J07Rik
chr6	40442863	40466815	+	381759	Wee2
chr6	40471415	40481823	+	381760	Ssbp1
chr6	40491238	40492239	+	574417	Tas2r137
chr6	40493592	40494485	+	57253	Tas2r108
chr6	40514824	40519508	-	67690	Prss37
chr6	40544036	40544977	-	258380	Olfr461
chr6	40571388	40572332	+	258381	Olfr460
chr6	40574898	40585805	-	23845	Clec5a
chr6	40612315	40613310	-	387513	Tas2r138
chr6	40628831	40769123	+	232714	Mgam
chr6	40878794	40887494	-	194357	Moxd2
chr6	40895262	40900387	-	232717	Prss58
chr6	40920460	40940557	-	73481	1700074P13Rik
chr6	40964772	40968427	+	73626	1810009J06Rik
chr6	40995822	40999479	-	100040208	Gm2663
chr6	41030268	41035509	-	67373	2210010C04Rik
chr6	41302272	41305533	+	22074	Try4
chr6	41311232	41314710	-	103964	Try5
chr6	41354105	41357944	+	436522	Try10
chr6	41373759	41377613	-	22073	Prss3
chr6	41392356	41397256	+	436523	Gm5771
chr6	41415307	41419593	+	386551	Gm5409
chr6	41442214	41446097	-	100040233	Gm10334
chr6	41458930	41463786	+	114228	Prss1
chr6	41521776	41525079	+	22072	Prss2
chr6	41605482	41620507	+	13848	Ephb6
chr6	41620619	41636405	-	64177	Trpv6
chr6	41652770	41680723	-	194352	Trpv5
chr6	41684431	41685717	+	76606	Llcfc1
chr6	41686330	41704325	-	23925	Kel
chr6	41771353	41772297	-	258569	Olfr459
chr6	41847549	41852062	+	18716	Pip
chr6	41860339	41864322	+	84543	Sval2
chr6	41951628	41956098	+	71578	Sval1
chr6	41968140	41973090	+	387564	Sval3
chr6	42038394	42042851	+	20939	Sva
chr6	42140936	42141895	+	353148	Tas2r139
chr6	42215328	42216287	+	387515	Tas2r144
chr6	42245935	42250441	+	76263	Gstk1
chr6	42261970	42264555	+	109218	Tmem139
chr6	42264985	42282508	+	12366	Casp2
chr6	42286685	42314656	+	12723	Clcn1
chr6	42315305	42324640	-	76156	Fam131b
chr6	42349828	42360213	+	22793	Zyx
chr6	42358487	42373268	-	13835	Epha1
chr6	42370671	42380558	+	72131	2010310C07Rik
chr6	42400238	42401119	+	387514	Tas2r143
chr6	42405529	42406494	+	387512	Tas2r135
chr6	42434535	42435461	+	387353	Tas2r126
chr6	42460076	42461017	-	258436	Olfr458
chr6	42471235	42472176	-	258989	Olfr457
chr6	42486163	42487214	-	259144	Olfr456
chr6	42538067	42539020	-	546896	Olfr455
chr6	42587213	42597372	-	403088	Tcaf3
chr6	42623043	42645041	-	232748	Tcaf2
chr6	42669466	42710071	-	77574	Tcaf1
chr6	42744039	42744992	+	258016	Olfr453
chr6	42762054	42763007	+	258988	Olfr38
chr6	42790041	42790994	+	258207	Olfr452
chr6	42817473	42818405	+	258437	Olfr450
chr6	42837883	42838818	+	259067	Olfr449
chr6	42896453	42897385	+	258270	Olfr448
chr6	42911525	42912457	+	258990	Olfr447
chr6	42927233	42928159	+	258292	Olfr446
chr6	42955500	42956432	+	258650	Olfr444
chr6	43115744	43116676	+	258649	Olfr441
chr6	43153307	43154239	+	258648	Olfr237-ps1
chr6	43162454	43174858	-	75520	1700024N05Rik
chr6	43167060	43167992	+	258293	Olfr437
chr6	43173988	43174920	+	18310	Olfr13
chr6	43201646	43202587	+	258647	Olfr435
chr6	43216915	43217880	+	258366	Olfr434
chr6	43235610	43236575	+	18346	Olfr47
chr6	43265644	43289320	+	54324	Arhgef5
chr6	43303674	43309554	-	18291	Nobox
chr6	43345001	43666278	-	29807	Tpk1
chr6	43442429	43474318	+	319812	9430018G01Rik
chr6	45060061	47301388	+	66797	Cntnap2
chr6	47453904	47526139	+	26965	Cul1
chr6	47530274	47595338	-	14056	Ezh2
chr6	47654921	47655094	-	19799	Rn4.5s
chr6	47796141	47813512	-	12304	Pdia4
chr6	47803576	47803652	-	735289	Mir704
chr6	47819266	47830505	-	330301	Zfp786
chr6	47835661	47868257	+	272347	Zfp398
chr6	47877555	47908485	+	101095	Zfp282
chr6	47920568	47932639	+	232784	Zfp212
chr6	47943175	47954549	+	232785	Zfp783
chr6	47953390	47965300	+	101197	Zfp956
chr6	48024188	48048911	-	72306	Zfp777
chr6	48062395	48086593	-	69228	Zfp746
chr6	48130906	48395408	-	100503622	Gm16630
chr6	48395586	48419855	+	77827	Krba1
chr6	48427692	48445825	-	68910	Zfp467
chr6	48448229	48501250	+	243369	Sspo
chr6	48504339	48534832	+	58894	Zfp862-ps
chr6	48536582	48537474	-	69432	1700026J14Rik
chr6	48537569	48541801	+	76252	Atp6v0e2
chr6	48554799	48570722	+	243371	Lrrc61
chr6	48569698	48572670	-	71660	Rarres2
chr6	48589445	48590584	+	330305	Gm5111
chr6	48593883	48599082	+	58887	Repin1
chr6	48605536	48623227	+	243372	Zfp775
chr6	48626764	48633688	+	243373	AI854703
chr6	48647234	48660875	+	243374	Gimap8
chr6	48676135	48678704	+	317758	Gimap9
chr6	48684578	48692062	+	107526	Gimap4
chr6	48701583	48708244	-	231931	Gimap6
chr6	48718621	48724636	+	231932	Gimap7
chr6	48739047	48743795	+	16205	Gimap1
chr6	48746197	48754200	+	317757	Gimap5
chr6	48764464	48770851	-	83408	Gimap3
chr6	48833811	48841374	-	65963	Tmem176b
chr6	48841483	48845858	+	66058	Tmem176a
chr6	48860329	48866083	+	666105	Gm7932
chr6	48895255	48909187	+	76507	Aoc1
chr6	48929896	48933687	+	69761	1600015I10Rik
chr6	48975143	48978745	+	243376	Doxl2
chr6	48986616	48999616	-	75347	4930563H07Rik
chr6	48986861	48991725	+	243377	Svs1
chr6	49036518	49058182	+	93695	Gpnmb
chr6	49073795	49084717	+	75593	Malsu1
chr6	49085218	49214954	-	140488	Igf2bp3
chr6	49243921	49264052	-	101214	Tra2a
chr6	49319274	49341585	+	57895	Ccdc126
chr6	49367739	49389905	+	231946	Fam221a
chr6	49395604	49469502	+	77485	Stk31
chr6	49822710	49829507	+	109648	Npy
chr6	50110241	50198598	+	56524	Mpp6
chr6	50207403	50261917	-	54722	Gsdme
chr6	50293327	50456170	-	71720	Osbpl3
chr6	50562563	50566474	-	13063	Cycs
chr6	50566643	50594865	+	73183	5430402O13Rik
chr6	50572398	50572508	+	102465193	Mir6371
chr6	50573304	50596590	-	70821	4921507P07Rik
chr6	50650871	50654393	-	60531	Npvf
chr6	50776115	50815033	+	319981	C530044C16Rik
chr6	51269812	51269910	-	387166	Mir148a
chr6	51379710	51392791	+	625167	Gm6559
chr6	51432670	51458768	+	18025	Nfe2l3
chr6	51460434	51469894	-	53379	Hnrnpa2b1
chr6	51470616	51483704	+	12417	Cbx3
chr6	51523903	51590670	+	71982	Snx10
chr6	51859165	52012549	-	54353	Skap2
chr6	52102949	52114877	+	102635415	Halr1
chr6	52155367	52158317	-	15394	Hoxa1
chr6	52156902	52158528	+	106007488	Hotairm2
chr6	52158524	52162020	+	105242658	Hotairm1
chr6	52162417	52164831	-	15399	Hoxa2
chr6	52165674	52169451	+	105242657	Hoxaas2
chr6	52169062	52213067	-	15400	Hoxa3
chr6	52172881	52174055	+	100504154	Gm15050
chr6	52175217	52213597	+	72628	Hoxaas3
chr6	52189687	52191703	-	15401	Hoxa4
chr6	52201754	52204587	-	15402	Hoxa5
chr6	52206365	52208624	-	15403	Hoxa6
chr6	52214491	52215288	-	100736249	Mira
chr6	52215623	52220390	-	15404	Hoxa7
chr6	52223097	52227370	-	15405	Hoxa9
chr6	52230081	52230165	-	723820	Mir196b
chr6	52231197	52240854	-	15395	Hoxa10
chr6	52242105	52245810	-	15396	Hoxa11
chr6	52245082	52249769	+	15397	Hoxa11os
chr6	52258853	52260880	-	15398	Hoxa13
chr6	52262775	52267603	+	791364	Hottip
chr6	52308389	52314832	-	70593	Evx1os
chr6	52313498	52318378	+	14028	Evx1
chr6	52492451	52500085	+	74304	1700094M24Rik
chr6	52546230	52640300	-	58875	Hibadh
chr6	52713729	52766780	+	52440	Tax1bp1
chr6	52768068	53068624	-	231986	Jazf1
chr6	53221164	53226599	+	231989	Gm4872
chr6	53287303	53700364	+	231991	Creb5
chr6	53815468	53820825	-	66873	Tril
chr6	53873279	53978673	-	71287	Cpvl
chr6	53978691	54017383	+	320178	4921529L05Rik
chr6	54039932	54301812	+	69993	Chn2
chr6	54269681	54430221	-	100042056	9130019P16Rik
chr6	54327012	54330200	+	78004	Prr15
chr6	54452883	54503768	+	330319	Wipf3
chr6	54508816	54566382	-	69938	Scrn1
chr6	54577605	54597344	-	231997	Fkbp14
chr6	54595111	54645823	+	231999	Plekha8
chr6	54681624	54703855	+	68235	Mturn
chr6	54816916	54890224	+	387524	Znrf2
chr6	54923942	54972612	-	107607	Nod1
chr6	54985095	54992867	-	110175	Ggct
chr6	55038001	55079504	+	353172	Gars
chr6	55090049	55133016	-	12922	Crhr2
chr6	55170627	55174990	-	21743	Inmt
chr6	55203383	55320222	+	330323	Mindy4
chr6	55336299	55348555	+	11826	Aqp1
chr6	55376295	55388530	+	14602	Ghrhr
chr6	55396887	55412285	+	330324	6430584L05Rik
chr6	55451978	55501455	+	11517	Adcyap1r1
chr6	55677818	55681263	-	11922	Neurod6
chr6	55684571	55694574	+	100041339	Gm3279
chr6	55837018	55978598	+	232016	Itprid1
chr6	56017515	56032688	+	19051	Ppp1r17
chr6	56069804	56369634	-	18575	Pde1c
chr6	56701063	56704699	-	66373	Lsm5
chr6	56714905	56761911	+	78937	Avl9
chr6	56777525	56797813	-	210973	Kbtbd2
chr6	56832059	56879360	+	27055	Fkbp9
chr6	56882400	56923932	-	107569	Nt5c3
chr6	56956513	56957406	+	171194	Vmn1r4
chr6	56985342	56986289	+	171192	Vmn1r5
chr6	57002355	57003266	+	171193	Vmn1r6
chr6	57024338	57025273	-	434016	Vmn1r7
chr6	57035913	57037125	+	171205	Vmn1r8
chr6	57070895	57071945	+	171203	Vmn1r9
chr6	57113425	57114360	+	113858	Vmn1r10
chr6	57137353	57138252	+	113860	Vmn1r11
chr6	57158920	57159843	+	626397	Vmn1r12
chr6	57209858	57210760	+	113862	Vmn1r13
chr6	57233439	57234350	+	113864	Vmn1r14
chr6	57258149	57259048	+	113863	Vmn1r15
chr6	57322724	57323635	-	171202	Vmn1r16
chr6	57360467	57361378	-	171189	Vmn1r17
chr6	57389668	57390567	-	171199	Vmn1r18
chr6	57404464	57405390	+	171200	Vmn1r19
chr6	57431691	57432602	+	434017	Vmn1r20
chr6	57485121	57665136	+	67138	Herc6
chr6	57506502	57535426	-	243382	Ppm1k
chr6	57684739	57692078	-	66459	Pyurf
chr6	57702455	57739449	+	71835	Lancl2
chr6	57752264	57825125	-	232023	Vopp1
chr6	57843564	57844457	-	171201	Vmn1r21
chr6	57900082	57900990	-	171196	Vmn1r22
chr6	57925883	57926791	-	171197	Vmn1r23
chr6	57955641	57956531	-	171191	Vmn1r24
chr6	57978394	57979302	-	113865	Vmn1r25
chr6	58008183	58009202	-	171190	Vmn1r26
chr6	58215106	58216017	-	171206	Vmn1r27
chr6	58265174	58266082	+	171198	Vmn1r28
chr6	58307297	58308208	+	113859	Vmn1r29
chr6	58434937	58435845	-	171195	Vmn1r30
chr6	58471967	58472878	-	626828	Vmn1r31
chr6	58584486	58692451	+	26357	Abcg2
chr6	58831889	58920398	+	73998	Herc3
chr6	58905233	58907126	-	58243	Nap1l5
chr6	58933536	59024502	-	58909	Fam13a
chr6	59208870	59212033	+	68140	Tigd2
chr6	59352461	59426290	-	243385	Gprin3
chr6	60279043	60403707	-	208079	A530053G22Rik
chr6	60731573	60829855	-	20617	Snca
chr6	60944317	60989378	+	70945	Mmrn1
chr6	61175604	61180810	-	100504262	A730020E08Rik
chr6	61180325	62382863	+	232035	Ccser1
chr6	63256857	64666279	+	14804	Grid2
chr6	64729146	64731243	+	11921	Atoh1
chr6	65042667	65116049	+	13990	Smarcad1
chr6	65117293	65144730	-	54486	Hpgds
chr6	65381294	65458150	+	243407	C130060K24Rik
chr6	65590398	65634040	+	414084	Tnip3
chr6	65671611	65706930	+	68169	Ndnf
chr6	65778962	65936377	+	70779	Prdm5
chr6	65952571	65954014	+	67653	4930544G11Rik
chr6	66272505	66284845	+	102633773	Gm31520
chr6	66535468	66541020	+	56150	Mad2l1
chr6	66552183	66559708	-	171188	Vmn1r32
chr6	66611651	66612568	-	171187	Vmn1r33
chr6	66636823	66637752	-	546901	Vmn1r34
chr6	66678794	66679684	-	171185	Vmn1r35
chr6	66715972	66716889	-	171184	Vmn1r36
chr6	66731392	66732300	+	171183	Vmn1r37
chr6	66776222	66777130	-	171186	Vmn1r38
chr6	66804415	66805332	-	546903	Vmn1r39
chr6	66896397	67021361	+	14701	Gng12
chr6	67035096	67037407	-	13197	Gadd45a
chr6	67036599	67080652	+	320172	E230016M11Rik
chr6	67266979	67289302	+	66870	Serbp1
chr6	67292018	67376137	-	16162	Il12rb2
chr6	67422932	67491855	-	209590	Il23r
chr6	67534059	67535822	-	56753	Tacstd2
chr6	67565234	67565699	-	75070	4930515G16Rik
chr6	69326937	69327174	-	19783	Rprl1
chr6	70765720	70792175	-	19895	Rpia
chr6	70844515	70905241	+	13666	Eif2ak3
chr6	70913089	70918922	-	74221	Tex37
chr6	70956606	70961066	+	232077	Foxi3
chr6	71128166	71144380	-	232078	Thnsl2
chr6	71199888	71205023	+	14080	Fabp1
chr6	71213940	71322233	-	12180	Smyd1
chr6	71271671	71271801	+	102465900	Mir8112
chr6	71271688	71285319	+	57896	Krcc1
chr6	71293765	71302718	+	381785	Gm1070
chr6	71322812	71337451	+	12526	Cd8b1
chr6	71373427	71379171	+	12525	Cd8a
chr6	71388634	71440637	-	68477	Rmnd5a
chr6	71493877	71510880	+	22644	Rnf103
chr6	71543854	71582608	+	66700	Chmp3
chr6	71588970	71632917	-	104263	Kdm3a
chr6	71707681	71810710	+	52250	Reep1
chr6	71812997	71823784	-	66223	Mrpl35
chr6	71831320	71877388	+	76614	Immt
chr6	71880638	71908762	-	69956	Ptcd3
chr6	71909053	71984935	+	20019	Polr1a
chr6	72013896	72042528	-	330350	9130221F21Rik
chr6	72097608	72154570	+	20454	St3gal5
chr6	72120213	72123197	-	71265	4933431G14Rik
chr6	72206177	72235577	-	71093	Atoh8
chr6	72304610	72314373	+	20388	Sftpb
chr6	72318676	72345175	-	28035	Usp39
chr6	72347317	72353162	+	68364	0610030E20Rik
chr6	72355483	72359762	+	232086	Tmem150a
chr6	72359714	72366958	-	66510	Rnf181
chr6	72368049	72380468	-	53620	Vamp5
chr6	72385221	72390667	-	22320	Vamp8
chr6	72414308	72431106	+	56316	Ggcx
chr6	72432799	72439558	-	232087	Mat2a
chr6	72438683	72440615	+	78108	Particl
chr6	72544391	72562983	+	12332	Capg
chr6	72565922	72598413	-	232089	Elmod3
chr6	72598628	72607488	+	67442	Retsat
chr6	72608420	72617000	-	22134	Tgoln1
chr6	72626371	72789045	-	21415	Tcf7l1
chr6	72629288	72637717	+	100038714	Gm15401
chr6	72841114	72899979	-	74287	Kcmf1
chr6	72957347	72958748	-	19240	Tmsb10
chr6	73017606	73221631	-	330355	Dnah6
chr6	73248505	73276907	+	56451	Suclg1
chr6	73436965	73471021	-	73408	1700065L07Rik
chr6	73468573	73469667	-	66740	4931417E11Rik
chr6	76881637	77979667	-	12386	Ctnna2
chr6	77242717	77257791	+	74342	Lrrtm1
chr6	77380257	77382475	-	70753	6330415B21Rik
chr6	78370885	78373466	+	18489	Reg3b
chr6	78375874	78378865	-	30053	Reg3d
chr6	78380709	78383839	+	19694	Reg3a
chr6	78405155	78408097	+	19693	Reg2
chr6	78425983	78428666	+	19692	Reg1
chr6	78466268	78468874	-	19695	Reg3g
chr6	79032042	79035869	+	100504701	Gm20362
chr6	79818031	79818364	+	100463512	Gm20594
chr6	80018877	80810143	+	243499	Lrrtm4
chr6	81895590	81895663	-	102465711	Mir7232
chr6	81896599	81896676	-	723871	Mir468
chr6	81900465	81910800	-	74220	1700009C05Rik
chr6	81923669	81959098	+	330361	Gcfc2
chr6	81957826	81965949	-	56284	Mrpl19
chr6	82041628	82093099	+	232146	Eva1a
chr6	82402475	82560104	+	21336	Tacr1
chr6	82621858	82652865	-	66979	Pole4
chr6	82725025	82774454	-	15277	Hk2
chr6	82877866	82881853	-	69652	2310069B03Rik
chr6	82911885	82939769	-	20355	Sema4f
chr6	82946922	83030309	+	110958	M1ap
chr6	83030934	83033471	-	13448	Dok1
chr6	83034224	83052564	+	16950	Loxl3
chr6	83049711	83049773	+	102465630	Mir7040
chr6	83051266	83055273	-	64704	Htra2
chr6	83054521	83057682	+	11993	Aup1
chr6	83057844	83067219	+	93838	Dqx1
chr6	83068325	83070225	-	21909	Tlx2
chr6	83078390	83080855	+	69837	Pcgf1
chr6	83086365	83088241	+	16815	Lbx2
chr6	83101516	83109932	+	243510	Ccdc142
chr6	83108091	83109932	+	68499	Mrpl53
chr6	83115506	83118898	+	57377	Mogs
chr6	83119044	83121461	-	22377	Wbp1
chr6	83121828	83125029	-	70020	Ino80b
chr6	83135808	83152579	+	20166	Rtkn
chr6	83152710	83156379	-	75659	Wdr54
chr6	83156404	83162975	+	71837	1700003E16Rik
chr6	83165924	83200118	+	13191	Dctn1
chr6	83237375	83304945	+	232156	Slc4a5
chr6	83305704	83317604	-	17768	Mthfd2
chr6	83326039	83340949	+	232157	Mob1a
chr6	83349484	83358392	+	78653	Bola3
chr6	83362373	83456392	-	194388	Tet3
chr6	83400996	83401102	-	102465194	Mir6374
chr6	83441755	83448322	+	320775	B230319C09Rik
chr6	83480214	83506969	-	27369	Dguok
chr6	83512909	83536251	-	11468	Actg2
chr6	83543206	83572504	-	70527	Stambp
chr6	83568039	83588126	+	100861870	Gm21284
chr6	83644542	83656116	-	51811	Clec4f
chr6	83671207	83677857	-	246278	Cd207
chr6	83692806	83712201	-	574519	Vax2os
chr6	83711264	83738304	+	24113	Vax2
chr6	83743017	83758810	+	110935	Atp6v1b1
chr6	83761759	83762508	-	67934	1700124L16Rik
chr6	83762646	83768326	+	75305	Ankrd53
chr6	83770414	83775812	-	21766	Tex261
chr6	83793352	83794270	-	665004	Gm7443
chr6	83795057	83802556	+	56174	Nagk
chr6	83806058	83831741	-	232164	Paip2b
chr6	83914353	83986871	+	18139	Zfp638
chr6	84008598	84211059	+	26903	Dysf
chr6	84412942	84423838	-	100038556	Gm10445
chr6	84571414	84593908	-	232174	Cyp26b1
chr6	84618486	85069513	-	75914	Exoc6b
chr6	85076141	85077126	+	108176	Npm3-ps1
chr6	85111416	85126094	-	545861	Gm5878
chr6	85133680	85137764	-	20751	Spr
chr6	85187931	85204463	+	13796	Emx1
chr6	85213051	85333422	-	94282	Sfxn5
chr6	85334962	85374634	-	52055	Rab11fip5
chr6	85336292	85336373	-	735267	Mir705
chr6	85423886	85428877	+	384452	Noto
chr6	85431976	85446429	+	232187	Smyd5
chr6	85446785	85451970	-	73327	Pradc1
chr6	85451505	85468477	+	12468	Cct7
chr6	85469574	85502994	-	330369	Fbxo41
chr6	85511122	85513542	-	13656	Egr4
chr6	85587531	85702751	+	236266	Alms1
chr6	85706707	85708561	-	100043497	Nat8f7
chr6	85732513	85765744	-	93674	Nat8f3
chr6	85760647	85820972	-	69049	Nat8f5
chr6	85790140	85790234	-	102465195	Mir6375
chr6	85792117	85804057	+	623273	Alms1-ps2
chr6	85808044	85810040	-	100504710	Nat8f6
chr6	85830387	85831890	-	68396	Nat8
chr6	85865422	85869137	-	93673	Nat8f2
chr6	85899050	85904938	-	75541	Nat8f4
chr6	85910154	85915677	-	66116	Nat8f1
chr6	85915719	85930284	+	69786	Tprkb
chr6	85942268	85961667	-	72102	Dusp11
chr6	86017191	86020996	+	26910	Figla
chr6	86028681	86124409	+	11519	Add2
chr6	86195227	86275743	+	21802	Tgfa
chr6	86365683	86370058	+	66488	Fam136a
chr6	86371540	86378902	+	68011	Snrpg
chr6	86386006	86397150	-	66881	Pcyox1
chr6	86404219	86433405	+	21841	Tia1
chr6	86438398	86473500	+	232196	C87436
chr6	86470277	86480830	-	320486	A430078I02Rik
chr6	86483376	86488227	-	381792	2310040G24Rik
chr6	86524494	86526171	-	23983	Pcbp1
chr6	86526271	86564449	+	72012	1600020E01Rik
chr6	86628174	86629710	+	67855	Asprv1
chr6	86647044	86669159	-	17119	Mxd1
chr6	86675169	86684491	-	66618	Snrnp27
chr6	86691768	86733378	-	23885	Gmcl1
chr6	86736840	86793584	-	11746	Anxa4
chr6	86848407	86849440	-	67170	2610306M01Rik
chr6	86849517	87003227	+	269774	Aak1
chr6	87009836	87028461	+	56748	Nfu1
chr6	87042846	87092207	+	14583	Gfpt1
chr6	87104746	87113003	+	52372	D6Ertd527e
chr6	87133853	87335775	-	69538	Antxr1
chr6	87345653	87350915	-	66283	Gkn1
chr6	87373365	87379494	+	66284	Gkn2
chr6	87383319	87388935	-	68888	Gkn3
chr6	87428994	87434512	+	12154	Bmp10
chr6	87458545	87533259	-	232201	Arhgap25
chr6	87578592	87590743	-	58182	Prokr1
chr6	87628429	87672168	-	72103	Aplf
chr6	87675593	87690847	-	613264	1810020O05Rik
chr6	87730869	87755912	+	58229	Efcc1
chr6	87778136	87779762	+	54368	Gp9
chr6	87788853	87812164	-	69834	Rab43
chr6	87818447	87838759	-	57905	Isy1
chr6	87842615	87851106	-	12785	Cnbp
chr6	87887940	87913595	+	54161	Copg1
chr6	87913976	87936614	+	232210	Hmces
chr6	87980421	87981482	-	243529	H1fx
chr6	87980883	87984180	+	434064	Gm5577
chr6	87999106	88045270	-	19349	Rab7
chr6	88084473	88105304	+	103963	Rpn1
chr6	88104128	88104258	-	102465196	Mir6376
chr6	88193891	88207032	+	14461	Gata2
chr6	88222268	88223256	+	56691	Dnajb8
chr6	88257334	88446539	-	65967	Eefsec
chr6	88465423	88497566	+	56505	Ruvbl1
chr6	88503607	88518800	-	53421	Sec61a1
chr6	88547722	88627448	-	74589	Kbtbd12
chr6	88724412	88828360	+	23945	Mgll
chr6	88835914	88841935	-	80283	Abtb1
chr6	88842558	88874979	-	319655	Podxl2
chr6	88842854	88847274	+	100038356	Gm15612
chr6	88883474	88898780	-	17216	Mcm2
chr6	88902251	88912240	+	24100	Tpra1
chr6	89096110	89110039	+	232217	4933427D06Rik
chr6	89140994	89147370	+	434065	Gm1965
chr6	89212197	89216179	-	330379	Gm839
chr6	89269511	89285725	-	75131	4930512J16Rik
chr6	89316313	89362613	-	18844	Plxna1
chr6	89383146	89595652	-	66098	Chchd6
chr6	89643988	89675529	+	232223	Txnrd3
chr6	89714203	89715135	+	113855	Vmn1r40
chr6	89740888	89747414	+	113857	Vmn1r41
chr6	89844518	89845615	-	113848	Vmn1r42
chr6	89869461	89870529	-	113847	Vmn1r43
chr6	89893274	89894206	+	113854	Vmn1r44
chr6	89931650	89940507	-	22297	Vmn1r45
chr6	89976171	89977100	+	113856	Vmn1r46
chr6	90021888	90022820	+	113846	Vmn1r47
chr6	90035933	90036841	-	113845	Vmn1r48
chr6	90072086	90073018	-	24112	Vmn1r49
chr6	90107275	90108207	+	113852	Vmn1r50
chr6	90122643	90130645	+	22296	Vmn1r51
chr6	90178716	90179645	+	113849	Vmn1r52
chr6	90202817	90203656	+	113850	V1ra8
chr6	90223317	90224438	-	113853	Vmn1r53
chr6	90269106	90270053	+	113851	Vmn1r54
chr6	90301270	90305448	+	243535	BC048671
chr6	90308351	90325185	-	71797	Chst13
chr6	90333289	90364551	+	243537	Uroc1
chr6	90369494	90403486	+	80292	Zxdc
chr6	90403736	90428480	-	243538	Cfap100
chr6	90462626	90475221	+	66277	Klf15
chr6	90550818	90599171	+	107747	Aldh1l1
chr6	90604880	90646412	+	71699	Slc41a3
chr6	90659598	90810123	-	232227	Iqsec1
chr6	91013067	91116826	-	54563	Nup210
chr6	91156815	91174683	+	232232	Hdac11
chr6	91212764	91272540	+	14115	Fbln2
chr6	91363983	91411369	-	22421	Wnt7a
chr6	91430460	91440854	-	75787	4930471M09Rik
chr6	91440987	91441755	+	69798	1810044D09Rik
chr6	91464276	91473423	-	72170	Chchd4
chr6	91473751	91488458	+	74122	Tmem43
chr6	91489305	91515888	-	22591	Xpc
chr6	91516035	91522620	+	67678	Lsm3
chr6	91684067	91759063	+	21366	Slc6a6
chr6	91761509	91807393	-	243547	Grip2
chr6	91878053	91899848	+	232236	Ccdc174
chr6	91904233	91950725	+	381798	4930590J08Rik
chr6	91978965	92076005	+	232237	Fgd5
chr6	92091418	92173058	+	22026	Nr2c2
chr6	92169512	92184023	-	64658	Mrps25
chr6	92186712	92214811	-	78287	Rbsn
chr6	92242061	92244650	-	22044	Trh
chr6	92370892	92706184	-	243548	Prickle2
chr6	92772699	92901441	-	101401	Adamts9
chr6	92940582	93272977	+	330385	9530026P05Rik
chr6	93675453	94283917	-	14924	Magi1
chr6	94132923	94237442	-	78178	4930511A08Rik
chr6	94500314	94604655	+	67582	Slc25a26
chr6	94604529	94700145	-	16206	Lrig1
chr6	94606364	94606415	-	102466992	Mir7041
chr6	94943834	94951545	+	78773	4930511E03Rik
chr6	95114017	95117631	-	102634268	Kbtbd8os
chr6	95117880	95129793	+	243574	Kbtbd8
chr6	95276697	95333993	-	414067	AY512915
chr6	95473009	95718846	-	20917	Suclg2
chr6	96113154	96657198	+	320265	Fam19a1
chr6	96164503	96166205	-	78482	1700123L14Rik
chr6	96831209	97060411	-	320701	Fam19a4
chr6	97110944	97148883	-	101351	Eogt
chr6	97151950	97179124	-	232286	Tmf1
chr6	97183632	97205647	-	22200	Uba3
chr6	97210792	97233315	+	65106	Arl6ip5
chr6	97238528	97252780	-	320502	Lmod3
chr6	97286867	97617657	-	232288	Frmd4b
chr6	97807058	98021358	+	17342	Mitf
chr6	98238014	98342754	-	330390	Gm765
chr6	98925342	99520993	-	108655	Foxp1
chr6	99625137	99666771	-	66892	Eif4e3
chr6	99692679	99693818	+	14761	Gpr27
chr6	99711299	99726392	-	50501	Prok2
chr6	100228565	100287358	-	56353	Rybp
chr6	100527400	100533426	+	73395	1700049E22Rik
chr6	100571811	100671157	-	72171	Shq1
chr6	100704734	100805081	+	232313	Gxylt2
chr6	100833638	100868717	+	232314	Ppp4r2
chr6	101149607	101377897	-	55983	Pdzrn3
chr6	101774249	101801982	+	207157	Gm9871
chr6	102163306	102464667	-	18488	Cntn3
chr6	102266100	102336677	+	75893	4930587E11Rik
chr6	102794384	102794485	+	102466636	Mir6373
chr6	103510876	103750202	+	12661	Chl1
chr6	104493044	104863406	+	53870	Cntn6
chr6	105481266	105492668	-	100503536	Gm19757
chr6	105672338	105677581	-	102638038	Gm15631
chr6	105677745	106699305	+	269784	Cntn4
chr6	106710375	106749037	-	16192	Il5ra
chr6	106769138	106782474	+	70047	Trnt1
chr6	106778244	106800087	-	58799	Crbn
chr6	107529726	107570228	+	16979	Lrrn1
chr6	108065045	108077127	+	74729	Setmar
chr6	108107021	108185583	-	58911	Sumf1
chr6	108213096	108551116	+	16438	Itpr1
chr6	108489743	108489803	+	102465766	Mir7661
chr6	108577036	108660934	-	75394	0610040F04Rik
chr6	108660629	108666925	+	20893	Bhlhe40
chr6	108783059	108823723	+	67166	Arl8b
chr6	108828641	108859356	+	192193	Edem1
chr6	110645598	111567230	+	108073	Grm7
chr6	112210708	112212519	+	67336	1700054K19Rik
chr6	112273758	112330423	+	30937	Lmcd1
chr6	112286794	112290319	-	100503613	5031434C07Rik
chr6	112359324	112388023	-	243612	Ssu2
chr6	112459505	112472872	+	12391	Cav3
chr6	112473684	112490183	-	18430	Oxtr
chr6	112619851	112696670	-	58186	Rad18
chr6	112717971	112947266	-	259302	Srgap3
chr6	113046327	113068273	+	14911	Thumpd3
chr6	113067428	113077244	-	14910	Gt(ROSA)26Sor
chr6	113077639	113153424	+	72895	Setd5
chr6	113168087	113195384	-	269788	Lhfpl4
chr6	113237843	113281392	+	97287	Mtmr14
chr6	113282307	113305571	+	211232	Cpne9
chr6	113307137	113324862	+	78783	Brpf1
chr6	113326976	113335068	+	18294	Ogg1
chr6	113334124	113343922	-	52163	Camk1
chr6	113366655	113377520	-	101206	Tada3
chr6	113378113	113390447	+	68089	Arpc4
chr6	113389260	113414583	+	101100	Ttll3
chr6	113415319	113419340	-	101122	Rpusd3
chr6	113424634	113435760	-	14311	Cidec
chr6	113442517	113448229	+	67767	Jagn1
chr6	113458484	113470751	+	57890	Il17re
chr6	113471455	113483163	+	171095	Il17rc
chr6	113483569	113493338	+	171508	Creld1
chr6	113493639	113501931	-	210673	Prrt3
chr6	113514887	113531638	-	66087	Emc3
chr6	113531682	113596285	+	211651	Fancd2
chr6	113596762	113600715	-	70979	Fancd2os
chr6	113604772	113616951	+	101314	Brk1
chr6	113624021	113631633	+	22346	Vhl
chr6	113638467	113695026	+	108960	Irak2
chr6	113697499	113711068	+	381801	Tatdn2
chr6	113707208	113707265	+	102465631	Mir7042
chr6	113716119	113719911	-	58991	Ghrl
chr6	113728052	113740681	-	110379	Sec13
chr6	113745668	114042080	-	11941	Atp2b2
chr6	114131241	114249886	+	243616	Slc6a11
chr6	114282635	114317525	+	232333	Slc6a1
chr6	114397936	114483298	+	15465	Hrh1
chr6	114643097	114860614	+	74244	Atg7
chr6	114862090	114969203	-	232334	Vgll4
chr6	115004381	115037874	-	68971	Tamm41
chr6	115127600	115134835	-	100503783	Gm17733
chr6	115134902	115282626	+	20965	Syn2
chr6	115245616	115251849	-	110595	Timp4
chr6	115360951	115490401	+	19016	Pparg
chr6	115544704	115578336	+	381802	Tsen2
chr6	115583547	115592576	-	70291	Mkrn2os
chr6	115601938	115618670	+	67027	Mkrn2
chr6	115618573	115676635	-	110157	Raf1
chr6	115729131	115762466	-	94346	Tmem40
chr6	115774557	115805555	+	67088	Cand2
chr6	115775657	115775719	+	102466841	Mir7660
chr6	115805514	115808743	-	19951	Rpl32
chr6	115807975	115808103	-	100217451	Snora7a
chr6	115810729	115838412	-	212516	Efcab12
chr6	115840697	115853365	-	17193	Mbd4
chr6	115853528	115926699	+	81896	Ift122
chr6	115931927	115938830	+	212541	Rho
chr6	115944931	115950242	+	171506	H1foo
chr6	115954811	115995005	-	67784	Plxnd1
chr6	116018618	116193374	-	330401	Tmcc1
chr6	116199410	116207993	-	78739	9530062K07Rik
chr6	116208033	116262671	+	28006	Washc2
chr6	116264219	116330304	+	67492	Zfand4
chr6	116338022	116409540	+	71779	March8
chr6	116410071	116461178	-	11689	Alox5
chr6	116493611	116494540	+	258914	Olfr211
chr6	116506516	116517965	+	258019	Olfr212
chr6	116540455	116541438	+	258020	Olfr213
chr6	116556427	116557389	+	258754	Olfr214
chr6	116582012	116582944	-	258438	Olfr215
chr6	116624016	116628999	-	67255	Zfp422
chr6	116633008	116673836	-	213391	Rassf4
chr6	116645978	116646047	-	102466793	Mir7043
chr6	116650684	116652847	+	213393	Depp1
chr6	116692725	116716758	-	319776	Tmem72
chr6	117168535	117181368	+	20315	Cxcl12
chr6	117495235	117500077	+	100126203	6820426E19Rik
chr6	117679207	117751769	-	72263	1700030F04Rik
chr6	117841242	117845956	+	232337	Zfp637
chr6	117863077	117872766	+	22685	Zfp239
chr6	117900340	117925622	+	98758	Hnrnpf
chr6	117933559	117937523	-	108017	Fxyd4
chr6	118011537	118091546	+	70727	Rasgef1a
chr6	118085192	118085263	+	102465632	Mir7044
chr6	118107452	118139140	-	78752	Csgalnact2
chr6	118151748	118197744	-	19713	Ret
chr6	118246695	118248454	-	73531	1700069P05Rik
chr6	118300167	118308719	-	102632423	Gm30498
chr6	118383381	118419417	-	213895	Bms1
chr6	118427319	118455506	-	72720	Zfp248
chr6	118461950	118479273	-	22750	Zfp9
chr6	118502564	118562256	-	232339	Ankrd26
chr6	118587240	119196409	-	12288	Cacna1c
chr6	118880158	118885543	+	74363	4931430N09Rik
chr6	119175253	119221614	+	319618	Dcp1b
chr6	119236526	119352407	+	319734	Cacna2d4
chr6	119315133	119330766	-	211187	Lrtm2
chr6	119353150	119417483	-	68465	Adipor2
chr6	119432531	119544347	-	22419	Wnt5b
chr6	119479668	119483886	+	101358	Fbxl14
chr6	119570796	119848150	-	111173	Erc1
chr6	119848193	119849029	+	67289	3110021A11Rik
chr6	119902698	119922823	+	19365	Rad52
chr6	119923969	120038655	-	232341	Wnk1
chr6	120034228	120034311	-	735290	Mir706
chr6	120093380	120200338	+	29862	Ninj2
chr6	120203810	120294559	-	330406	B4galnt3
chr6	120324322	120364369	-	67200	Ccdc77
chr6	120364099	120444574	+	214899	Kdm5a
chr6	120463197	120483727	+	16172	Il17ra
chr6	120488939	120493807	-	94047	Tmem121b
chr6	120509494	120531299	-	214932	Hdhd5
chr6	120554796	120574204	+	73505	1700072O05Rik
chr6	120666421	120771191	+	330409	Cecr2
chr6	120773768	120793982	+	71803	Slc25a18
chr6	120795244	120822685	-	11973	Atp6v1e1
chr6	120836230	120892842	+	94044	Bcl2l13
chr6	120893119	120916820	-	12122	Bid
chr6	120931546	121131022	-	194401	Mical3
chr6	121183667	121198837	+	74043	Pex26
chr6	121210734	121226098	+	53857	Tuba8
chr6	121245906	121270917	+	24110	Usp18
chr6	121300296	121337718	+	14412	Slc6a13
chr6	121343088	121365773	+	14411	Slc6a12
chr6	121372927	121473678	-	243621	Iqsec3
chr6	121636173	121679238	+	232345	A2m
chr6	121838541	121889057	+	17836	Mug1
chr6	122006798	122085967	+	17837	Mug2
chr6	122136628	122150958	+	381806	Gm10319
chr6	122176053	122248566	+	17835	Mug-ps1
chr6	122270596	122282833	-	50928	Klrg1
chr6	122309010	122317677	+	17113	M6pr
chr6	122317731	122340227	-	13619	Phc1
chr6	122447302	122486305	-	108653	Rimklb
chr6	122513676	122529290	+	50530	Mfap5
chr6	122553809	122564180	+	11628	Aicda
chr6	122577792	122602444	-	11810	Apobec1
chr6	122605403	122610071	-	14562	Gdf3
chr6	122626424	122630271	+	73708	Dppa3
chr6	122707489	122714633	+	71950	Nanog
chr6	122727809	122742745	-	20527	Slc2a3
chr6	122820184	122845366	+	60611	Foxj2
chr6	122831377	122831437	+	102465710	Mir7231
chr6	122847140	122856157	-	12267	C3ar1
chr6	122874557	122888941	+	67602	Necap1
chr6	122921848	122934619	+	269799	Clec4a1
chr6	122952515	122969878	+	73149	Clec4a3
chr6	122990367	123024421	+	474145	Clec4a4
chr6	123049962	123071555	+	69810	Clec4b1
chr6	123122690	123143999	+	26888	Clec4a2
chr6	123173023	123204671	+	381809	Clec4b2
chr6	123229843	123247024	+	56620	Clec4n
chr6	123262107	123275268	+	17474	Clec4d
chr6	123281789	123289871	-	56619	Clec4e
chr6	123308333	123336537	+	232358	Vmn2r19
chr6	123385262	123418061	-	667180	Vmn2r20
chr6	123492508	123533406	-	546912	Vmn2r21
chr6	123609758	123650635	-	546913	Vmn2r22
chr6	123702821	123742239	+	435916	Vmn2r23
chr6	123778971	123816280	+	243628	Vmn2r24
chr6	123822814	123853190	-	545874	Vmn2r25
chr6	124024758	124062035	+	56552	Vmn2r26
chr6	124191596	124231784	-	232367	Vmn2r27
chr6	124304651	124330527	+	93671	Cd163
chr6	124347593	124357086	-	76921	1700013D24Rik
chr6	124363282	124364486	-	72268	1700027F06Rik
chr6	124396816	124415067	-	19305	Pex5
chr6	124430756	124464784	-	232370	Clstn3
chr6	124493113	124510643	+	232371	C1rl
chr6	124512621	124523440	+	50909	C1ra
chr6	124530344	124542359	-	50908	C1s1
chr6	124570430	124581044	+	667277	C1rb
chr6	124624625	124636085	-	317677	C1s2
chr6	124663104	124704716	+	14792	Lpcat3
chr6	124704370	124712178	-	14791	Emg1
chr6	124712289	124716945	+	12034	Phb2
chr6	124717914	124717985	-	387159	Mir141
chr6	124718322	124718390	-	723944	Mir200c
chr6	124720707	124738709	-	15170	Ptpn6
chr6	124739183	124741079	-	14790	Grcc10
chr6	124739183	124756487	-	13498	Atn1
chr6	124760053	124769673	-	13807	Eno2
chr6	124769869	124779727	-	16977	Lrrc23
chr6	124808661	124810616	+	14794	Spsb2
chr6	124810592	124814296	-	21991	Tpi1
chr6	124815019	124829484	-	22225	Usp5
chr6	124830176	124833701	+	14793	Cdca3
chr6	124834240	124840275	-	14695	Gnb3
chr6	124841095	124857687	-	14789	P3h3
chr6	124858444	124863917	-	14788	Gpr162
chr6	124864693	124888209	-	12504	Cd4
chr6	124904359	124911705	-	16768	Lag3
chr6	124913675	124917946	-	69202	Ptms
chr6	124916863	124925844	+	442825	A230083G16Rik
chr6	124931388	124937238	+	30853	Mlf2
chr6	124958411	124965529	-	26894	Cops7a
chr6	124996720	125003096	+	319352	Pianp
chr6	125009238	125037870	+	269800	Zfp384
chr6	125010176	125049853	-	78202	4930557K07Rik
chr6	125039848	125050052	+	28019	Ing4
chr6	125048368	125063265	+	54137	Acrbp
chr6	125067920	125082472	+	381810	Lpar5
chr6	125096163	125130514	+	107932	Chd4
chr6	125097024	125097086	+	102466272	Mir7045
chr6	125131883	125144753	+	110109	Nop2
chr6	125145224	125161782	+	320678	Iffo1
chr6	125161852	125166467	-	14433	Gapdh
chr6	125168007	125191586	-	68298	Ncapd2
chr6	125186361	125186431	-	100217413	Scarna10
chr6	125192165	125194392	+	66493	Mrpl51
chr6	125195792	125195878	+	100526526	Mir3098
chr6	125215581	125242027	+	22317	Vamp1
chr6	125224205	125231860	-	213233	Tapbpl
chr6	125231276	125239934	+	78668	E130112N10Rik
chr6	125232622	125237027	-	21940	Cd27
chr6	125234684	125234812	-	102465901	Mir8113
chr6	125265476	125287286	+	73870	4930417O13Rik
chr6	125278274	125286042	-	22144	Tuba3a
chr6	125306571	125313870	-	17000	Ltbr
chr6	125321340	125344943	+	20276	Scnn1a
chr6	125349723	125362483	+	21937	Tnfrsf1a
chr6	125362651	125380504	-	213522	Plekhg6
chr6	125460266	125494755	-	12527	Cd9
chr6	125532587	125686679	+	22371	Vwf
chr6	125690419	126040133	+	243634	Ano2
chr6	126101412	126166744	-	18205	Ntf3
chr6	126286649	126328686	-	100038574	Gm10415
chr6	126532551	126535555	-	16493	Kcna5
chr6	126636463	126645801	-	16485	Kcna1
chr6	126708329	126740674	-	16494	Kcna6
chr6	126821863	126849144	-	66108	Ndufa9
chr6	126853098	126874308	+	11642	Akap3
chr6	126876199	126921839	-	101320	Dyrk4
chr6	126923419	126939555	-	19362	Rad51ap1
chr6	126939966	126975704	+	28040	D6Wsu163e
chr6	127015542	127024718	+	14177	Fgf6
chr6	127072902	127082296	+	64654	Fgf23
chr6	127085116	127109552	-	319801	Tigar
chr6	127125708	127151048	-	12444	Ccnd2
chr6	127149389	127212419	+	77558	9330179D12Rik
chr6	127296186	127307967	-	232386	Gm38404
chr6	127446840	127494239	+	101187	Parp11
chr6	127577975	127629938	+	381812	Cracr2a
chr6	127689009	127769159	-	381813	Prmt8
chr6	127776083	127778665	-	100504457	4921513H07Rik
chr6	127788084	127788143	-	102466996	Mir7233
chr6	127887622	127953031	+	68498	Tspan11
chr6	127961400	128143578	-	109246	Tspan9
chr6	128169700	128183803	-	330427	9330102E08Rik
chr6	128227143	128300813	-	21679	Tead4
chr6	128321161	128355851	-	22158	Tulp3
chr6	128357000	128362911	-	72440	Rhno1
chr6	128362994	128375886	+	14235	Foxm1
chr6	128375510	128385144	+	71149	Tex52
chr6	128399766	128408935	+	60345	Nrip2
chr6	128409444	128424910	-	101142	Itfg2
chr6	128430107	128438631	-	14228	Fkbp4
chr6	128438757	128503281	+	791299	Gm10069
chr6	128483567	128526720	-	11287	Pzp
chr6	128539822	128581606	-	232400	A2ml1
chr6	128609227	128622934	-	17057	Klrb1a
chr6	128662385	128677374	+	94071	Clec2h
chr6	128706508	128723046	-	100043861	Klrb1
chr6	128778485	128826315	-	17059	Klrb1c
chr6	128813706	128826315	-	80782	Klrb1b
chr6	128848044	128891124	-	232406	BC035044
chr6	128887587	128898167	+	93675	Clec2i
chr6	128934381	128984707	+	70809	Clec2g
chr6	128952353	128975029	-	100504591	Gm15987
chr6	128974840	128974895	-	102465757	Mir7649
chr6	128992961	129006647	+	408064	BC064078
chr6	129014112	129020527	+	435921	Clec2f
chr6	129045901	129057471	+	232408	Klrb1f
chr6	129091816	129100903	-	232409	Clec2e
chr6	129116518	129129446	+	724020	Klrb1-ps1
chr6	129180615	129186535	+	93694	Clec2d
chr6	129208141	129238482	-	76432	2310001H17Rik
chr6	129267325	129275369	-	12515	Cd69
chr6	129322165	129331781	-	381816	4922502D21Rik
chr6	129350244	129365303	+	232413	Clec12a
chr6	129375513	129385874	-	71183	Clec12b
chr6	129397297	129405413	+	56760	Clec1b
chr6	129408862	129424764	+	232414	Clec9a
chr6	129426684	129452000	-	243653	Clec1a
chr6	129461591	129472779	-	56644	Clec7a
chr6	129485247	129507165	-	108078	Olr1
chr6	129512557	129519227	+	330428	Tmem52b
chr6	129532184	129533284	-	100504641	1700101I11Rik
chr6	129533192	129542331	+	57436	Gabarapl1
chr6	129578286	129585827	+	243655	Klre1
chr6	129591811	129598775	+	16643	Klrd1
chr6	129610323	129623864	-	27007	Klrk1
chr6	129639085	129643288	-	58179	Klrc3
chr6	129656346	129660596	-	16642	Klrc2
chr6	129666015	129678973	-	16641	Klrc1
chr6	129691535	129691643	+	735268	Mir680-1
chr6	129697218	129717132	-	503550	Klri1
chr6	129729041	129740484	-	320407	Klri2
chr6	129766647	129775849	-	232415	Gm156
chr6	129831154	129876672	-	170733	Klra17
chr6	129898988	129913224	-	16636	Klra5
chr6	129972369	130380808	-	93969	Klra22
chr6	130013033	130026954	-	16637	Klra6
chr6	130044017	130067271	-	16635	Klra4
chr6	130044017	130303382	-	16630	Klra12
chr6	130044017	130382681	-	27423	Klra15
chr6	130115226	130129898	-	16639	Klra8
chr6	130115226	130157859	-	93968	Klra21
chr6	130115516	130160771	-	654449	Klra14-ps
chr6	130115516	130335817	-	16640	Klra9
chr6	130218605	130237773	-	16638	Klra7
chr6	130218880	130306432	-	16631	Klra13-ps
chr6	130269194	130281928	-	16628	Klra10
chr6	130303161	130306432	-	79410	Klra23
chr6	130323289	130337626	-	16634	Klra3
chr6	130363918	130386874	-	16627	Klra1
chr6	131219235	131247362	-	16633	Klra2
chr6	131284389	131293244	-	66441	Magohb
chr6	131299144	131316398	-	243659	Styk1
chr6	131364858	131388450	-	56449	Ybx3
chr6	131486422	131491435	+	102638913	LOC102638913
chr6	131543762	131553757	+	71392	5430401F13Rik
chr6	131629892	131630830	-	387355	Tas2r130
chr6	131659118	131660149	-	387342	Tas2r107
chr6	131677960	131678886	-	387341	Tas2r106
chr6	131684836	131685744	-	387340	Tas2r104
chr6	131686561	131687463	-	57252	Tas2r105
chr6	131689134	131690063	-	387346	Tas2r114
chr6	132114226	132361737	-	114600	Gm4736
chr6	132206795	132210521	-	381833	Prb1
chr6	132311590	132314743	-	381832	Prpmp5
chr6	132361105	132364134	-	667929	Gm8882
chr6	132569842	132572401	+	19131	Prh1
chr6	132595946	132600702	+	83380	Prp2
chr6	132625111	132651526	-	381819	A630073D07Rik
chr6	132656957	132657844	+	387348	Tas2r120
chr6	132700090	132701007	-	387349	Tas2r121
chr6	132710999	132711928	-	630845	Tas2r122
chr6	132737054	132737986	-	353325	Tas2r115
chr6	132754730	132755659	+	387351	Tas2r124
chr6	132762131	132763174	+	387339	Tas2r102
chr6	132777179	132778162	-	353165	Tas2r136
chr6	132802901	132803893	+	353166	Tas2r117
chr6	132847142	132848143	+	353167	Tas2r123
chr6	132855438	132856355	+	112408	Tas2r116
chr6	132868008	132869009	+	387344	Tas2r110
chr6	132893011	132893940	+	387345	Tas2r113
chr6	132909651	132910586	+	387352	Tas2r125
chr6	132951102	132952064	+	387354	Tas2r129
chr6	132956912	132957844	-	387356	Tas2r131
chr6	132980015	132980965	-	387343	Tas2r109
chr6	133036163	133037101	-	667992	Tas2r103
chr6	133054855	133055793	-	387616	Tas2r140
chr6	133105239	133110899	+	381820	Smim10l1
chr6	133292216	133295790	+	232426	5530400C23Rik
chr6	133529189	133532762	+	545884	Gm5885
chr6	133763998	133767408	-	545886	Gm5886
chr6	133849855	133853667	-	16483	Kap
chr6	134035700	134270158	+	14011	Etv6
chr6	134308951	134403415	-	74064	4933406J09Rik
chr6	134396329	134438724	+	66813	Bcl2l14
chr6	134446476	134566913	-	16974	Lrp6
chr6	134609207	134632488	-	67729	Mansc1
chr6	134639512	134711184	+	67774	Borcs5
chr6	134715468	134792628	-	70686	Dusp16
chr6	134830199	134857883	+	232430	Crebl2
chr6	134869092	134897925	-	14760	Gpr19
chr6	134897961	134900785	+	72813	2810454H06Rik
chr6	134920401	134925525	+	12576	Cdkn1b
chr6	134929092	134951718	+	381822	Lockd
chr6	134982001	134986836	+	381823	Apold1
chr6	135011612	135023776	+	67755	Ddx47
chr6	135065662	135084709	+	232431	Gprc5a
chr6	135105991	135118283	-	93746	Gprc5d
chr6	135137519	135168215	-	15199	Hebp1
chr6	135188480	135194959	+	100502888	Gm19434
chr6	135197987	135236240	+	74525	Fam234b
chr6	135237329	135254336	-	14840	Gsg1
chr6	135309129	135310384	-	76400	Pbp2
chr6	135362931	135383173	+	13730	Emp1
chr6	135658913	135683391	+	75024	4930425L21Rik
chr6	135729795	136173511	-	14812	Grin2b
chr6	136327539	136329983	+	668137	Gm8994
chr6	136400315	136415569	-	100502936	E330021D16Rik
chr6	136518851	136607379	+	54343	Atf7ip
chr6	136612071	136661893	-	66857	Plbd1
chr6	136697284	136781742	-	14917	Gucy2c
chr6	136803993	136804431	-	320332	Hist4h4
chr6	136808248	136810074	+	232440	H2afj
chr6	136813654	136828216	-	60321	Wbp11
chr6	136828843	136840554	+	320135	BC049715
chr6	136829931	136835450	-	654818	Smco3
chr6	136848451	136857600	-	109978	Art4
chr6	136872435	136875805	-	17313	Mgp
chr6	136907387	136922180	-	69187	Erp27
chr6	136923660	136941899	-	11857	Arhgdib
chr6	136954523	136963483	+	78600	Pde6h
chr6	137054825	137170496	-	232441	Rerg
chr6	137252299	137464634	+	19277	Ptpro
chr6	137477245	137649285	-	13860	Eps8
chr6	137735082	137751930	+	20901	Strap
chr6	137754577	137837872	+	232449	Dera
chr6	137983590	138079916	-	277898	Slc15a5
chr6	138140537	138156752	+	56615	Mgst1
chr6	138364481	138581968	-	109593	Lmo3
chr6	138423105	138429592	+	319702	A830011K09Rik
chr6	138443973	138461615	+	102632192	Gm30332
chr6	138580624	138599314	+	77982	B230110G15Rik
chr6	138657089	138658444	-	50540	Igbp1b
chr6	139315597	139322576	-	70962	4922502N22Rik
chr6	139493182	139501909	-	632971	Rergl
chr6	139599480	139969284	+	18705	Pik3c2g
chr6	139989722	140041417	-	114875	Plcz1
chr6	140041525	140042789	+	12344	Capza3
chr6	140424099	140597109	+	109135	Plekha5
chr6	140622663	140678472	+	11569	Aebp2
chr6	141249269	141499351	+	54611	Pde3a
chr6	141340553	141344387	+	100093700	Gm10400
chr6	141524386	141570177	+	58807	Slco1c1
chr6	141629518	141686635	+	28253	Slco1b2
chr6	141805440	141856171	-	28250	Slco1a4
chr6	141907281	141946962	-	28248	Slco1a1
chr6	141972196	142008745	-	625716	Gm6614
chr6	142085768	142186149	-	28254	Slco1a6
chr6	142234227	142322981	-	108096	Slco1a5
chr6	142298425	142303820	+	15874	Iapp
chr6	142345697	142362624	+	232491	Pyroxd1
chr6	142350342	142387087	-	19691	Recql
chr6	142387243	142403858	+	66964	Golt1b
chr6	142413431	142419740	+	319552	Spx
chr6	142422613	142473109	-	232493	Gys2
chr6	142490249	142507957	-	16832	Ldhb
chr6	142564939	142571356	-	16523	Kcnj8
chr6	142587862	142702274	-	20928	Abcc9
chr6	142614595	142626462	+	321015	5330439B14Rik
chr6	142756686	142775714	+	12764	Cmas
chr6	142785781	142804466	-	330440	Sult6b2
chr6	142814231	142833494	+	665037	Gm7457
chr6	142821541	142964452	-	20449	St8sia1
chr6	143010920	143100152	-	74741	C2cd5
chr6	143109214	143153931	-	102633311	Gm31108
chr6	143167230	143208546	+	75320	Etnk1
chr6	143245888	143297879	+	52285	D6Ertd474e
chr6	143593353	143651288	-	73425	1700060C16Rik
chr6	143828425	144781977	-	20678	Sox5
chr6	144672868	144693832	+	66760	Sox5os3
chr6	144993835	145076157	-	12035	Bcat1
chr6	145115636	145174928	+	16970	Lrmp
chr6	145174834	145210970	-	320662	Casc1
chr6	145211134	145216542	+	67636	Etfrf1
chr6	145216699	145250231	-	16653	Kras
chr6	145250552	145251856	+	100039495	Gm15706
chr6	145365134	145614273	-	74071	Lmntd1
chr6	145387625	145392224	+	381827	1700073E17Rik
chr6	145615963	145621477	+	22147	Tuba3b
chr6	145808383	145817584	+	71323	Rassf8
chr6	145858243	145865420	-	79362	Bhlhe41
chr6	145931873	145965225	+	16651	Sspn
chr6	146108299	146502223	-	16439	Itpr2
chr6	146549632	146577835	-	71177	Ints13
chr6	146577911	146599198	+	67529	Fgfr1op2
chr6	146602276	146634592	-	67623	Tm7sf3
chr6	146642579	146650600	+	108098	Med21
chr6	146647177	146647802	-	626175	Gm6654
chr6	146657218	146665403	+	74925	4930479D17Rik
chr6	146724930	146778814	+	232533	Stk38l
chr6	146805530	146833529	+	272322	Arntl2
chr6	146850110	146871404	+	69371	Smco2
chr6	146888494	147032023	+	67533	Ppfibp1
chr6	146951301	146954421	-	73344	1700034J05Rik
chr6	147032537	147033518	+	66532	Rep15
chr6	147042770	147070902	+	232536	Mrps35
chr6	147075062	147087032	-	545893	Mansc4
chr6	147091075	147112778	+	232539	Klhl42
chr6	147180241	147208294	+	100039641	E330012B07Rik
chr6	147252109	147264013	-	19227	Pthlh
chr6	147475871	147632612	+	67015	Ccdc91
chr6	147690241	147702374	+	100039727	1700049E15Rik
chr6	148047416	148182760	+	330450	Far2
chr6	148179318	148212374	-	67456	Ergic2
chr6	148212288	148235663	+	320737	4732416N19Rik
chr6	148232430	148444352	-	387314	Tmtc1
chr6	148354656	148355596	+	66184	Rps4l
chr6	148606786	148614309	-	622319	Gm6313
chr6	148659978	148678000	-	75831	4930528G23Rik
chr6	148770684	148831467	-	320727	Ipo8
chr6	148842492	148896237	-	232560	Caprin2
chr6	148921057	148946432	-	56306	Sinhcaf
chr6	148944867	148947129	+	109163	3010003L21Rik
chr6	148988069	149101680	-	320560	Dennd5b
chr6	149141513	149151171	+	320204	Etfbkmt
chr6	149157577	149188712	-	232566	Amn1
chr6	149309414	149335663	+	67246	Resf1
chr6	149408984	149563329	+	12121	Bicd1
chr6	149566082	149583657	+	436100	Gm21814
chr7	3128146	3144992	+	73949	Speer9-ps1
chr7	3154658	3169203	-	245128	AU018091
chr7	3218626	3218708	+	100049710	Mir290a
chr7	3218638	3218695	-	102465789	Mir290b
chr7	3218784	3221015	+	100303645	D7Ertd143e
chr7	3219198	3219259	-	102467000	Mir292b
chr7	3221510	3249740	-	378425	Nlrp12
chr7	3289038	3299349	+	50918	Myadm
chr7	3303532	3331099	+	18752	Prkcg
chr7	3332955	3366948	+	81904	Cacng7
chr7	3394042	3415605	+	81905	Cacng8
chr7	3415066	3415156	+	104795667	Gm23450
chr7	3421665	3423445	-	70230	3300002P13Rik
chr7	3424662	3435667	+	54378	Cacng6
chr7	3488991	3502552	-	245126	Tarm1
chr7	3609813	3616157	-	232790	Oscar
chr7	3617373	3620161	+	66091	Ndufa3
chr7	3620324	3629929	-	69714	Tfpt
chr7	3629985	3642485	+	68988	Prpf31
chr7	3645269	3661109	+	232791	Cnot3
chr7	3655962	3656047	+	100628594	Mir3572
chr7	3660107	3665840	-	69757	Leng1
chr7	3665754	3677553	-	353499	Tmc4
chr7	3677789	3693525	-	77582	Mboat7
chr7	3693610	3701035	+	66078	Tsen34
chr7	3704038	3706897	+	76846	Rps9
chr7	3712505	3845051	-	18733	Pirb
chr7	3731633	3898092	-	18725	Pira2
chr7	3836810	3915501	-	18722	Pira1
chr7	3884212	3898092	-	100038909	Gm14548
chr7	3908280	3915501	-	18726	Lilra6
chr7	4007073	4063204	-	52855	Lair1
chr7	4074125	4120728	-	77323	9430041J12Rik
chr7	4119530	4135407	+	57776	Ttyh1
chr7	4126340	4136926	-	100037396	D030047H15Rik
chr7	4137056	4148173	+	232798	Leng8
chr7	4148183	4149872	-	243813	Leng9
chr7	4151260	4164702	-	58804	Cdc42ep5
chr7	4237754	4243463	+	232801	Lilra5
chr7	4274124	4284827	+	18729	Pira6
chr7	4337724	4345164	+	17086	Ncr1
chr7	4368713	4397744	-	243816	Gp6
chr7	4424770	4445657	-	108841	Rdh13
chr7	4460715	4480487	+	67425	Eps8l1
chr7	4467245	4470884	-	320749	D630041G03Rik
chr7	4481521	4501680	-	232807	Ppp1r12c
chr7	4504570	4515975	-	21955	Tnnt1
chr7	4518308	4522443	-	21954	Tnni3
chr7	4522957	4532442	-	436022	Dnaaf3
chr7	4539765	4546567	-	53420	Syt5
chr7	4548614	4604041	-	545902	Ptprh
chr7	4628040	4630482	-	68255	Tmem86b
chr7	4631495	4658950	-	243819	Ppp6r1
chr7	4660521	4684963	-	66245	Hspbp1
chr7	4690928	4715997	+	381979	Brsk1
chr7	4706832	4725251	-	330460	Tmem150b
chr7	4740127	4747514	+	232811	Kmt5c
chr7	4751792	4753094	-	333182	Cox6b2
chr7	4753226	4771270	-	243822	Fam71e2
chr7	4772378	4782857	-	16156	Il11
chr7	4782940	4784341	+	78052	Tmem190
chr7	4784785	4789560	-	664968	Tmem238
chr7	4792965	4794547	+	19943	Rpl28
chr7	4808014	4812340	-	77891	Ube2s
chr7	4825552	4844696	-	232813	Shisa7
chr7	4844960	4866179	-	67441	Isoc2b
chr7	4877053	4895717	+	664994	Isoc2a
chr7	4915217	4922003	+	232816	Zfp628
chr7	4922251	4925006	+	269854	Nat14
chr7	4925844	4944797	+	269855	Ssc5d
chr7	4957081	4964348	-	381836	Sbk2
chr7	4965260	4970961	-	381835	Sbk3
chr7	4992852	4996101	-	68490	Zfp579
chr7	5007056	5014728	-	23877	Fiz1
chr7	5015508	5018488	+	66056	Zfp524
chr7	5020376	5033223	+	319748	Zfp865
chr7	5034446	5038446	-	654801	Zfp784
chr7	5051532	5053723	+	68992	Zfp580
chr7	5056152	5060785	+	232821	Ccdc106
chr7	5062143	5079945	+	22185	U2af2
chr7	5080235	5098178	+	13854	Epn1
chr7	5109787	5116911	-	192658	Rfpl4
chr7	5124942	5125950	-	19428	Rasl2-9
chr7	5146490	5147422	-	384522	Vmn1r55
chr7	5194916	5196747	-	81015	Vmn1r56
chr7	5220478	5221410	+	665150	Vmn1r57
chr7	5298547	5351035	-	232827	Nlrp2
chr7	5350542	5360682	+	272350	Gm5065
chr7	5408887	5413145	-	81014	Vmn1r58
chr7	5453827	5454759	-	404284	Vmn1r59
chr7	5480456	5493851	-	665255	Vmn2r28
chr7	5544197	5545099	-	636697	Vmn1r60
chr7	5610411	5611313	-	636731	Vmn1r61
chr7	5674604	5676599	+	81016	Vmn1r62
chr7	5802345	5805445	-	81017	Vmn1r63
chr7	5802729	5803631	-	100039499	Vmn1r187
chr7	5883580	5884542	-	404285	Vmn1r64
chr7	6007750	6011010	-	81013	Vmn1r65
chr7	6045161	6105149	+	83564	Nlrp4c
chr7	6131489	6155971	-	67109	Zfp787
chr7	6172482	6193104	+	72667	Zfp444
chr7	6197090	6216137	+	232836	Galp
chr7	6222278	6239412	+	170734	Zscan5b
chr7	6252710	6281861	+	627821	Epp13
chr7	6286580	6307883	+	384763	Zfp667
chr7	6315665	6331285	-	213011	Zfp583
chr7	6363308	6382605	+	330463	Zfp78
chr7	6383318	6396637	+	22690	Zfp28
chr7	6415175	6431086	+	100042450	Smim17
chr7	6439902	6440867	+	257882	Olfr1344
chr7	6460511	6461455	+	258917	Olfr1336
chr7	6474112	6475053	+	258918	Olfr1346
chr7	6480216	6486813	-	18349	Olfr5
chr7	6487913	6488872	-	258383	Olfr1347
chr7	6501286	6502224	-	258915	Olfr1348
chr7	6514474	6515427	-	269862	Olfr1349
chr7	6569993	6570919	+	258384	Olfr1350
chr7	6651748	6662368	-	76637	Zim2
chr7	6675443	6696432	-	22776	Zim1
chr7	6705960	6730419	-	18616	Peg3
chr7	6706760	6707624	+	100169889	Peg3os
chr7	6730583	6967219	+	57775	Usp29
chr7	6803587	6803670	+	100499513	Mir3099
chr7	6955685	6977420	-	116811	Zim3
chr7	6995385	7003091	+	20871	Aurkc
chr7	7114683	7121476	-	232853	Zfp954
chr7	7130678	7136755	-	76373	Zfp773
chr7	7171353	7183560	+	232854	Zfp418
chr7	7202122	7209998	-	232855	Zfp772
chr7	7212996	7278289	-	76229	Vmn2r29
chr7	7282309	7300851	-	12727	Clcn4
chr7	7298891	7298946	+	100885832	Mir5620
chr7	7312274	7337493	-	22306	Vmn2r30
chr7	7383985	7399627	-	100042591	Vmn2r31
chr7	7463969	7479973	-	22311	Vmn2r32
chr7	7550967	7566786	-	624512	Vmn2r33
chr7	7671829	7689398	-	100042636	Vmn2r34
chr7	7786151	7819867	-	625353	Vmn2r35
chr7	7876653	7902462	-	100042653	Vmn2r36
chr7	8085044	9876963	-	72716	2810047C21Rik1
chr7	8137905	8161551	-	100042848	Vmn2r41
chr7	8183265	8200320	-	22310	Vmn2r42
chr7	8244348	8260599	-	381838	Vmn2r43
chr7	8367460	8383238	-	434113	Vmn2r44
chr7	8471469	8488959	-	100042810	Vmn2r45
chr7	8907734	8931402	-	100042781	Vmn2r40
chr7	9014750	9030682	-	545909	Vmn2r39
chr7	9074796	9097765	-	434110	Vmn2r38
chr7	9205549	9223653	-	22305	Vmn2r37
chr7	9754636	9770571	-	100042894	Vmn2r46
chr7	9816782	9841325	-	100042891	Vmn2r47
chr7	9927624	9953585	-	625580	Vmn2r48
chr7	9976245	9992139	-	625605	Vmn2r49
chr7	10037235	10053178	-	434117	Vmn2r50
chr7	10087198	10105659	-	100042921	Vmn2r51
chr7	10158652	10176286	-	384534	Vmn2r52
chr7	10273828	10275351	-	171264	Vmn1r66
chr7	10446789	10447787	+	171263	Vmn1r67
chr7	10487224	10495381	-	22775	Zik1
chr7	10527210	10528169	-	628580	Vmn1r68
chr7	10579756	10581487	-	252904	Vmn1r69
chr7	10633587	10634483	+	171262	Vmn1r70
chr7	10687793	10730158	+	210045	Nlrp4b
chr7	10747502	10749538	-	252910	Vmn1r71
chr7	10794241	10799065	-	434555	Zscan4a
chr7	10900740	10905050	-	665780	Zscan4b
chr7	11005745	11010547	+	245109	Zscan4c
chr7	11161643	11166148	-	545913	Zscan4d
chr7	11397915	11402318	+	665902	Zscan4f
chr7	11669599	11670519	-	252905	Vmn1r72
chr7	11756257	11757168	+	171237	Vmn1r73
chr7	11846775	11847689	+	171240	Vmn1r74
chr7	11880343	11881260	+	171241	Vmn1r75
chr7	11930311	11931285	-	171239	Vmn1r76
chr7	12041299	12042219	+	628946	Vmn1r77
chr7	12152464	12153405	+	171242	Vmn1r78
chr7	12176193	12177113	+	100042437	Vmn1r79
chr7	12192965	12193891	+	171238	Vmn1r80
chr7	12221316	12225807	+	100043092	Gm4224
chr7	12259759	12260679	-	171244	Vmn1r81
chr7	12304805	12305719	+	171268	Vmn1r82
chr7	12321208	12322128	-	171243	Vmn1r83
chr7	12361808	12362764	-	171267	Vmn1r84
chr7	12415148	12422491	-	619331	Zfp551
chr7	12478305	12496235	+	67370	Zfp606
chr7	12512551	12556323	+	73090	2900092C05Rik
chr7	12581470	12606544	-	637908	Vmn2r53
chr7	12615233	12636134	-	666085	Vmn2r54
chr7	12651706	12684991	-	100042499	Vmn2r55
chr7	12693998	12733105	-	629079	Vmn2r56
chr7	12768092	12775658	-	232875	Zscan18
chr7	12803778	12818860	-	67230	Zfp329
chr7	12834810	12850584	+	65020	Zfp110
chr7	12881178	12893422	+	243833	Zfp128
chr7	12897809	12909083	+	232878	Zscan22
chr7	12922311	12926686	+	20103	Rps5
chr7	12927416	12931072	+	381845	Rnf225
chr7	12965864	12973822	+	243834	Zfp324
chr7	12977848	12985716	+	269870	Zfp446
chr7	12988346	12998192	-	26459	Slc27a5
chr7	13005666	13009830	-	232879	Zbtb45
chr7	13024152	13031032	+	21849	Trim28
chr7	13032006	13034777	-	68953	Chmp2a
chr7	13035120	13038275	-	22192	Ube2m
chr7	13042303	13054764	-	109889	Mzf1
chr7	13084289	13085215	-	252909	Vmn1r85
chr7	13101997	13102947	-	100312473	Vmn1r86
chr7	13131471	13132358	-	171261	Vmn1r87
chr7	13177719	13178669	+	100312474	Vmn1r88
chr7	13219339	13220289	+	171260	Vmn1r89
chr7	13258967	13278721	-	321008	Zswim9
chr7	13277313	13311427	+	16881	Lig1
chr7	13325667	13360668	+	232889	Pla2g4c
chr7	13398155	13408878	+	29865	Cabp5
chr7	13450841	13473450	+	330470	Bsph1
chr7	13554866	13571067	-	77684	Bsph2
chr7	13623967	13670807	+	434264	Sult2a5
chr7	13733506	13779637	+	100043194	Sult2a2
chr7	13796246	13837410	-	20859	Sult2a1
chr7	13909677	13989588	-	434121	Sult2a4
chr7	14067555	14122993	-	629203	Sult2a3
chr7	14222403	14254870	-	629219	Sult2a6
chr7	14410686	14446587	-	76971	Sult2a8
chr7	14465159	14492926	-	638251	Sult2a7
chr7	14530654	14622478	-	100417675	Nlrp5-ps
chr7	14561242	14562171	-	627280	Vmn1r90
chr7	14659708	14665996	+	194588	Obox7
chr7	15388851	15398545	+	246792	Obox2
chr7	15547257	15556846	+	71468	Obox1
chr7	15625306	15639777	-	246791	Obox3
chr7	15750370	15759274	+	252829	Obox5
chr7	15833250	15839679	-	252830	Obox6
chr7	15865947	15879955	-	12951	Crx
chr7	15896124	15904030	+	546024	Crxos
chr7	15917208	15922371	-	20364	Selenow
chr7	15937835	15946108	-	68077	Nop53
chr7	15938762	15938860	-	100217441	Snord23
chr7	15948987	15967535	-	259300	Ehd2
chr7	15971262	15999495	-	243842	Bicra
chr7	16071942	16096328	+	666528	Zfp541
chr7	16098643	16117975	+	108124	Napa
chr7	16119876	16127516	+	70394	Kptn
chr7	16130300	16160511	+	110891	Slc8a2
chr7	16175395	16186510	+	17537	Meis3
chr7	16197221	16222032	-	71723	Dhx34
chr7	16234585	16244154	-	319430	C5ar2
chr7	16246743	16259540	-	12273	C5ar1
chr7	16272013	16273692	-	66300	Inafm1
chr7	16274042	16286795	-	243846	Ccdc9
chr7	16309583	16318334	+	170770	Bbc3
chr7	16320236	16387896	-	56459	Sae1
chr7	16401196	16437696	+	330474	Zc3h4
chr7	16452779	16455490	+	69094	Tmem160
chr7	16455721	16476780	-	18142	Npas1
chr7	16494473	16614993	-	232906	Arhgap35
chr7	16613824	16632643	+	102634559	Gm29443
chr7	16649030	16657478	-	100038912	Ceacam-ps1
chr7	16671331	16675705	-	101434	Ceacam15
chr7	16721929	16726110	+	26368	Ceacam9
chr7	16738444	16749290	+	232910	Ap2s1
chr7	16781346	16798274	+	20514	Slc1a5
chr7	16809267	16816732	-	243853	Fkrp
chr7	16815889	16840931	+	97387	Strn4
chr7	16842902	16870461	+	101540	Prkd2
chr7	16875317	16887301	+	629378	Dact3
chr7	16891786	16895435	+	14709	Gng8
chr7	16906490	16910905	+	19222	Ptgir
chr7	16915379	16924032	-	12315	Calm3
chr7	16944682	16948828	+	434128	Pnmal2
chr7	16959795	16962320	+	71691	Pnmal1
chr7	16994588	16996645	+	434130	Ccdc8
chr7	17004640	17027914	-	19060	Ppp5c
chr7	17030993	17062427	-	53417	Hif3a
chr7	17074040	17133450	+	26436	Psg16
chr7	17150400	17163231	+	384557	Ceacam3
chr7	17203477	17215756	+	114872	Psg29
chr7	17672313	17682060	+	232919	Psg-ps1
chr7	17713252	17761121	+	73250	Ceacam5
chr7	17812682	17815627	+	67084	Ceacam14
chr7	17972167	17978556	+	66996	Ceacam11
chr7	18009889	18019220	+	69785	Ceacam13
chr7	18065929	18077986	+	67315	Ceacam12
chr7	18176494	18181862	+	232925	Igfl3
chr7	18245347	18266092	+	266815	Mill1
chr7	18345808	18355007	-	26438	Psg18
chr7	18422536	18432055	-	114871	Psg28
chr7	18474582	18484149	-	574429	Psg26
chr7	18519702	18532227	-	114868	Psg25
chr7	18556514	18567305	-	545925	Psg27
chr7	18606343	18616501	-	56868	Psg23
chr7	18646654	18656725	-	72242	Psg21
chr7	18674366	18685992	-	434540	Psg20
chr7	18718090	18727248	+	243862	Psg22
chr7	18786302	18789414	+	20958	Sycp1-ps1
chr7	18789125	18798510	-	26439	Psg19
chr7	18813937	18821591	-	26437	Psg17
chr7	18839966	18863113	+	243864	Mill2
chr7	18884690	18890438	+	21946	Pglyrp1
chr7	18890884	18910404	-	232933	Ccdc61
chr7	18925888	18965319	+	384569	Nova2
chr7	18987524	18988962	+	378430	Nanos2
chr7	18991245	19001766	+	232934	Mypop
chr7	19004065	19006763	+	272359	Irf2bp1
chr7	19013282	19023539	-	15377	Foxa3
chr7	19024377	19054622	+	68188	Sympk
chr7	19054687	19074447	+	83434	Rsph6a
chr7	19076200	19082775	+	13401	Dmwd
chr7	19083849	19093821	+	13400	Dmpk
chr7	19086828	19086892	+	100526504	Mir3100
chr7	19094544	19098345	+	20475	Six5
chr7	19119859	19138261	+	243867	Fbxo46
chr7	19140217	19149196	-	67369	Qpctl
chr7	19149838	19152726	+	107686	Snrpd2
chr7	19157125	19166127	-	381853	Gipr
chr7	19176614	19206482	+	72205	Eml2
chr7	19181465	19181562	+	724063	Mir330
chr7	19212538	19224176	+	319197	Gpr4
chr7	19228389	19246817	+	403187	Opa3
chr7	19256929	19271854	-	22323	Vasp
chr7	19276807	19280049	-	232941	Ppm1n
chr7	19282624	19296164	+	20167	Rtn2
chr7	19302696	19310045	-	14282	Fosb
chr7	19345071	19356524	+	13870	Ercc1
chr7	19356007	19359483	-	70333	Cd3eap
chr7	19361216	19378533	+	333654	Ppp1r13l
chr7	19382039	19395692	+	13871	Ercc2
chr7	19386643	19386717	+	100124438	Mir343
chr7	19394440	19404104	-	232943	Klc3
chr7	19411094	19421583	+	12715	Ckm
chr7	19417466	19421417	-	100503495	A930016O22Rik
chr7	19426075	19458494	-	232944	Mark4
chr7	19505804	19508331	-	232946	Bloc1s3
chr7	19508729	19516145	+	67091	Trappc6a
chr7	19518731	19525050	+	69547	Nkpd1
chr7	19530967	19562398	-	232947	Ppp1r37
chr7	19564949	19573343	-	69731	Gemin7
chr7	19577287	19580656	+	63872	Zfp296
chr7	19581038	19604486	-	53609	Clasrp
chr7	19606222	19629438	-	19698	Relb
chr7	19631580	19665030	-	56457	Clptm1
chr7	19671579	19677941	-	11813	Apoc2
chr7	19671579	19681460	-	105886299	Gm44805
chr7	19678084	19681460	-	11425	Apoc4
chr7	19689480	19692659	-	11812	Apoc1
chr7	19696244	19699188	-	11816	Apoe
chr7	19701313	19715429	-	53333	Tomm40
chr7	19716644	19749573	-	19294	Nectin2
chr7	19756138	19770532	-	57278	Bcam
chr7	19779718	19796809	-	80794	Cblc
chr7	19808462	19822755	-	12051	Bcl3
chr7	19852003	19858355	+	100502736	Gm19345
chr7	19852097	19861299	-	330483	Ceacam16
chr7	19875742	19887965	-	319930	Ceacam19
chr7	19903578	19921143	-	52118	Pvr
chr7	19937305	19950743	-	70080	Igsf23
chr7	19965412	19991113	+	71601	Ceacam20
chr7	20008023	20073306	+	243874	Nlrp9b
chr7	20101158	20102081	+	667067	Vmn1r91
chr7	20121656	22118245	-	620401	Gm16442
chr7	20138123	22134741	-	100043037	Gm10666
chr7	20167460	22164035	-	620537	Vmn1r94
chr7	20193710	22190300	+	667469	Vmn1r143
chr7	20204684	22201264	-	667472	Gm8653
chr7	20232908	22229484	-	667259	Vmn1r118
chr7	20333142	22329717	-	100042964	Gm4133
chr7	20356626	20358918	-	100042966	Vmn1r-ps79
chr7	20374493	22371039	-	435949	Gm5728
chr7	20417942	20418865	+	100043536	Vmn1r100
chr7	20441670	22438229	-	100042968	Vmn1r101
chr7	20473960	22464075	-	100043058	Gm10665
chr7	20509617	20510534	-	667129	Vmn1r103
chr7	20533837	22523890	+	667135	Vmn1r104
chr7	20544834	22534887	-	435946	Gm5726
chr7	20575321	22565343	-	100043061	Gm4201
chr7	20592972	22588127	-	101055864	LOC101055864
chr7	20668918	23218255	+	667530	Vmn1r155
chr7	20702296	23251682	-	667292	Vmn1r111
chr7	20724525	22719710	-	100043645	Gm4567
chr7	20771185	20772078	+	100043569	Vmn1r112
chr7	20787285	20788208	+	436135	Vmn1r113
chr7	20811221	20812186	-	100042996	Vmn1r114
chr7	20844098	20844985	-	667273	Vmn1r115
chr7	20872256	20873179	+	667268	Vmn1r116
chr7	20883198	20884121	-	667262	Vmn1r117
chr7	21011532	21012455	-	384696	Vmn1r119
chr7	21052867	21053784	-	435953	Vmn1r120
chr7	21097569	21098513	-	667240	Vmn1r121
chr7	21133211	21134128	-	435951	Vmn1r122
chr7	21162185	21163108	+	384695	Vmn1r123
chr7	21259694	21260617	-	670764	Vmn1r124
chr7	21272179	21273102	+	667215	Vmn1r125
chr7	21300502	21301467	-	100043013	Vmn1r126
chr7	21318944	21319861	-	621561	Vmn1r127
chr7	21349373	21350296	+	667199	Vmn1r128
chr7	21360368	21361291	-	621510	Vmn1r129
chr7	21445773	21465923	+	100043595	Gm4541
chr7	21612745	21615147	+	100043604	Vmn1r132
chr7	21760531	22984673	-	100043079	Gm4214
chr7	21795811	23019923	-	100043083	Gm4216
chr7	21832351	23056463	+	667404	Vmn1r135
chr7	21843344	23067456	-	435940	Gm5725
chr7	21909434	21921291	-	545929	Gm5891
chr7	22096867	22097760	+	667444	Vmn1r139
chr7	22412231	22414669	+	81011	Vmn1r148
chr7	22498761	22499678	-	435947	Vmn1r151
chr7	22691397	22692317	-	667543	Gm8693
chr7	22761697	22762590	+	667551	Vmn1r157
chr7	22789859	22790782	-	100043067	Vmn1r158
chr7	22842688	22843605	-	670857	Vmn1r159
chr7	22871224	22872147	+	620758	Vmn1r160
chr7	23132623	23144478	-	100043665	Gm10662
chr7	23272788	23275243	-	628664	Gm6902
chr7	23301192	23362277	+	446099	Nlrp4e
chr7	23385889	23441923	+	23968	Nlrp5
chr7	23504642	23505589	-	622032	Vmn1r167
chr7	23540720	23541649	+	100043101	Vmn1r168
chr7	23577185	23578099	+	100043103	Vmn1r169
chr7	23606175	23607089	+	546944	Vmn1r170
chr7	23631988	23633568	+	81012	Vmn1r171
chr7	23658316	23660663	+	81010	Vmn1r172
chr7	23702342	23703283	+	545934	Vmn1r173
chr7	23753911	23754852	+	404291	Vmn1r174
chr7	23808286	23809200	-	622222	Vmn1r175
chr7	23834812	23835726	-	546943	Vmn1r176
chr7	23865520	23866449	-	384572	Vmn1r177
chr7	23893529	23894443	+	232959	Vmn1r178
chr7	23928386	23929357	+	404286	Vmn1r179
chr7	23952387	23953356	+	232962	Vmn1r180
chr7	23983961	23985048	+	404289	Vmn1r181
chr7	24003111	24004028	+	404287	V1rd19
chr7	24054774	24055691	+	209824	Vmn1r183
chr7	24081897	24107709	+	210135	Zfp180
chr7	24112320	24127952	+	57745	Zfp112
chr7	24134163	24143241	+	56525	Zfp235
chr7	24175045	24182318	+	232966	Zfp114
chr7	24193215	24208149	-	56707	Zfp111
chr7	24227795	24237598	-	56869	Zfp109
chr7	24254794	24262445	+	54678	Zfp108
chr7	24270418	24277794	+	22755	Zfp93
chr7	24291046	24299549	-	22719	Zfp61
chr7	24301704	24316666	-	22756	Zfp94
chr7	24333080	24333965	-	69301	Tescl
chr7	24349224	24353833	+	76942	Lypd5
chr7	24370263	24385212	+	16534	Kcnn4
chr7	24399628	24422777	+	71997	Smg9
chr7	24431926	24445682	-	210145	Irgc1
chr7	24462483	24475968	+	18793	Plaur
chr7	24482023	24504533	+	260299	Cadm4
chr7	24507087	24515682	+	232969	Zfp428
chr7	24530648	24538600	+	210146	Irgq
chr7	24541658	24546005	-	641361	Pinlyp
chr7	24546295	24573438	+	22594	Xrcc1
chr7	24583838	24587641	-	101544	Zfp575
chr7	24587543	24608925	+	66071	Ethe1
chr7	24611328	24629297	+	232970	Phldb3
chr7	24636570	24641118	+	72434	Lypd3
chr7	24661294	24663109	+	100043706	Gm4598
chr7	24668012	24676675	-	56746	Tex101
chr7	24709259	24714535	+	232972	BC049730
chr7	24722494	24724290	-	210155	Gm4763
chr7	24743983	24760311	-	68891	Cd177
chr7	24777204	24784656	+	26366	Ceacam10
chr7	24818795	24840275	+	545936	Gm5893
chr7	24864620	24869691	-	232973	Lypd4
chr7	24870057	24877651	+	71241	Dmrtc2
chr7	24884635	24889802	+	20085	Rps19
chr7	24897511	24902197	+	12518	Cd79a
chr7	24902986	24926592	+	16801	Arhgef1
chr7	24969750	24972728	-	14470	Rabac1
chr7	24970010	24970075	-	102465633	Mir7046
chr7	24978167	25005937	-	232975	Atp1a3
chr7	24987604	24987667	-	102465634	Mir7047
chr7	25009849	25072369	-	14809	Grik5
chr7	25077205	25083492	+	232976	Zfp574
chr7	25091114	25132460	-	18987	Pou2f2
chr7	25152457	25156630	+	434147	D930028M14Rik
chr7	25202840	25219871	-	67379	Dedd2
chr7	25217668	25217725	-	102466794	Mir7048
chr7	25221425	25227495	+	210172	Zfp526
chr7	25228259	25237851	-	606496	Gsk3a
chr7	25228723	25230264	+	77124	9130221H12Rik
chr7	25242560	25250758	-	13875	Erf
chr7	25267699	25294159	+	71722	Cic
chr7	25295049	25297955	-	18476	Pafah1b3
chr7	25301359	25304133	+	623131	Prr19
chr7	25306108	25316195	+	330485	Tmem145
chr7	25317164	25365917	+	269878	Megf8
chr7	25367616	25369724	-	72383	Cnfn
chr7	25376819	25566417	+	654804	4732471J01Rik
chr7	25379527	25395987	-	16890	Lipe
chr7	25400053	25412886	-	232983	Cxcl17
chr7	25461702	25489492	-	26365	Ceacam1
chr7	25516042	25540004	-	26367	Ceacam2
chr7	25614621	25615892	-	632778	Erich4
chr7	25619414	25625550	+	66349	Dmac2
chr7	25627624	25633529	+	232984	B3gnt8
chr7	25629852	25658761	-	12039	Bckdha
chr7	25659153	25668032	+	27998	Exosc5
chr7	25669139	25675166	-	320208	Tmem91
chr7	25680780	25686558	+	232987	B9d2
chr7	25687002	25705077	+	21803	Tgfb1
chr7	25711117	25719053	-	52132	Ccdc97
chr7	25722036	25754750	-	232989	Hnrnpul1
chr7	25756500	25788733	-	26362	Axl
chr7	25802471	25816558	-	74134	Cyp2s1
chr7	25897658	25926624	+	13088	Cyp2b10
chr7	26061495	26096196	+	13089	Cyp2b13
chr7	26173409	26210660	+	13094	Cyp2b9
chr7	26266831	26267775	+	100312477	Vmn1r184
chr7	26307192	26315088	+	13086	Cyp2a4
chr7	26322473	26403700	-	330490	Nlrp9c
chr7	26435113	26475458	+	243880	Nlrp4a
chr7	26535023	26575615	+	233001	Nlrp9a
chr7	26611119	26612078	-	171265	Vmn1r185
chr7	26665227	26686430	-	243881	Cyp2b23
chr7	26757142	26772630	+	13090	Cyp2b19
chr7	26808927	26821197	+	13108	Cyp2g1
chr7	26835339	26843264	+	13087	Cyp2a5
chr7	26931631	26939386	-	233005	Cyp2a22
chr7	27029090	27036818	+	13085	Cyp2a12
chr7	27119955	27133660	+	13107	Cyp2f2
chr7	27153714	27158564	+	384724	Cyp2t4
chr7	27158658	27166802	-	112406	Egln2
chr7	27168433	27178883	-	19342	Rab4b
chr7	27176006	27176093	-	100526505	Mir3101
chr7	27179741	27181149	-	12587	Mia
chr7	27187006	27196271	-	53607	Snrpa
chr7	27195781	27205386	+	414069	BC024978
chr7	27205536	27205655	+	100316839	Mir1191
chr7	27207170	27228597	-	233011	Itpkc
chr7	27233013	27257949	+	76889	Coq8b
chr7	27258761	27282150	+	18223	Numbl
chr7	27305141	27337612	-	108075	Ltbp4
chr7	27342133	27356008	-	192192	Shkbp1
chr7	27356383	27446589	-	80297	Sptbn4
chr7	27447978	27465981	+	233016	Blvrb
chr7	27473840	27477364	+	170742	Sertad3
chr7	27486953	27490314	+	55942	Sertad1
chr7	27499324	27520041	+	19153	Prx
chr7	27523261	27531175	+	233020	Hipk4
chr7	27532000	27553218	-	18807	Pld3
chr7	27553290	27582099	+	66367	2310022A10Rik
chr7	27591560	27639453	+	11652	Akt2
chr7	27653924	27656207	+	73032	Ttc9b
chr7	27656375	27674581	-	269881	Map3k10
chr7	27674661	27706484	+	112415	Zfp607b
chr7	27731409	27751689	+	22718	Zfp60
chr7	27765673	27771790	+	100043229	Gm10046
chr7	27807196	27822916	+	71163	Zfp626
chr7	27838584	27856774	+	22717	Zfp59
chr7	27860585	27880825	+	545938	Zfp607a
chr7	27907392	27929430	-	73430	Zfp974
chr7	27959135	27979157	-	338354	Zfp780b
chr7	27984471	28014115	-	100043772	Zfp850
chr7	28041702	28050092	-	23996	Psmc4
chr7	28071236	28120864	+	215384	Fcgbp
chr7	28129466	28164811	+	319482	9530053A07Rik
chr7	28169748	28179269	+	14113	Fbl
chr7	28179483	28187298	+	13549	Dyrk1b
chr7	28267881	28269168	+	386655	Eid2
chr7	28277706	28280129	+	434156	Eid2b
chr7	28284652	28291134	-	280621	Selenov
chr7	28293555	28301785	-	13389	Dll3
chr7	28305826	28312046	-	66525	Timm50
chr7	28314894	28338719	-	20924	Supt5
chr7	28350689	28352698	+	20055	Rps16
chr7	28351540	28351633	+	100302567	AF357399
chr7	28359604	28372662	-	101497	Plekhg2
chr7	28376784	28379228	-	22695	Zfp36
chr7	28385247	28392690	-	67224	Med29
chr7	28392996	28399383	+	54624	Paf1
chr7	28399522	28436191	-	233033	Samd4b
chr7	28437447	28446895	+	63986	Gmfg
chr7	28451985	28467548	+	80749	Lrfn1
chr7	28496941	28497492	+	70001	1700028B04Rik
chr7	28508861	28510360	-	330496	Ifnl2
chr7	28522836	28524322	+	338374	Ifnl3
chr7	28540885	28542210	+	68416	Sycn
chr7	28543596	28547254	-	233038	Nccrp1
chr7	28558819	28598184	-	70584	Pak4
chr7	28560925	28560984	-	102466795	Mir7049
chr7	28607637	28631015	-	101744	Acp7
chr7	28692849	28699338	+	233040	Fbxo27
chr7	28716782	28738144	+	50760	Fbxo17
chr7	28739641	28741781	-	24030	Mrps12
chr7	28741968	28753879	+	71984	Sars2
chr7	28756174	28758965	+	100504112	Ccer2
chr7	28758251	28766644	-	18036	Nfkbib
chr7	28766752	28788665	+	64383	Sirt2
chr7	28774899	28781514	-	100503790	Gm19897
chr7	28788969	28798965	+	320435	Rinl
chr7	28810890	28822266	+	15388	Hnrnpl
chr7	28825338	28832239	+	51798	Ech1
chr7	28833794	28841703	+	16855	Lgals4
chr7	28864386	28866284	+	16858	Lgals7
chr7	28881656	28893585	+	60594	Capn12
chr7	28893254	28962280	-	60595	Actn4
chr7	28971372	28981888	-	73830	Eif3k
chr7	28982050	29003279	+	26411	Map4k1
chr7	29003340	29125151	-	20190	Ryr1
chr7	29083636	29083694	-	100316710	Mir1963
chr7	29134933	29153961	+	233046	Rasgrp4
chr7	29152510	29156210	-	73833	Fam98c
chr7	29158829	29169841	-	101809	Spred3
chr7	29170210	29173933	+	243897	Ggn
chr7	29174187	29180673	-	57296	Psmd8
chr7	29181532	29214033	-	320225	Catsperg1
chr7	29221928	29232522	-	52150	Kcnk6
chr7	29238323	29247532	+	77254	Yif1b
chr7	29247521	29248467	-	72275	2200002D01Rik
chr7	29256330	29281977	-	20733	Spint2
chr7	29289320	29293390	+	68458	Ppp1r14a
chr7	29304005	29317586	+	29861	Dpf1
chr7	29320378	29518560	-	74206	Sipa1l3
chr7	29697219	29727015	-	76718	Catsperg2
chr7	29768552	29781419	+	74352	Zfp84
chr7	29773294	29773376	+	100316711	Mir1964
chr7	29784790	29794540	+	22693	Zfp30
chr7	29816072	29832042	+	233056	Zfp790
chr7	29833620	29853648	-	233057	Zfp940
chr7	29859979	29877302	+	233058	Zfp420
chr7	29893337	29906532	-	22689	Zfp27
chr7	29906509	29906567	+	102465770	Mir7668
chr7	29908517	29916813	+	73729	Zfp383
chr7	29930815	29954062	-	72723	Zfp74
chr7	29983955	30028282	+	243905	Zfp568
chr7	30036359	30051396	-	243906	Zfp14
chr7	30056034	30090510	-	330502	Zfp82
chr7	30077337	30090510	-	72556	Zfp566
chr7	30095076	30107614	+	26466	Zfp260
chr7	30121948	30135032	+	233060	Zfp382
chr7	30161267	30169727	-	26465	Zfp146
chr7	30169922	30180209	+	330503	Gm5113
chr7	30184171	30186030	+	12865	Cox7a1
chr7	30186942	30195048	-	12336	Capns1
chr7	30224131	30232029	-	66411	Tbcb
chr7	30232074	30233387	+	69920	Polr2i
chr7	30233297	30236765	-	381867	Ovol3
chr7	30240138	30280421	-	233064	Wdr62
chr7	30280094	30290237	+	108167416	LOC108167416
chr7	30291753	30308367	+	76686	Clip3
chr7	30308753	30314303	+	233065	Alkbh6
chr7	30314816	30319045	+	233066	Syne4
chr7	30321409	30322375	-	68332	Sdhaf1
chr7	30355514	30362772	-	233067	Lrfn3
chr7	30413788	30417582	+	22177	Tyrobp
chr7	30417712	30419854	-	23900	Hcst
chr7	30421732	30428746	+	243910	Nfkbid
chr7	30434980	30445582	-	11803	Aplp1
chr7	30447766	30457515	-	243911	Kirrel2
chr7	30458313	30488609	+	54631	Nphs1
chr7	30462164	30465591	-	445267	Nphs1os
chr7	30493658	30513402	+	56189	Prodh2
chr7	30515122	30522193	+	100504207	Arhgap33os
chr7	30520288	30743681	-	14447	Gapdhs
chr7	30522226	30535060	-	233071	Arhgap33
chr7	30539134	30552272	-	333193	Proser3
chr7	30552553	30555439	+	243912	Hspb6
chr7	30552828	30552904	+	104795949	Gm38670
chr7	30555441	30559646	-	75660	Lin37
chr7	30561865	30563184	-	66340	Psenen
chr7	30563340	30566381	+	233073	U2af1l4
chr7	30565095	30567962	+	101883	Igflr1
chr7	30568855	30588726	-	75410	Kmt2b
chr7	30589380	30589437	+	102465774	Mir3569
chr7	30589681	30598869	-	58206	Zbtb32
chr7	30603092	30612734	-	109637	Upk1a
chr7	30616974	30626151	-	110323	Cox6b1
chr7	30633616	30635852	-	14008	Etv2
chr7	30640995	30650228	-	68035	Rbm42
chr7	30640995	30664994	-	71909	Haus5
chr7	30670722	30671605	-	74927	Pmis2
chr7	30698926	30700534	+	69147	2200002J24Rik
chr7	30712209	30725534	+	11944	Atp4a
chr7	30727701	30729534	-	69804	Tmem147
chr7	30751471	30756134	+	282619	Sbsn
chr7	30763756	30781066	+	73712	Dmkn
chr7	30787905	30791083	+	64661	Krtdap
chr7	30818357	30823775	-	233079	Ffar2
chr7	30854330	30856178	-	233080	Ffar3
chr7	30860568	30861470	-	233081	Ffar1
chr7	30865404	30880342	-	12483	Cd22
chr7	30899183	30914832	-	17136	Mag
chr7	30922372	30924181	-	66438	Hamp2
chr7	30942368	30944017	-	84506	Hamp
chr7	30945248	30956803	-	22282	Usf2
chr7	30957770	30973469	-	54135	Lsr
chr7	30973804	30989726	+	76415	Fam187b
chr7	31032723	31042331	-	18301	Fxyd5
chr7	31040258	31040317	-	102465635	Mir7050
chr7	31042515	31051454	-	57780	Fxyd7
chr7	31051678	31055656	-	56188	Fxyd1
chr7	31059935	31070935	+	243914	Lgi4
chr7	31070535	31076697	-	17178	Fxyd3
chr7	31098725	31115326	-	15451	Hpn
chr7	31116524	31126945	-	20266	Scn1b
chr7	31130127	31151050	-	52857	Gramd1a
chr7	31162358	31170641	+	100038516	Gm10640
chr7	31263736	31265935	+	100043827	Scgb2b1
chr7	31290519	31291816	-	57426	Scgb1b2
chr7	31302769	31304977	+	381970	Scgb2b2
chr7	31359038	31362072	-	100043326	Scgb2b3
chr7	31375592	31376916	+	384585	Scgb1b3
chr7	31703779	31705754	-	100043836	Scgb2b7
chr7	31712665	31713980	+	626305	Scgb1b7
chr7	32209173	32211142	-	100043842	Scgb2b11
chr7	32325286	32327245	-	668379	Scgb2b12
chr7	32334182	32335501	+	668381	Scgb1b12
chr7	32441541	32442844	+	384589	Scgb1b29
chr7	32827683	33056552	-	624439	Scgb2b15
chr7	33171892	33173861	-	100043856	Scgb2b18
chr7	33278366	33280341	-	545947	Scgb2b19
chr7	33287307	33288491	+	434676	Scgb1b19
chr7	33364343	33366319	-	494519	Scgb2b20
chr7	33373234	33374559	+	545948	Scgb1b20
chr7	33518488	33520455	-	626970	Scgb2b21
chr7	33625145	33653281	-	353109	Scgb2b23-ps
chr7	33737193	33739295	-	233090	Scgb2b24
chr7	33743799	33745103	+	100043860	Scgb1b24
chr7	33942997	33944985	-	110187	Scgb2b26
chr7	34011919	34013942	-	233099	Scgb2b27
chr7	34021567	34022881	+	11354	Scgb1b27
chr7	34095431	34100837	+	100043868	Scgb1b30
chr7	34109547	34133268	-	101543	Wtip
chr7	34140697	34168529	-	50995	Uba2
chr7	34184497	34196647	-	68079	Pdcd2l
chr7	34201327	34230336	-	14751	Gpi1
chr7	34236714	34313522	-	233103	4931406P16Rik
chr7	34344719	34389540	-	67070	Lsm14a
chr7	34639015	34655509	-	233107	Kctd15
chr7	34674468	34812711	-	68947	Chst8
chr7	34912407	35044708	+	18624	Pepd
chr7	35046422	35056566	-	12611	Cebpg
chr7	35119293	35121928	+	12606	Cebpa
chr7	35186385	35201111	+	53896	Slc7a10
chr7	35200878	35215345	-	435965	Lrp3
chr7	35276544	35318440	-	67471	Gpatch1
chr7	35334237	35392287	+	52428	Rhpn2
chr7	35392152	35396767	-	101831	Faap24
chr7	35397093	35438684	+	72140	Cep89
chr7	35449092	35466034	+	30962	Slc7a9
chr7	35493610	35537744	-	71981	Tdrd12
chr7	35547185	35555928	-	110959	Nudt19
chr7	35578993	35585582	-	243923	Rgs9bp
chr7	35586247	35639237	+	245886	Ankrd27
chr7	35641985	35647482	-	56330	Pdcd5
chr7	35685500	35754454	-	233115	Dpy19l3
chr7	35772346	35802989	-	668501	Zfp507
chr7	35802592	35838074	+	78547	E130304I02Rik
chr7	36698118	36773457	+	243931	Tshz3
chr7	37318643	37773575	-	243937	Zfp536
chr7	37959992	38023551	-	19777	Uri1
chr7	38097984	38107490	-	12447	Ccne1
chr7	38183217	38197568	+	72244	1600014C10Rik
chr7	38220654	38227994	-	72287	Plekhf1
chr7	38262820	38271348	-	66161	Pop4
chr7	38379383	38443215	+	545951	Gm28453
chr7	38518139	38528193	-	434171	Gm5591
chr7	38762406	38770304	-	100861861	Gm21276
chr7	39407294	39413160	-	330513	Gm5114
chr7	39449518	39477416	+	233147	Zfp939
chr7	39517766	39540415	+	70227	Zfp619
chr7	40674737	40691260	+	71029	4933402C06Rik
chr7	40849153	40898324	-	320210	A230077H06Rik
chr7	40899278	40929968	+	58188	Vstm2b
chr7	40987609	40994833	+	243944	4930433I11Rik
chr7	41032719	41045302	+	233164	Gm4884
chr7	41060617	41089843	-	77001	1700110I07Rik
chr7	41284327	41290183	+	434172	Gm5592
chr7	41372930	41393379	-	233168	AI987944
chr7	41399732	41448641	-	269902	Vmn2r57
chr7	41478874	41499890	-	101835	AW146154
chr7	41633531	41651534	+	67607	Zfp788
chr7	41668014	41727193	+	75835	Vmn2r-ps54
chr7	41836881	41872670	-	628422	Vmn2r58
chr7	42011792	42058981	-	628444	Vmn2r59
chr7	42116471	42195776	+	637898	Vmn2r60
chr7	42260053	42300755	+	637873	Vmn2r61
chr7	42430105	42430369	-	628490	Vmn2r-ps60
chr7	42445462	42448080	-	71162	4933421I07Rik
chr7	42473386	42505753	-	434178	Zfp141
chr7	42609526	42642604	-	208111	Zfp976
chr7	42660108	42692718	-	434179	Zfp975
chr7	42764438	42793496	-	546964	Vmn2r62
chr7	42816827	42867234	-	100039706	Gm2381
chr7	42903251	42933789	-	435975	Vmn2r63
chr7	43018798	43048106	+	668612	Gm9268
chr7	43177588	43192109	+	668620	Zfp936
chr7	43214039	43226842	+	100170401	EU599041
chr7	43296523	43313261	-	69930	Zfp715
chr7	43351341	43359470	+	233186	Siglecf
chr7	43408280	43418349	+	243958	Siglecg
chr7	43430101	43435991	+	233187	Lim2
chr7	43437138	43438246	+	72310	Nkg7
chr7	43440816	43443320	+	74276	Cldnd2
chr7	43444072	43457800	+	110826	Etfb
chr7	43457497	43457569	+	102465636	Mir7051
chr7	43463233	43472014	+	75690	Vsig10l
chr7	43472907	43490023	-	210094	Iglon5
chr7	43492044	43505938	-	74054	4931406B18Rik
chr7	43527456	43533171	-	12489	Cd33
chr7	43562370	43575461	+	210104	Zfp658
chr7	43579586	43593710	+	210105	Zfp719
chr7	43607169	43618279	+	74400	Zfp819
chr7	43634739	43649295	+	72431	Ceacam18
chr7	43651070	43660161	-	83382	Siglece
chr7	43672031	43678298	+	233189	Ctu1
chr7	43690418	43695536	+	317653	Klk14
chr7	43695209	43797945	-	100504720	2310002F09Rik
chr7	43712567	43726758	+	626834	Klk13
chr7	43769100	43773481	+	69511	Klk12
chr7	43774617	43779263	+	56538	Klk11
chr7	43781054	43785410	+	69540	Klk10
chr7	43791891	43796756	+	101533	Klk9
chr7	43797577	43803826	+	259277	Klk8
chr7	43811294	43816387	+	23993	Klk7
chr7	43824544	43832027	+	19144	Klk6
chr7	43842269	43851181	+	68668	Klk5
chr7	43881172	43885804	+	56640	Klk4
chr7	43933771	43939590	+	317652	Klk15
chr7	43945012	43945927	+	16604	Klk1b7-ps
chr7	43950666	43954944	+	16624	Klk1b8
chr7	43966751	43971318	+	16623	Klk1b1
chr7	43976061	43980376	+	13648	Klk1b9
chr7	43995877	43999875	+	16613	Klk1b11
chr7	44012678	44016969	+	16618	Klk1b26
chr7	44052290	44056712	+	16619	Klk1b27
chr7	44102292	44106583	+	16616	Klk1b21
chr7	44112673	44116922	+	13646	Klk1b22
chr7	44137290	44141610	+	16615	Klk1b16
chr7	44188236	44192452	+	16617	Klk1b24
chr7	44198191	44202351	+	18050	Klk1b3
chr7	44207433	44211754	+	18048	Klk1b4
chr7	44216474	44220703	+	16622	Klk1b5
chr7	44225360	44229622	+	16612	Klk1
chr7	44229929	44236122	-	70004	1700028J19Rik
chr7	44246722	44252319	+	668661	2410002F23Rik
chr7	44249855	44249938	+	100217434	Snord88c
chr7	44250150	44250221	+	100217433	Snord88a
chr7	44253087	44257204	-	100503991	Acp4
chr7	44261478	44261891	+	628854	Gm15517
chr7	44303766	44306959	-	20256	Clec11a
chr7	44310264	44358353	+	243961	Shank1
chr7	44360043	44375030	-	69349	1700008O03Rik
chr7	44384126	44400030	+	20981	Syt3
chr7	44442487	44463351	+	272381	Lrrc4b
chr7	44465435	44467751	+	68352	Aspdh
chr7	44467980	44471658	+	66124	Josd2
chr7	44470347	44470411	+	102465637	Mir7052
chr7	44484517	44485413	+	71368	5430431A17Rik
chr7	44489938	44496513	-	69683	Emc10
chr7	44496588	44501134	+	75538	Fam71e1
chr7	44501699	44524669	-	233199	Mybpc2
chr7	44525995	44532071	-	272382	Spib
chr7	44532744	44548815	-	18971	Pold1
chr7	44538106	44538178	-	102466796	Mir7053
chr7	44549616	44553965	-	22260	Nr1h2
chr7	44572445	44586846	+	16541	Napsa
chr7	44590886	44604751	+	16504	Kcnc3
chr7	44605803	44670843	-	71960	Myh14
chr7	44708743	44719844	+	75510	Izumo2
chr7	44731482	44748617	-	243963	Zfp473
chr7	44748629	44777515	+	101568	Vrk3
chr7	44812256	44816658	-	107503	Atf5
chr7	44816088	44831836	+	18226	Nup62
chr7	44816088	44840809	+	100328588	Il4i1b
chr7	44836288	44840809	+	14204	Il4i1
chr7	44840776	44849079	-	233204	Tbc1d17
chr7	44849224	44855421	+	67605	Akt1s1
chr7	44849699	44849771	+	735269	Mir707
chr7	44857146	44862929	+	59047	Pnkp
chr7	44863068	44869788	-	84113	Ptov1
chr7	44876765	44892403	-	75613	Med25
chr7	44896079	44900624	+	70300	Fuz
chr7	44900373	44929490	-	11771	Ap2a1
chr7	44943240	44958035	+	22116	Tsks
chr7	44958484	44974851	-	78070	Cpt1c
chr7	44976755	44986420	-	15469	Prmt1
chr7	44986900	44994601	+	100502630	Gm15545
chr7	44991222	44998712	-	75736	Bcl2l12
chr7	44997648	45002848	+	54131	Irf3
chr7	45002950	45016249	-	233208	Scaf1
chr7	45012426	45012487	-	102466218	Mir7054
chr7	45018007	45021644	+	20130	Rras
chr7	45027707	45052881	-	233210	Prr12
chr7	45053604	45062422	-	65116	Prrg2
chr7	45062429	45078503	+	66394	Nosip
chr7	45082914	45092213	-	52377	Rcn3
chr7	45092993	45103822	-	14132	Fcgrt
chr7	45121757	45121821	+	387168	Mir150
chr7	45122388	45124389	-	27207	Rps11
chr7	45123025	45123111	-	27212	Snord35b
chr7	45125563	45136284	-	22121	Rpl13a
chr7	45126347	45126435	-	27211	Snord35a
chr7	45126603	45126668	-	27210	Snord34
chr7	45126864	45126991	-	27208	Snord33
chr7	45131189	45136432	-	14256	Flt3l
chr7	45141840	45154538	-	69748	Aldh16a1
chr7	45154303	45160064	+	68845	Pih1d1
chr7	45163921	45176139	+	72961	Slc17a7
chr7	45173303	45173361	+	102465638	Mir7055
chr7	45176349	45179597	-	100039953	Gfy
chr7	45180995	45181838	+	114640	Pth2
chr7	45183676	45204892	-	384619	Ccdc155
chr7	45207525	45211883	-	50722	Dkkl1
chr7	45215753	45233619	+	21677	Tead2
chr7	45233632	45239115	-	12493	Cd37
chr7	45240753	45273365	+	381884	Slc6a16
chr7	45282726	45288993	+	76713	Slc6a21
chr7	45303155	45333780	-	68667	Trpm4
chr7	45324958	45325651	+	100040970	Rpl14-ps1
chr7	45335269	45338973	+	15464	Hrc
chr7	45339122	45367019	-	76787	Ppfia3
chr7	45366163	45367948	+	50994	Mtag2
chr7	45367891	45370564	-	22342	Lin7b
chr7	45376454	45395742	-	20637	Snrnp70
chr7	45405960	45411382	+	16495	Kcna7
chr7	45413695	45417179	+	78405	Ntf5
chr7	45420946	45421854	+	16866	Lhb
chr7	45421898	45434464	-	20174	Ruvbl2
chr7	45434839	45456617	+	14936	Gys1
chr7	45457944	45459886	-	14325	Ftl1
chr7	45461695	45466898	-	12028	Bax
chr7	45473563	45488796	-	71755	Dhdh
chr7	45486262	45523632	+	56734	Tulp2
chr7	45492674	45510408	-	18220	Nucb1
chr7	45522917	45526268	-	17872	Ppp1r15a
chr7	45526330	45554229	+	69217	Plekha4
chr7	45554928	45567321	+	66065	Hsd17b14
chr7	45567795	45575176	-	71661	0610005C13Rik
chr7	45570153	45589710	+	12036	Bcat2
chr7	45613890	45615490	-	56636	Fgf21
chr7	45617606	45621059	+	14343	Fut1
chr7	45621811	45627906	+	73456	Izumo1
chr7	45627537	45639092	+	69903	Rasip1
chr7	45635680	45638758	-	100126243	A030001D20Rik
chr7	45639977	45645768	+	74490	Mamstr
chr7	45648591	45666394	-	14344	Fut2
chr7	45677686	45694402	-	56546	Sec1
chr7	45684022	45694556	+	243967	Ntn5
chr7	45699967	45704671	+	12348	Car11
chr7	45705247	45710203	+	13170	Dbp
chr7	45709463	45718002	-	56632	Sphk2
chr7	45716148	45720835	+	19899	Rpl18
chr7	45721220	45729492	+	73813	Fam83e
chr7	45725107	45725816	-	69363	Spaca4
chr7	45729983	45759555	-	54200	Sult2b1
chr7	45782932	45783994	-	545963	Gm5897
chr7	45783947	45804144	+	381983	Lmtk3
chr7	45806637	45814316	-	19158	Cyth2
chr7	45816467	45824747	-	211480	Kcnj14
chr7	45825223	45830944	-	101612	Grwd1
chr7	45832483	45866681	-	14814	Grin2d
chr7	45872840	45883726	+	68137	Kdelr1
chr7	45886845	45896711	-	58867	Syngr4
chr7	45897069	45917413	+	70209	Tmem143
chr7	45918023	45921426	-	13732	Emp3
chr7	45924072	45948956	+	211535	Ccdc114
chr7	45976380	46030286	-	27421	Abcc6
chr7	46033696	46084212	+	211548	Nomo1
chr7	46097123	46100764	-	16514	Kcnj11
chr7	46104523	46180033	-	20927	Abcc8
chr7	46195351	46238490	-	72088	Ush1c
chr7	46240987	46311434	+	18419	Otog
chr7	46371403	46372492	+	105447647	Gm45923
chr7	46376474	46379092	+	17927	Myod1
chr7	46396468	46438704	+	16502	Kcnc1
chr7	46443159	46639807	-	27414	Sergef
chr7	46644641	46672537	-	21990	Tph1
chr7	46686108	46710651	-	78935	Saal1
chr7	46711998	46715676	-	20210	Saa3
chr7	46727998	46732543	-	20211	Saa4
chr7	46740499	46742980	-	20208	Saa1
chr7	46751833	46754314	+	20209	Saa2
chr7	46760466	46795999	-	246694	Hps5
chr7	46796094	46823800	+	14884	Gtf2h1
chr7	46845804	46855627	+	16828	Ldha
chr7	46861263	46878142	+	16833	Ldhc
chr7	46889027	46919930	-	22088	Tsg101
chr7	46923216	46958518	-	54122	Uevld
chr7	46967747	46975911	-	97402	C86187
chr7	46976632	46987803	+	629141	Gm9999
chr7	46990396	47008414	-	101685	Spty2d1
chr7	47050640	47054776	+	67893	Tmem86a
chr7	47077798	47133684	-	19259	Ptpn5
chr7	47083166	47083224	-	102465639	Mir7056
chr7	47185717	47189416	-	381886	Mrgpra6
chr7	47234919	47252848	-	668725	Mrgpra9
chr7	47334875	47354240	-	233221	Mrgpra1
chr7	47426328	47452139	-	668727	Mrgpra2a
chr7	47463807	47489582	-	235712	Mrgpra2b
chr7	47588950	47601372	-	233222	Mrgpra3
chr7	47980794	47982296	-	235854	Mrgpra4
chr7	48020971	48027597	-	404242	Mrgprx1
chr7	48168017	48168985	-	404239	Mrgprb5
chr7	48198213	48199178	-	233230	Mrgprb4
chr7	48388526	48389648	+	404240	Mrgprb8
chr7	48444113	48456342	-	233231	Mrgprb1
chr7	48478619	48499270	-	243978	Mrgprx2
chr7	48550965	48558086	-	243979	Mrgprb2
chr7	48642863	48643801	-	404238	Mrgprb3
chr7	48789003	48827437	+	243983	Zdhhc13
chr7	48830398	48848051	-	13009	Csrp3
chr7	48866429	48881596	-	108961	E2f8
chr7	48881300	48886608	+	108167326	Gm2788
chr7	48959073	49610088	+	78286	Nav2
chr7	49122334	49159819	-	108167511	9130015G15Rik
chr7	49631499	49636835	-	13172	Dbx1
chr7	49759106	49773999	+	53415	Htatip2
chr7	49778358	49858265	+	71974	Prmt3
chr7	49910299	49959493	+	104245	Slc6a5
chr7	49975350	50863289	+	338352	Nell1
chr7	50517309	50575884	-	73515	Nell1os
chr7	50599190	50600528	+	243996	4933405O20Rik
chr7	51511029	51598707	+	233246	Ano5
chr7	51621830	51671126	+	140919	Slc17a6
chr7	51860577	51862267	-	100040608	Fancf
chr7	51862015	51994458	+	14453	Gas2
chr7	51997161	52006018	-	75744	Svip
chr7	52011680	52015716	-	100503036	1700015G11Rik
chr7	53891761	53891889	-	102466619	Mir6238
chr7	54835245	55268888	+	233271	Luzp2
chr7	55768178	55778925	+	233274	Siglech
chr7	55794148	55831447	+	233276	Tubgcp5
chr7	55842027	55932633	+	20430	Cyfip1
chr7	55931266	55962493	-	93790	Nipa2
chr7	55962531	55980096	+	320845	A230056P14Rik
chr7	55978484	56019573	-	233280	Nipa1
chr7	56050155	56231800	+	15204	Herc2
chr7	56239771	56536517	+	18431	Oca2
chr7	56724242	57386871	-	14407	Gabrg3
chr7	57387272	57409941	+	791383	Gm9962
chr7	57407669	57510059	-	110886	Gabra5
chr7	57581061	57581162	+	102466156	Mir6389
chr7	57590518	57828802	+	14402	Gabrb3
chr7	58658202	58829426	+	11982	Atp10a
chr7	59228750	59306727	+	22215	Ube3a
chr7	59307924	59974431	-	52480	Snhg14
chr7	59619158	59678878	-	16353	Ipw
chr7	59675990	59676079	-	64243	Snord116
chr7	59978811	59978856	-	100217429	Snord64
chr7	59982501	60005156	-	84704	Snurf
chr7	59982501	60450177	-	20646	Snrpn
chr7	61529410	61615327	-	319752	B230209E15Rik
chr7	61683124	61683192	-	100526544	Mir344d-1
chr7	61685272	61685351	-	100526531	Mir344d-2
chr7	61705850	61928195	-	319893	A230057D06Rik
chr7	61726249	61726328	-	100526543	Mir344d-3
chr7	61735537	61735602	-	100526541	Mir344e
chr7	61739350	61742425	-	100885840	Mir344h-1
chr7	61790519	61790581	-	100526558	Mir344b
chr7	61837311	61837402	-	100526506	Mir344c
chr7	61877770	61877864	-	723931	Mir344
chr7	61930137	61982303	-	320026	A330076H08Rik
chr7	61940027	61940106	-	100124439	Mir344-2
chr7	61982289	61982359	-	100526507	Mir344g
chr7	62046181	62046248	-	100526527	Mir344f
chr7	62085223	62085310	-	100885843	Mir344i
chr7	62348277	62349928	+	17984	Ndn
chr7	62376979	62381640	+	27385	Magel2
chr7	62417593	62420139	-	22652	Mkrn3
chr7	62461871	62464510	-	27412	Peg12
chr7	63098692	63212526	-	11441	Chrna7
chr7	63344692	63444529	-	77631	4930554H23Rik
chr7	63444772	63759027	+	170711	Otud7a
chr7	63886351	63938915	-	50794	Klf13
chr7	63916857	63920539	+	381994	E030018B13Rik
chr7	64153835	64269772	+	17364	Trpm1
chr7	64205806	64205911	+	387207	Mir211
chr7	64249983	64250099	-	102465226	Mir6416
chr7	64287670	64340806	+	233315	Mtmr10
chr7	64346758	64374095	-	330554	Fan1
chr7	64376541	64392236	-	67973	Mphosph10
chr7	64392771	64412119	+	73724	Mcee
chr7	64501706	64753878	+	11784	Apba2
chr7	64756096	65156528	-	70638	Fam189a1
chr7	64871650	64873040	-	66647	Nsmce3
chr7	65296165	65371244	-	21872	Tjp1
chr7	65582031	65619347	+	407810	BC046251
chr7	65644898	65692093	+	272396	Tarsl2
chr7	65693062	65701913	+	68634	Tm2d3
chr7	65804052	65806223	+	100503969	1810008I18Rik
chr7	65862136	66050386	+	18553	Pcsk6
chr7	66060336	66074587	+	68981	Snrpa1
chr7	66079649	66089405	+	109815	Selenos
chr7	66109515	66173798	+	269941	Chsy1
chr7	66258745	66388341	-	233328	Lrrk1
chr7	66381667	66381724	-	102465640	Mir7057
chr7	66390892	66427477	-	56847	Aldh1a3
chr7	66644565	66689561	-	117589	Asb7
chr7	66689889	66717256	+	72635	Lins1
chr7	66743504	66823692	+	545975	Cers3
chr7	66839735	67152625	+	233332	Adamts17
chr7	67204082	67222536	-	76628	1700112J16Rik
chr7	67222544	67228468	+	75099	Lysmd4
chr7	67231163	67372858	-	17258	Mef2a
chr7	67513410	67645236	-	67867	Lrrc28
chr7	67647410	67726576	+	67009	Ttc23
chr7	67730161	67759742	-	233335	Synm
chr7	67784538	67803496	-	73904	4833412C05Rik
chr7	67952257	68233667	+	16001	Igf1r
chr7	68236608	68264233	-	78444	Pgpep1l
chr7	68266339	68276594	-	100504026	Gm16157
chr7	68273839	68363089	+	434197	Fam169b
chr7	68417424	68426133	+	71244	4933436H12Rik
chr7	68618456	68620009	+	384639	Gm5334
chr7	68736994	68749238	-	66412	Arrdc4
chr7	69496094	69499689	+	73796	4930402F11Rik
chr7	70178868	70337852	-	624549	Gm29683
chr7	70351950	70366746	-	11819	Nr2f2
chr7	70365383	70411146	+	434198	B130024G19Rik
chr7	71909695	71939191	+	78156	4930441H08Rik
chr7	71947527	71962018	-	102640608	Gm36633
chr7	71961175	72027317	+	75451	1700011C11Rik
chr7	72077830	72306595	-	244049	Mctp2
chr7	73097752	73102068	-	625243	Gm6567
chr7	73310380	73315193	+	100505025	4930429H19Rik
chr7	73313806	73375774	-	319783	A730056A06Rik
chr7	73375520	73419899	+	244058	Rgma
chr7	73426652	73541746	-	244059	Chd2
chr7	73685492	73686563	-	244061	Gm4971
chr7	73740307	73776919	+	100038347	Fam174b
chr7	73781429	73816503	-	100579147	Gm10619
chr7	73819590	73819641	+	102465712	Mir7234
chr7	73825924	73836549	+	100861851	Gm21269
chr7	73939119	74013682	-	20450	St8sia2
chr7	74275418	74554780	-	108116	Slco3a1
chr7	75030211	75075166	+	75205	4930533N22Rik
chr7	75114894	75309262	-	64176	Sv2b
chr7	75308696	75331419	+	68954	1500012K07Rik
chr7	75455534	75754609	+	75547	Akap13
chr7	75848338	75874130	+	207952	Klhl25
chr7	76229887	77124698	+	244071	Agbl1
chr7	78192114	78577838	-	18213	Ntrk3
chr7	78581066	78738012	-	414121	E430016F16Rik
chr7	78775341	78783089	-	67308	Mrpl46
chr7	78783131	78792988	+	67994	Mrps11
chr7	78827474	78847211	-	76375	Det1
chr7	78888277	78888373	+	723884	Mir7-2
chr7	78895927	78908833	+	68048	Aen
chr7	78913424	78920396	+	57444	Isg20
chr7	79018053	79053323	-	102633600	Gm26633
chr7	79053483	79115099	+	11595	Acan
chr7	79117027	79131018	-	67666	Hapln3
chr7	79133768	79149060	-	17304	Mfge8
chr7	79273266	79361601	+	54608	Abhd2
chr7	79374870	79387027	-	19771	Rlbp1
chr7	79392338	79450264	+	208836	Fanci
chr7	79449383	79466273	-	18975	Polg
chr7	79500026	79534403	+	101694	Mir9-3hg
chr7	79505264	79505353	+	723968	Mir9-3
chr7	79593363	79617657	-	56315	Rhcg
chr7	79660196	79698148	+	77011	Ticrr
chr7	79698098	79714186	-	16576	Kif7
chr7	79721164	79732776	-	103968	Plin1
chr7	79737264	79743025	-	18631	Pex11a
chr7	79743163	79785950	+	626359	Wdr93
chr7	79792241	79793590	-	17292	Mesp1
chr7	79810727	79813431	+	17293	Mesp2
chr7	79821803	79848194	-	16790	Anpep
chr7	79875325	79920640	-	11778	Ap3s2
chr7	79925359	79935264	-	70420	Arpin
chr7	80024814	80092751	+	209225	Zfp710
chr7	80062710	80075257	-	100859962	Gm21057
chr7	80094846	80115350	-	269951	Idh2
chr7	80186841	80226524	+	20352	Sema4b
chr7	80227156	80232805	-	23991	Cib1
chr7	80232893	80241420	+	269952	Gdpgp1
chr7	80246376	80260821	+	269954	Ttll13
chr7	80261215	80265378	+	83485	Ngrn
chr7	80269655	80291579	+	233405	Vps33b
chr7	80294451	80316259	+	233406	Prc1
chr7	80316616	80324454	-	269955	Rccd1
chr7	80325292	80340219	-	101869	Unc45a
chr7	80343137	80346097	+	68695	Hddc3
chr7	80349097	80371375	-	140481	Man2a2
chr7	80377758	80387946	-	14159	Fes
chr7	80389194	80405436	-	18550	Furin
chr7	80454993	80535119	-	12144	Blm
chr7	80586632	80688877	-	70461	Crtc3
chr7	80636017	80644384	+	100504375	Gm15880
chr7	80711583	80803331	-	29875	Iqgap1
chr7	80860979	80876514	+	22691	Zscan2
chr7	80890723	80901269	-	71968	Wdr73
chr7	80902227	80905062	-	68039	Nmb
chr7	80915379	80947550	-	56529	Sec11a
chr7	80993684	81045162	+	233410	Zfp592
chr7	81057600	81105612	+	116904	Alpk3
chr7	81114799	81170416	+	434203	Slc28a1
chr7	81213804	81333622	+	18584	Pde8a
chr7	81342733	81345234	-	20068	Rps17
chr7	81347026	81454758	-	12877	Cpeb1
chr7	81460399	81493925	-	11775	Ap3b2
chr7	81494274	81498330	-	210321	BC048679
chr7	81523550	81531640	+	100504421	2900076A07Rik
chr7	81529916	81529988	+	100316717	Mir1839
chr7	81534354	81566981	-	244091	Fsd2
chr7	81571292	81596836	+	434204	Whamm
chr7	81600481	81707527	-	26557	Homer2
chr7	81762953	81769490	+	67148	Ramac
chr7	81782187	81789453	-	67290	3110040N11Rik
chr7	81792074	81829431	-	83962	Btbd1
chr7	81859001	81884079	+	107769	Tm6sf1
chr7	81881256	81934459	-	29877	Hdgfl3
chr7	81966662	81992299	-	12173	Bnc1
chr7	82070387	82081758	+	434205	Gm20744
chr7	82259908	82307420	+	20408	Sh3gl3
chr7	82335694	82614448	+	269959	Adamtsl3
chr7	82632960	82648528	-	330577	Saxo2
chr7	82648614	82777852	+	101592	Efl1
chr7	82743346	82755644	-	77800	4933406J10Rik
chr7	82867333	82871576	+	108797	Mex3b
chr7	82937938	82971391	-	71285	4933430H16Rik
chr7	83148470	83178694	+	330578	A530021J07Rik
chr7	83584931	83623709	+	233424	Tmc3
chr7	83632017	83642328	+	170460	Stard5
chr7	83643063	83745726	-	16170	Il16
chr7	83775617	83794839	-	75556	Cfap161
chr7	83880495	83884341	-	80889	Tlnrd1
chr7	83892000	83901532	+	67943	Mesd
chr7	83932857	84086505	-	80982	Cemip
chr7	84109356	84151893	-	70178	Abhd17c
chr7	84246275	84410038	-	11864	Arnt2
chr7	84528954	84578339	+	100039239	Gm2115
chr7	84585159	84605942	-	14085	Fah
chr7	84615054	84689853	-	65098	Zfand6
chr7	84689640	84776549	+	72495	2610206C17Rik
chr7	84853571	84857318	+	258410	Olfr291
chr7	84915781	84916728	+	258411	Olfr290
chr7	84940169	84964009	-	100009609	Vmn2r65
chr7	84994645	85012020	-	233437	Vmn2r66
chr7	85136240	85155902	-	620672	Vmn2r67
chr7	85221518	85237704	-	620697	Vmn2r68
chr7	85406376	85415676	-	330581	Vmn2r69
chr7	85558703	85569088	-	670940	Vmn2r70
chr7	85615462	85624547	+	233445	Vmn2r71
chr7	85737784	85754981	-	244114	Vmn2r72
chr7	85857547	85875938	-	620928	Vmn2r73
chr7	85951867	85961482	-	546980	Vmn2r74
chr7	86148042	86171724	-	546981	Vmn2r75
chr7	86225206	86246201	-	675969	Vmn2r76
chr7	86268730	86269811	-	258222	Olfr310
chr7	86306185	86307111	-	258196	Olfr309
chr7	86321024	86321950	-	258614	Olfr308
chr7	86335453	86336394	-	258610	Olfr307
chr7	86363376	86364335	-	258609	Olfr305
chr7	86385657	86386658	-	258089	Olfr304
chr7	86394537	86395496	-	258612	Olfr303
chr7	86403849	86413299	+	257958	Olfr301
chr7	86465413	86466405	+	257929	Olfr299
chr7	86488551	86489549	-	257905	Olfr298
chr7	86526759	86527691	+	258611	Olfr297
chr7	86585277	86586206	+	258850	Olfr295
chr7	86615636	86616643	-	257904	Olfr294
chr7	86663664	86664674	+	257906	Olfr293
chr7	86688341	86695384	+	258613	Olfr292
chr7	86718976	86775864	-	53320	Folh1
chr7	86795141	86812032	+	546983	Vmn2r77
chr7	86915349	86955177	+	637896	Vmn2r78
chr7	86996465	87037968	+	621430	Vmn2r79
chr7	87246649	87398710	+	50490	Nox4
chr7	87424771	87493512	-	22173	Tyr
chr7	87584168	88135063	+	108071	Grm5
chr7	88278085	88315861	+	13032	Ctsc
chr7	88430273	88491572	+	72433	Rab38
chr7	89139721	89338787	-	72759	Tmem135
chr7	89404366	89410110	+	14366	Fzd4
chr7	89426306	89432077	+	101521	AI314278
chr7	89507785	89527175	-	76453	Prss23
chr7	89632505	89854359	+	109264	Me3
chr7	89866148	89903629	-	70884	Ccdc81
chr7	89918685	89941204	-	67669	Hikeshi
chr7	89954654	89980976	-	13626	Eed
chr7	90029159	90049071	+	319711	E230029C05Rik
chr7	90124836	90129936	-	78329	2310010J17Rik
chr7	90130232	90209447	+	233489	Picalm
chr7	90223878	90265432	-	75338	Ccdc83
chr7	90302355	90410719	+	83671	Sytl2
chr7	90426312	90428664	+	70054	Ccdc89
chr7	90442781	90448043	+	233490	Crebzf
chr7	90450712	90457208	-	66271	Tmem126a
chr7	90468833	90475995	-	68472	Tmem126b
chr7	91090786	92449246	+	23859	Dlg2
chr7	92092206	92119511	-	75845	4930567K12Rik
chr7	92561149	92582294	+	66365	Ccdc90b
chr7	92581723	92637142	-	73845	Ankrd42
chr7	92643712	92669912	-	74737	Pcf11
chr7	92740706	92741459	-	666737	4632427E13Rik
chr7	92741714	92837117	+	75985	Rab30
chr7	92857526	92874232	-	74041	Ddias
chr7	92875253	92934581	+	72461	Prcp
chr7	96171244	96911093	+	23966	Tenm4
chr7	96249424	96249532	+	735284	Mir708
chr7	96305667	96305765	+	102465210	Mir6394
chr7	96339483	96341964	-	670727	Gm15412
chr7	96791433	96801549	-	791381	Gm15413
chr7	96951527	97064758	+	244141	Nars2
chr7	97081751	97308951	+	14389	Gab2
chr7	97309380	97325964	-	244144	Usp35
chr7	97332323	97350216	+	622320	Kctd21
chr7	97371617	97392159	+	381903	Alg8
chr7	97400003	97407800	+	68197	Ndufc2
chr7	97412933	97417550	-	21835	Thrsp
chr7	97451334	97459557	+	233529	Kctd14
chr7	97480956	97541398	+	101861	Ints4
chr7	97550331	97579497	-	66273	Aamdc
chr7	97579896	97692782	+	233532	Rsf1
chr7	97598349	97645112	-	75448	Rsf1os1
chr7	97650010	97696621	-	102641859	Rsf1os2
chr7	97696657	97720793	+	12729	Clns1a
chr7	97726379	97738247	-	66333	Aqp11
chr7	97788541	97912381	+	18479	Pak1
chr7	97919958	98049663	+	233537	Gdpd4
chr7	98051054	98119493	-	17921	Myo7a
chr7	98121559	98178274	-	12337	Capn5
chr7	98143359	98145447	-	18378	Omp
chr7	98177194	98184804	+	330599	Gm16938
chr7	98192415	98199475	-	272411	B3gnt6
chr7	98213660	98309527	-	66190	Acer3
chr7	98350668	98361328	-	244152	Tsku
chr7	98440416	98477478	+	14918	Gucy2d
chr7	98494222	98501831	+	434215	Lrrc32
chr7	98590594	98656569	-	233545	Emsy
chr7	98703363	98718062	+	72981	Thap12
chr7	98835112	98854747	+	22411	Wnt11
chr7	98886743	99141144	-	78610	Uvrag
chr7	99153663	99182713	-	67800	Dgat2
chr7	99219084	99238611	-	233549	Mogat2
chr7	99260481	99267218	-	381967	Gm26705
chr7	99267447	99337137	+	17760	Map6
chr7	99345375	99353239	-	12406	Serpinh1
chr7	99381549	99460984	+	233552	Gdpd5
chr7	99466004	99474022	+	72184	Klhl35
chr7	99477896	99483709	-	27050	Rps3
chr7	99479563	99479707	-	449631	Snord15b
chr7	99482785	99482932	-	449630	Snord15a
chr7	99535486	99606771	+	109689	Arrb1
chr7	99552269	99552363	+	723840	Mir326
chr7	99624067	99627103	-	100503386	Tpbgl
chr7	99657804	99711340	-	101488	Slco2b1
chr7	99735145	99736095	+	259066	Olfr520
chr7	99767164	99768130	+	258353	Olfr521
chr7	99811439	99828417	-	50877	Neu3
chr7	99837569	99858883	-	66624	Spcs2
chr7	99859218	99917824	+	446101	Xrra1
chr7	99920254	99980458	-	108937	Rnf169
chr7	100006404	100034726	+	69121	Chrdl2
chr7	100082113	100121500	-	67967	Pold3
chr7	100159277	100160931	+	67164	Lipt2
chr7	100176670	100184869	+	57442	Kcne3
chr7	100227607	100278872	+	70974	Pgm2l1
chr7	100264544	100265561	+	14777	Gpx2-ps1
chr7	100285520	100319699	+	320452	P4ha3
chr7	100326737	100371896	-	72590	Ppme1
chr7	100372233	100470159	+	277939	C2cd3
chr7	100472991	100486432	+	22229	Ucp3
chr7	100493358	100499629	+	22228	Ucp2
chr7	100503020	100514815	-	69387	Dnajb13
chr7	100537100	100539812	+	68185	Coa4
chr7	100549117	100607996	-	52443	Mrpl48
chr7	100607586	100641268	+	19346	Rab6a
chr7	100643896	100662394	-	27276	Plekhb1
chr7	100706702	100841646	+	319604	Fam168a
chr7	100845848	100863413	-	320100	Relt
chr7	100869746	100932161	-	207212	Arhgef17
chr7	100882306	100882409	-	100526508	Mir3102
chr7	100937634	100964366	-	233571	P2ry6
chr7	100996568	101012053	-	18442	P2ry2
chr7	101108775	101284405	+	207278	Fchsd2
chr7	101289616	101302088	-	73683	Atg16l2
chr7	101317119	101346312	+	56018	Stard10
chr7	101348069	101412586	+	69710	Arap1
chr7	101421691	101512829	+	207728	Pde2a
chr7	101475376	101475443	+	387157	Mir139
chr7	101552453	101560865	-	11871	Art2a-ps
chr7	101578860	101581161	-	11872	Art2b
chr7	101663768	101795460	+	20480	Clpb
chr7	101818313	101822726	+	11859	Phox2a
chr7	101822632	101838226	-	16332	Inppl1
chr7	101839988	101857190	-	14276	Folr2
chr7	101858331	101870788	-	14275	Folr1
chr7	101881325	101901845	+	75430	Anapc15
chr7	101899803	101906359	-	791260	Tomt
chr7	101905837	101911903	+	66508	Lamtor1
chr7	101912989	101933857	-	69358	Lrrc51
chr7	101934111	102014959	+	101706	Numa1
chr7	102015077	102018690	-	16068	Il18bp
chr7	102019872	102065469	-	75212	Rnf121
chr7	102065491	102083762	+	102443350	Xndc1
chr7	102065491	102096864	+	102443351	Xntrpc
chr7	102083116	102096864	+	22064	Trpc2
chr7	102096879	102100229	-	11875	Art5
chr7	102101743	102113933	+	11870	Art1
chr7	102111266	102116713	-	504186	Chrna10
chr7	102119400	102210166	-	269966	Nup98
chr7	102210335	102238564	+	233575	Pgap2
chr7	102239123	102250118	-	56212	Rhog
chr7	102267824	102436860	+	20866	Stim1
chr7	102441695	102469771	+	20133	Rrm1
chr7	102476773	102477902	-	257947	Olfr543
chr7	102484114	102488307	-	257926	Olfr544
chr7	102493823	102494773	-	258837	Olfr545
chr7	102534749	102535688	+	259083	Olfr547
chr7	102554286	102555236	+	259105	Olfr549
chr7	102557920	102565482	-	20821	Trim21
chr7	102578469	102579506	+	259108	Olfr550
chr7	102587741	102588819	-	258750	Olfr551
chr7	102604356	102605309	+	259106	Olfr552
chr7	102614007	102614987	-	233578	Olfr553
chr7	102640248	102641201	+	258322	Olfr554
chr7	102658823	102659770	+	259107	Olfr555
chr7	102669901	102670923	+	258749	Olfr556
chr7	102677585	102687327	-	101700	Trim68
chr7	102698216	102699272	+	258358	Olfr557
chr7	102702323	102712054	+	259097	Olfr558
chr7	102713455	102714411	-	18332	Olfr33
chr7	102723532	102724488	-	259116	Olfr559
chr7	102740721	102759471	-	170639	Olfr78
chr7	102752983	102753927	-	259117	Olfr560
chr7	102774526	102775470	+	259096	Olfr561
chr7	102803480	102804430	+	258356	Olfr564
chr7	102856321	102857271	-	258168	Olfr566
chr7	102877122	102878063	+	259095	Olfr568
chr7	102887207	102888151	-	259092	Olfr569
chr7	102900369	102901307	+	259114	Olfr570
chr7	102908869	102909837	-	259089	Olfr571
chr7	102927630	102928586	+	259093	Olfr572
chr7	102948467	102949507	+	258357	Olfr574
chr7	102954664	102955620	-	259118	Olfr575
chr7	102965102	102966040	+	258248	Olfr576
chr7	102973052	102973990	-	259113	Olfr577
chr7	102984221	102985162	-	259119	Olfr578
chr7	103041481	103042440	+	259055	Olfr582
chr7	103051300	103052259	+	258752	Olfr583
chr7	103085520	103086479	+	259056	Olfr584
chr7	103097743	103098699	+	259091	Olfr585
chr7	103121829	103122782	-	259115	Olfr586
chr7	103154792	103155745	-	259054	Olfr589
chr7	103172691	103173635	-	258139	Olfr591
chr7	103186603	103187541	+	404317	Olfr592
chr7	103211862	103212845	+	258378	Olfr593
chr7	103219720	103220655	+	258246	Olfr594
chr7	103250086	103252505	-	384701	Usp17ld
chr7	103309723	103310661	+	100041187	Olfr596
chr7	103320413	103321360	+	258135	Olfr597
chr7	103328488	103329447	+	257975	Olfr598
chr7	103338056	103339003	+	258726	Olfr599
chr7	103345982	103346926	-	259048	Olfr600
chr7	103358224	103359213	-	258311	Olfr601
chr7	103383062	103384000	-	259073	Olfr603
chr7	103416696	103419174	+	13532	Usp17lc
chr7	103442140	103443150	-	258156	Olfr605
chr7	103451339	103452298	+	259098	Olfr606
chr7	103470041	103470991	+	258751	Olfr608
chr7	103491917	103492876	-	259086	Olfr609
chr7	103505997	103506944	-	259085	Olfr610
chr7	103517411	103518382	-	258722	Olfr611
chr7	103538261	103539232	-	545985	Olfr612
chr7	103550368	103555504	+	259104	Olfr613
chr7	103560479	103561420	+	259084	Olfr615
chr7	103564324	103565277	-	259103	Olfr616
chr7	103584024	103584980	+	258838	Olfr617
chr7	103597318	103598274	+	259049	Olfr618
chr7	103603589	103604712	+	259080	Olfr619
chr7	103611410	103612351	-	258808	Olfr620
chr7	103639185	103640138	-	259087	Olfr622
chr7	103660244	103661318	-	259126	Olfr623
chr7	103670103	103671029	-	258189	Olfr624
chr7	103716596	103717546	+	436002	Olfr243
chr7	103731928	103732878	+	259159	Olfr628
chr7	103740201	103741322	-	258818	Olfr629
chr7	103754150	103757350	-	259102	Olfr630
chr7	103767277	103771594	-	18370	Olfr69
chr7	103777396	103778343	-	18369	Olfr68
chr7	103787212	103791830	-	18368	Olfr67
chr7	103812524	103813923	-	15130	Hbb-b2
chr7	103826523	103827928	-	100503605	Hbb-bs
chr7	103839124	103840521	-	436003	Hbb-bh2
chr7	103841638	103843162	-	15132	Hbb-bh1
chr7	103851754	103853207	-	15135	Hbb-y
chr7	103881306	103882241	-	18367	Olfr66
chr7	103892810	103894471	-	18366	Olfr64
chr7	103906342	103907447	+	18365	Olfr65
chr7	103915062	103929911	+	258961	Olfr631
chr7	103937382	103938335	+	259123	Olfr632
chr7	103946568	103947506	+	258351	Olfr633
chr7	103979176	103980141	+	259122	Olfr635
chr7	104003259	104004224	+	259124	Olfr638
chr7	104011750	104012700	-	259088	Olfr639
chr7	104021372	104022316	-	258819	Olfr640
chr7	104039798	104040736	+	259075	Olfr641
chr7	104049408	104050352	-	258326	Olfr642
chr7	104058656	104059600	-	259081	Olfr643
chr7	104068085	104069029	-	259125	Olfr644
chr7	104084131	104085078	-	258247	Olfr645
chr7	104106281	104107219	+	259058	Olfr646
chr7	104127913	104129823	-	70980	Ubqln5
chr7	104140623	104143272	-	244178	Ubqln3
chr7	104148259	104150556	-	244179	Ubqlnl
chr7	104153013	104164816	-	244180	Olfm5
chr7	104179456	104180406	-	258746	Olfr648
chr7	104189267	104190205	-	259057	Olfr649
chr7	104218795	104235152	+	94088	Trim6
chr7	104244457	104340684	+	94094	Trim34a
chr7	104264447	104288106	-	667823	Trim5
chr7	104299897	104315495	-	76681	Trim12a
chr7	104315031	104324838	+	622070	Gm15133
chr7	104329471	104336617	+	434218	Trim34b
chr7	104338754	104353358	-	319236	Trim12c
chr7	104355382	104369884	-	244183	Trim30b
chr7	104409025	104465193	-	20128	Trim30a
chr7	104470014	104507849	-	209387	Trim30d
chr7	104532959	104535361	-	625321	Trim30e-ps1
chr7	104552884	104553952	+	258809	Olfr651
chr7	104564152	104565212	+	259050	Olfr652
chr7	104579624	104580669	+	57250	Olfr653
chr7	104587755	104588780	+	258377	Olfr654
chr7	104596253	104597179	-	258817	Olfr655
chr7	104617657	104618646	+	259078	Olfr656
chr7	104635676	104636635	+	258309	Olfr657
chr7	104642880	104647305	-	259051	Olfr658
chr7	104670704	104671672	+	259052	Olfr659
chr7	104688017	104688976	+	258743	Olfr661
chr7	104703569	104704603	+	257914	Olfr663
chr7	104768049	104777470	-	625530	Usp17le
chr7	104840257	104842504	-	381944	Usp17lb
chr7	104857016	104862667	+	13531	Usp17la
chr7	104880709	104881659	+	258810	Olfr665
chr7	104892670	104893626	-	259100	Olfr666
chr7	104916314	104917294	-	259062	Olfr667
chr7	104924806	104925762	-	259061	Olfr668
chr7	104938528	104939481	+	259045	Olfr669
chr7	104959792	104960730	-	384703	Olfr670
chr7	104975042	104975983	-	257910	Olfr671
chr7	104995964	104996902	-	258755	Olfr672
chr7	105024025	105024966	-	258147	Olfr675
chr7	105035200	105036153	+	259099	Olfr676
chr7	105056248	105057186	+	258355	Olfr677
chr7	105069469	105070410	+	258753	Olfr678
chr7	105085718	105086665	+	259046	Olfr679
chr7	105121459	105122406	+	404318	Olfr681
chr7	105143350	105144309	-	259047	Olfr683
chr7	105156742	105157680	-	244187	Olfr684
chr7	105180361	105181311	-	258160	Olfr685
chr7	105203388	105204341	-	259072	Olfr686
chr7	105288095	105289060	+	259161	Olfr688
chr7	105314006	105314968	+	258745	Olfr689
chr7	105329217	105330278	-	56860	Olfr690
chr7	105336746	105337714	-	259063	Olfr691
chr7	105368328	105369317	+	258352	Olfr692
chr7	105371211	105400054	-	74349	Fam160a2
chr7	105375098	105378287	+	100503879	Gm5901
chr7	105404568	105408738	+	233649	Cnga4
chr7	105425731	105436339	+	12426	Cckbr
chr7	105480616	105482197	-	109042	Cavin3
chr7	105554360	105558389	+	20597	Smpd1
chr7	105558465	105581653	-	11785	Apbb1
chr7	105591611	105600116	-	15458	Hpx
chr7	105604463	105633571	-	55992	Trim3
chr7	105634201	105640416	-	76932	Arfip2
chr7	105640540	105693671	+	14356	Timm10b
chr7	105731730	105737385	-	101867	Rrp8
chr7	105736590	105742925	+	16202	Ilk
chr7	105742894	105744338	-	24075	Taf10
chr7	105744811	105752235	-	12751	Tpp1
chr7	105752989	105787550	-	233651	Dchs1
chr7	105803782	105811087	-	27397	Mrpl17
chr7	105895118	105953967	-	100042856	Gm4070
chr7	105924344	105928691	-	100417829	Gm17757
chr7	106075731	106079148	-	668108	Gm8979
chr7	106156535	106215340	-	74558	Gvin1
chr7	106185743	106190099	-	100417831	Gm18853
chr7	106322396	106324528	-	668128	Gm8989
chr7	106421550	106441073	-	209380	Gm4759
chr7	106595549	106644645	-	434223	Gm1966
chr7	106677534	106678485	-	258445	Olfr693
chr7	106688782	106689729	-	258444	Olfr694
chr7	106713732	106716345	-	258591	Olfr695
chr7	106740905	106741956	-	258592	Olfr697
chr7	106752451	106753386	-	258595	Olfr698
chr7	106790049	106790999	-	258180	Olfr699
chr7	106805510	106806460	-	258593	Olfr700
chr7	106814129	106820709	+	66786	Olfr701
chr7	106823489	106826743	-	258590	Olfr702
chr7	106844613	106845572	+	258589	Olfr703
chr7	106864982	106865929	+	257902	Olfr704
chr7	106873293	106874243	-	259034	Olfr705
chr7	106885865	106886815	-	258350	Olfr706
chr7	106891184	106892107	-	194433	Olfr707
chr7	106944067	106948312	-	258594	Olfr710
chr7	106955984	106956934	-	233670	Olfr6
chr7	106971368	106975451	-	259037	Olfr711
chr7	107000875	107002605	-	18317	Olfr2
chr7	107036136	107037110	+	259036	Olfr713
chr7	107073830	107074783	+	259035	Olfr714
chr7	107097467	107098414	+	18314	Olfr17
chr7	107105912	107106859	-	384732	Olfr715b
chr7	107128352	107129482	-	258776	Olfr715
chr7	107147318	107148262	+	258597	Olfr716
chr7	107166990	107198103	+	76858	Nlrp14
chr7	107209445	107210916	+	76572	Rbmxl2
chr7	107370790	107548655	+	60510	Syt9
chr7	107567433	107591365	+	244198	Olfml1
chr7	107595051	107748583	+	19024	Ppfibp2
chr7	107748455	107758032	-	320635	Cyb5r2
chr7	107781544	107801179	-	244199	Ovch2
chr7	107814586	107815506	+	257919	Olfr467
chr7	107822523	107823467	-	258418	Olfr469
chr7	107844787	107845731	-	258417	Olfr470
chr7	107902719	107903651	+	258770	Olfr472
chr7	107933522	107934454	+	258771	Olfr473
chr7	107954643	107955575	+	258488	Olfr474
chr7	107967399	107968331	+	258926	Olfr476
chr7	107990367	107991299	+	258928	Olfr477
chr7	108054984	108055967	+	257891	Olfr479
chr7	108065768	108066796	-	56861	Olfr480
chr7	108080796	108081734	+	258927	Olfr481
chr7	108094597	108095568	-	258728	Olfr482
chr7	108103311	108104258	+	258730	Olfr483
chr7	108124296	108125261	-	258492	Olfr484
chr7	108158918	108159871	-	258041	Olfr485
chr7	108171798	108172742	-	258489	Olfr486
chr7	108211583	108212527	-	258042	Olfr487
chr7	108255192	108256136	-	258727	Olfr488
chr7	108286180	108287124	-	258491	Olfr490
chr7	108316896	108317828	+	258731	Olfr491
chr7	108322730	108323674	-	258490	Olfr492
chr7	108346035	108346979	-	258307	Olfr493
chr7	108367492	108368436	+	258732	Olfr494
chr7	108395122	108396114	+	258361	Olfr495
chr7	108422573	108423517	+	258733	Olfr497
chr7	108465326	108466318	+	258304	Olfr498
chr7	108523004	108523948	-	258734	Olfr502
chr7	108544527	108545498	+	259143	Olfr503
chr7	108564837	108565793	-	258163	Olfr504
chr7	108612309	108613253	+	258215	Olfr506
chr7	108621814	108622764	+	258738	Olfr507
chr7	108629994	108630926	+	258769	Olfr508
chr7	108645609	108646574	-	258369	Olfr509
chr7	108713355	108714335	+	258719	Olfr512
chr7	108754858	108755787	+	258718	Olfr513
chr7	108825065	108825997	-	258721	Olfr514
chr7	108845064	108846008	-	258720	Olfr516
chr7	108868208	108869152	-	258136	Olfr517
chr7	108880603	108881604	-	258303	Olfr518
chr7	108893461	108894405	-	277935	Olfr519
chr7	108921853	108930158	-	244202	Nlrp10
chr7	108934415	108941942	+	66085	Eif3f
chr7	108950338	109034459	+	22141	Tub
chr7	109034319	109083331	-	320360	Ric3
chr7	109138565	109175207	-	109594	Lmo1
chr7	109279216	109439053	-	117229	Stk33
chr7	109438618	109444895	+	74293	1700095J03Rik
chr7	109449001	109508134	-	330627	Trim66
chr7	109519195	109522369	+	26451	Rpl27a
chr7	109520132	109520251	+	100302499	Snora3
chr7	109523911	109617147	-	76954	St5
chr7	109703737	109712181	+	57373	Akip1
chr7	109712181	109723850	-	57355	BC051019
chr7	109727465	109731732	-	56787	Ascl3
chr7	109735836	109752875	-	56786	Tmem9b
chr7	109758056	109782025	-	78593	Nrip3
chr7	109798690	109865679	-	56788	Scube2
chr7	109893780	109960470	-	19347	Dennd5a
chr7	109972187	109986285	-	233724	Tmem41b
chr7	109998377	110006646	-	69781	1600010M07Rik
chr7	110018425	110055114	+	233726	Ipo7
chr7	110046364	110046547	+	100379145	Snora23
chr7	110061702	110095392	+	20841	Zfp143
chr7	110122059	110143299	+	22390	Wee1
chr7	110221703	110283506	+	20947	Swap70
chr7	110308013	110614920	-	319934	Sbf2
chr7	110627669	110629819	+	11535	Adm
chr7	110768206	110812409	+	11717	Ampd3
chr7	110816535	110844381	-	67150	Rnf141
chr7	110850607	110862953	-	114332	Lyve1
chr7	110868257	110982461	-	17540	Mrvi1
chr7	110904985	110905851	+	100504184	Gm16336
chr7	111028951	111056377	+	22083	Ctr9
chr7	111067985	111083030	-	13690	Eif4g2
chr7	111117673	111122703	-	75479	1700012D14Rik
chr7	111471661	111779977	-	233733	Galnt18
chr7	112023506	112111386	+	74996	Usp47
chr7	112116019	112159057	-	50781	Dkk3
chr7	112225836	112355194	+	320878	Mical2
chr7	112368308	112413104	+	100504195	Micalcl
chr7	112427706	112591688	+	57342	Parva
chr7	112526972	112535683	-	102636183	Parvaos
chr7	112679320	112906805	+	21676	Tead1
chr7	112953962	112957458	+	78748	Rassf10
chr7	113100236	113142023	-	75239	4930543E12Rik
chr7	113207465	113314126	+	11865	Arntl
chr7	113315644	113369339	-	68815	Btbd10
chr7	113385576	113388573	-	19226	Pth
chr7	113513834	113570888	+	67420	Far1
chr7	113538026	113564987	-	69295	Far1os
chr7	113765998	114043375	+	233744	Spon1
chr7	114046782	114117781	-	66922	Rras2
chr7	114215559	114254680	-	70349	Copb1
chr7	114264550	114276116	-	26440	Psma1
chr7	114315479	114415161	-	71045	4933406I18Rik
chr7	114415254	114537937	+	18576	Pde3b
chr7	114550163	114562972	-	244209	Cyp2r1
chr7	114631478	114636357	-	12310	Calca
chr7	114718643	114723365	+	116903	Calcb
chr7	114745766	114850380	+	233752	Insc
chr7	114948650	114983967	+	101786	A730082K24Rik
chr7	115470872	116038744	-	20679	Sox6
chr7	116081762	116093149	-	69350	1700003G18Rik
chr7	116093341	116105210	+	56372	1110004F10Rik
chr7	116123485	116308376	-	233765	Plekha7
chr7	116331507	116334190	-	68052	Rps13
chr7	116337276	116443458	-	18704	Pik3c2a
chr7	116504369	116540588	+	53322	Nucb2
chr7	117380979	117667630	+	233781	Xylt1
chr7	118104374	118116147	-	267019	Rps15a
chr7	118118890	118129625	-	54208	Arl6ip1
chr7	118131312	118243637	-	233789	Smg1
chr7	118243907	118245551	+	67745	4930583K01Rik
chr7	118381856	118448219	-	110058	Syt17
chr7	118485111	118491975	-	319622	Itpripl2
chr7	118509659	118533356	-	12850	Coq7
chr7	118535844	118584686	-	209760	Tmc7
chr7	118592524	118596824	+	381914	B230311B06Rik
chr7	118597297	118675085	+	74424	Tmc5
chr7	118688558	118705738	-	56209	Gde1
chr7	118712611	118737019	+	101565	Ccp110
chr7	118740271	118841491	+	71517	Vps35l
chr7	118842217	118855998	-	66356	Knop1
chr7	118855775	118972652	+	434232	Iqck
chr7	118972040	118995211	-	64297	Gprc5b
chr7	119144323	119184374	-	209776	Gpr139
chr7	119442544	119459272	-	67133	Gp2
chr7	119462708	119479262	-	22242	Umod
chr7	119486587	119523482	-	71830	Pdilt
chr7	119526265	119543360	+	272428	Acsm5
chr7	119554340	119600694	+	233799	Acsm2
chr7	119617823	119662515	+	117147	Acsm1
chr7	119690026	119714566	+	233801	Acsm4
chr7	119715093	119720798	-	233802	Thumpd1
chr7	119760923	119784896	+	20216	Acsm3
chr7	119783826	119794058	-	71151	Eri2
chr7	119794130	119879975	+	434234	Rexo5
chr7	119853163	119895745	-	233805	Dcun1d3
chr7	119895861	119956963	+	73919	Lyrm1
chr7	120102426	120120986	+	233806	Tmem159
chr7	120132361	120145290	-	22787	Zp2
chr7	120156115	120166001	+	75073	4930505K13Rik
chr7	120173858	120183716	+	72074	Anks4b
chr7	120186384	120201988	-	12971	Crym
chr7	120203964	120325352	+	67928	Abca14
chr7	120328684	120407687	+	320631	Abca15
chr7	120409647	120544813	+	233810	Abca16
chr7	120597625	120598475	+	78552	E130201H02Rik
chr7	120635189	120659523	+	67003	Uqcrc2
chr7	120659296	120670343	-	67983	Pdzd9
chr7	120677620	120734854	+	233812	Mosmo
chr7	120739557	120805541	+	233813	Vwa3a
chr7	120842831	120907219	+	13631	Eef2k
chr7	120917744	120947432	+	26939	Polr3e
chr7	120957036	120982312	-	12585	Cdr2
chr7	120982509	121014787	+	74466	Mfsd13b
chr7	121034445	121076835	+	59052	Mettl9
chr7	121064067	121074530	-	80719	Igsf6
chr7	121083438	121163089	+	246190	Otoa
chr7	121391859	121501768	+	195646	Hs3st2
chr7	121587386	121589836	-	75793	4933432K03Rik
chr7	121589903	121591591	+	69407	1700025J12Rik
chr7	121642021	121707253	-	76179	Usp31
chr7	121734479	121768482	+	20278	Scnn1g
chr7	121865038	121918728	+	20277	Scnn1b
chr7	121922839	121981693	-	233824	Cog7
chr7	121986722	122021198	-	74105	Gga2
chr7	122034162	122067086	-	67417	Ears2
chr7	122067198	122082199	+	28018	Ubfd1
chr7	122088044	122101848	-	70316	Ndufab1
chr7	122107262	122132946	-	233826	Palb2
chr7	122133041	122149044	+	59288	Dctn5
chr7	122133041	122169884	+	18817	Plk1
chr7	122169893	122186231	-	26918	Ern2
chr7	122219496	122222539	+	70261	Chp2
chr7	122289125	122634402	+	18751	Prkcb
chr7	122671744	122769393	+	54376	Cacng3
chr7	122969058	122970459	-	73951	4930413G21Rik
chr7	122970564	123002572	+	19647	Rbbp6
chr7	123123885	123195296	+	233833	Tnrc6a
chr7	123214866	123273251	+	233836	Slc5a11
chr7	123279149	123369915	-	70497	Arhgap17
chr7	123377982	123430358	+	30949	Lcmt1
chr7	123462294	123468003	+	11833	Aqp8
chr7	123478631	123500449	-	210162	Zkscan2
chr7	123983181	124398989	+	628779	Hs3st4
chr7	124625670	124708935	-	73076	3100003L05Rik
chr7	125331782	125349786	-	71208	4933440M02Rik
chr7	125368861	125371013	+	75861	4930571K23Rik
chr7	125444620	125462269	+	77035	Kdm8
chr7	125467640	125491542	-	67711	Nsmce1
chr7	125552282	125579474	+	16190	Il4ra
chr7	125603429	125633570	+	60504	Il21r
chr7	125640954	125707688	-	233863	Gtf3c1
chr7	125707876	125874797	+	233865	D430042O09Rik
chr7	125878419	126082411	-	269994	Gsg1l
chr7	126101715	126200499	-	74204	Xpo6
chr7	126224247	126248238	-	76728	1700123J17Rik
chr7	126272619	126294999	+	104175	Sbk1
chr7	126363827	126369568	-	16797	Lat
chr7	126367971	126368045	-	102466797	Mir7058
chr7	126370060	126377934	-	73658	Spns1
chr7	126382854	126396737	-	18020	Nfatc2ip
chr7	126408448	126414870	-	12478	Cd19
chr7	126428767	126446476	+	70314	Rabep2
chr7	126445860	126463073	-	11937	Atp2a1
chr7	126466993	126475130	-	20399	Sh2b1
chr7	126487355	126490731	+	233870	Tufm
chr7	126491708	126503302	-	233871	Atxn2l
chr7	126546911	126566366	-	56347	Eif3c
chr7	126571400	126584307	-	12752	Cln3
chr7	126579474	126579532	-	102465641	Mir7059
chr7	126585008	126589093	+	171504	Apobr
chr7	126589295	126594910	-	246779	Il27
chr7	126623246	126625470	-	56312	Nupr1
chr7	126649309	126672779	+	75565	Sgf29
chr7	126672866	126676357	-	20887	Sult1a1
chr7	126688927	126695783	-	75764	Slx1b
chr7	126696000	126696693	+	66162	Bola2
chr7	126699774	126704816	-	12721	Coro1a
chr7	126759626	126765816	+	26417	Mapk3
chr7	126766414	126775645	+	68616	Gdpd3
chr7	126776975	126780514	+	66090	Ypel3
chr7	126781483	126785548	+	21389	Tbx6
chr7	126785868	126792471	-	56420	Ppp4c
chr7	126795234	126800447	-	11674	Aldoa
chr7	126812683	126830219	+	68952	Fam57b
chr7	126830474	126831496	-	78118	4930451I11Rik
chr7	126847553	126852705	+	13446	Doc2a
chr7	126852433	126862017	-	233875	Ino80e
chr7	126861972	126865122	+	233876	Hirip3
chr7	126865677	126884967	-	381921	Taok2
chr7	126886219	126898278	-	68742	Tmem219
chr7	126928879	126945609	+	233877	Kctd13
chr7	126946008	126949581	-	233879	Asphd1
chr7	126950535	126970606	+	233878	Sez6l2
chr7	126971722	126976098	-	381922	Cdiptos
chr7	126975914	126980501	+	52858	Cdipt
chr7	126986860	127014594	-	78388	Mvp
chr7	127015051	127017352	-	67278	Pagr1a
chr7	127017542	127021211	-	69017	Prrt2
chr7	127022134	127027019	-	17188	Maz
chr7	127027731	127042420	-	110033	Kif22
chr7	127050156	127051977	-	69036	Zg16
chr7	127091436	127094049	+	101602	AI467606
chr7	127107770	127122029	-	67375	Qprt
chr7	127132232	127137823	-	20737	Spn
chr7	127191660	127196077	-	70233	Cd2bp2
chr7	127197459	127208468	-	68449	Tbc1d10b
chr7	127211608	127214287	+	17907	Mylpf
chr7	127214442	127218445	-	54204	Sept1
chr7	127232418	127233130	-	100043580	Gm4532
chr7	127233255	127508184	+	233887	Zfp553
chr7	127244526	127254801	+	244216	Zfp771
chr7	127256959	127260667	-	66422	Dctpp1
chr7	127271879	127274059	-	20768	Sephs2
chr7	127296260	127335137	+	16408	Itgal
chr7	127342795	127345314	-	233890	Zfp768
chr7	127372537	127376050	-	269997	Zfp747
chr7	127382260	127387166	-	78921	9130019O22Rik
chr7	127390836	127393621	-	101604	E430018J23Rik
chr7	127403668	127406822	-	233893	Zfp764
chr7	127418966	127422034	-	69234	Zfp688
chr7	127442136	127449158	-	71131	Zfp689
chr7	127470999	127476758	+	233895	Prr14
chr7	127485221	127491513	+	14123	Fbrs
chr7	127489251	127489387	+	102465642	Mir7060
chr7	127510438	127512869	-	629159	1700008J07Rik
chr7	127511983	127561219	+	100043597	Srcap
chr7	127527897	127528003	+	100217442	Snora30
chr7	127561223	127565271	+	105180375	Tmem265
chr7	127573348	127583307	+	68961	Phkg2
chr7	127582383	127588595	-	233899	Ccdc189
chr7	127588698	127603605	+	233900	Rnf40
chr7	127603903	127604445	-	68232	1700120K04Rik
chr7	127607032	127615260	-	320683	Zfp629
chr7	127666849	127708766	-	12055	Bcl7c
chr7	127708487	127708562	+	791073	Mir762
chr7	127712736	127718188	+	13019	Ctf1
chr7	127718960	127725616	-	244218	Ctf2
chr7	127746775	127768928	+	233902	Fbxl19
chr7	127769815	127775150	+	269999	Orai3
chr7	127777389	127800122	+	233904	Setd1a
chr7	127797074	127803802	+	101502	Hsd3b7
chr7	127806844	127824531	-	56216	Stx1b
chr7	127841808	127848979	+	20909	Stx4a
chr7	127865359	127876823	-	244219	Zfp668
chr7	127876796	127885996	+	233905	Zfp646
chr7	127885444	127890970	-	330657	Prss53
chr7	127893063	127895617	-	27973	Vkorc1
chr7	127904073	127909664	+	12041	Bckdk
chr7	127912517	127925762	+	67773	Kat8
chr7	127925717	127930113	-	76560	Prss8
chr7	127932638	127946725	-	77613	Prss36
chr7	127967479	127982032	+	233908	Fus
chr7	127991373	127993867	-	66824	Pycard
chr7	128004378	128011393	+	434246	Trim72
chr7	128062640	128128160	+	16409	Itgam
chr7	128129568	128150657	+	16411	Itgax
chr7	128154612	128205504	+	381924	Itgad
chr7	128192050	128203328	-	70973	4931431B13Rik
chr7	128205435	128206366	-	12862	Cox6a2
chr7	128234451	128238031	-	100043133	9130023H24Rik
chr7	128237357	128245100	+	233912	Armc5
chr7	128246812	128255699	+	21804	Tgfb1i1
chr7	128265697	128272433	+	246787	Slc5a2
chr7	128271379	128298131	-	233913	BC017158
chr7	128288369	128288435	-	100526559	Mir3103
chr7	128373625	128418172	-	67865	Rgs10
chr7	128439777	128461513	-	21843	Tial1
chr7	128523583	128546981	+	29810	Bag3
chr7	128611365	128696436	+	101490	Inpp5f
chr7	128696441	128740429	-	210711	Mcmbp
chr7	128744870	128784836	+	207352	Sec23ip
chr7	129257094	129391307	+	381925	Plpp4
chr7	129591863	129635738	+	207425	Wdr11
chr7	129962165	129978669	+	100043150	Gm4265
chr7	130162451	130266808	-	14183	Fgfr2
chr7	130391493	130520369	-	11907	Ate1
chr7	130532526	130547381	-	67872	Nsmce4a
chr7	130577484	130764784	+	57752	Tacc2
chr7	130774069	130825899	+	330660	Btbd16
chr7	130865885	130913302	+	101476	Plekha1
chr7	130908268	130908335	+	102466219	Mir7061
chr7	130936203	130985658	+	56213	Htra1
chr7	131032076	131121628	+	12945	Dmbt1
chr7	131138347	131146283	-	233918	4933402N03Rik
chr7	131146439	131150578	+	69495	1700029B22Rik
chr7	131174402	131250945	+	71395	5430419D17Rik
chr7	131308554	131322292	-	16433	Cuzd1
chr7	131325931	131329499	-	69318	Fam24b
chr7	131334525	131336716	+	68223	Fam24a
chr7	131342718	131362698	-	68277	2310057M21Rik
chr7	131371146	131387839	+	214580	Pstk
chr7	131388649	131410478	-	67143	Ikzf5
chr7	131410601	131446211	+	66885	Acadsb
chr7	131542963	131544936	+	15373	Hmx3
chr7	131548773	131556582	+	15372	Hmx2
chr7	131560370	131571892	+	12237	Bub3
chr7	131966460	131985633	+	233919	Gpr26
chr7	132042810	132154741	-	55987	Cpxm2
chr7	132236255	132317155	-	77590	Chst15
chr7	132315664	132318291	+	100043682	Gm10584
chr7	132557475	132576398	-	18242	Oat
chr7	132596239	132599637	-	20231	Nkx1-2
chr7	132610643	132706419	+	76429	Lhpp
chr7	132712084	132813886	-	77938	Fam53b
chr7	132827460	132852647	-	72096	Eef1akmt2
chr7	132859225	132885114	+	109359	Abraxas2
chr7	132931142	132983951	+	360216	Zranb1
chr7	132987011	133123483	-	13017	Ctbp2
chr7	133128251	133142457	+	74970	4930483O08Rik
chr7	133587024	133602115	-	73808	Tex36
chr7	133637675	133673017	+	214764	Edrf1
chr7	133674270	133680061	-	214766	Mmp21
chr7	133686355	133709295	-	22276	Uros
chr7	133709333	133721145	+	66165	Bccip
chr7	133720935	133782785	-	101437	Dhx32
chr7	133776891	133881532	+	66930	Fank1
chr7	133883199	134225097	-	11489	Adam12
chr7	134266262	134376828	-	71007	D7Ertd443e
chr7	134670687	135173647	+	330662	Dock1
chr7	134881908	134938430	-	627214	Fam196a
chr7	135191765	135196002	-	74314	1700120G07Rik
chr7	135268619	135272942	+	100043254	Nps
chr7	135410367	135413615	+	270004	Foxi2
chr7	135511456	135528654	-	212070	Clrn3
chr7	135537824	135686294	+	19267	Ptpre
chr7	135566162	135566282	+	100316818	Mir1962
chr7	135635931	135652314	-	67765	5830432E09Rik
chr7	135689788	135716379	-	17345	Mki67
chr7	136268324	136318511	+	77383	C030029H02Rik
chr7	136332216	136349415	-	330664	C230079O03Rik
chr7	136667955	136710604	-	621677	Gm6249
chr7	136894611	137128188	+	17314	Mgmt
chr7	137193671	137314445	-	13593	Ebf3
chr7	137234683	137242609	+	100038555	Gm10578
chr7	137375569	137410756	-	77252	9430038I01Rik
chr7	137437648	137468594	+	30926	Glrx3
chr7	138208972	138397730	-	70571	Tcerg1l
chr7	138554242	138566994	+	75187	4930543N07Rik
chr7	138835818	138846267	-	69546	Mapk1ip1
chr7	138846386	138883057	+	52432	Ppp2r2d
chr7	138890836	138909506	-	12176	Bnip3
chr7	138940730	139083976	+	74004	Jakmip3
chr7	139086001	139101795	+	26757	Dpysl4
chr7	139103638	139213307	-	57740	Stk32c
chr7	139212988	139242973	+	76612	Lrrc27
chr7	139248482	139267253	+	101631	Pwwp2b
chr7	139389109	139579652	+	212111	Inpp5a
chr7	139579376	139582797	-	14912	Nkx6-2
chr7	139600914	139683815	-	212124	Cfap46
chr7	139779018	139779126	+	102465215	Mir6401
chr7	139834174	139878088	+	52389	Adgra1
chr7	139894696	139941540	+	76484	Kndc1
chr7	139943856	139945112	+	22286	Utf1
chr7	139957566	139957622	-	102465788	Mir7686
chr7	139957689	139957760	-	387198	Mir202
chr7	139972303	139978755	-	381933	6430531B16Rik
chr7	139978932	139992562	-	11501	Adam8
chr7	139986809	139986874	-	102465643	Mir7062
chr7	139995955	140036674	-	74237	Tubgcp2
chr7	140036391	140040605	+	69752	Zfp511
chr7	140046157	140049088	-	17703	Msx3
chr7	140069880	140082548	-	68566	Caly
chr7	140093396	140097203	+	22264	Prap1
chr7	140097815	140102441	-	69064	Fuom
chr7	140105723	140116423	-	93747	Echs1
chr7	140115899	140134334	+	212503	Paox
chr7	140137564	140150786	+	212508	Mtg1
chr7	140150628	140154659	-	212518	Sprn
chr7	140162010	140162948	-	258954	Olfr522
chr7	140176104	140177057	+	258511	Olfr523
chr7	140201812	140202768	-	258055	Olfr524
chr7	140218267	140231145	+	244233	Cd163l1
chr7	140247301	140299800	+	244234	5830411N06Rik
chr7	140322701	140323630	+	258958	Olfr525
chr7	140335864	140336781	+	257939	Olfr527
chr7	140345052	140345987	-	18361	Olfr60
chr7	140372685	140373608	-	258512	Olfr530
chr7	140400130	140401044	-	258955	Olfr531
chr7	140418842	140419771	-	259028	Olfr532
chr7	140466203	140467165	+	258056	Olfr533
chr7	140492640	140493578	+	258956	Olfr535
chr7	140500853	140507318	-	258513	Olfr536
chr7	140574155	140575087	+	258201	Olfr538
chr7	140601340	140611124	+	18345	Olfr46
chr7	140637703	140638638	+	18362	Olfr61
chr7	140646452	140652919	+	258962	Olfr53
chr7	140667289	140668248	+	258963	Olfr539
chr7	140690907	140691842	+	18344	Olfr45
chr7	140704253	140705191	+	258964	Olfr541
chr7	140763832	140774981	+	13106	Cyp2e1
chr7	140777229	140787854	-	74075	Syce1
chr7	140809677	140822178	-	407812	Zfp941
chr7	140835199	140837968	+	76974	Urah
chr7	140837221	140845689	-	78520	C330022C24Rik
chr7	140845565	140846769	+	338417	Scgb1c1
chr7	140847916	140850925	+	69287	Odf3
chr7	140853384	140856383	-	54399	Bet1l
chr7	140857397	140863731	+	101489	Ric8a
chr7	140863663	140882309	-	64384	Sirt3
chr7	140882394	140898642	+	23997	Psmd13
chr7	140898942	140900446	-	12869	Cox8b
chr7	140906014	140907979	+	212965	BC024386
chr7	140920902	140929192	+	101613	Nlrp6
chr7	140941581	140947658	+	212974	Pgghg
chr7	140948962	140950239	-	73835	Ifitm5
chr7	140954839	140955961	-	80876	Ifitm2
chr7	140967429	140969827	+	68713	Ifitm1
chr7	141009590	141010744	-	66141	Ifitm3
chr7	141015812	141016892	-	213002	Ifitm6
chr7	141061274	141072119	+	330671	B4galnt4
chr7	141078229	141090510	+	56460	Pkp3
chr7	141091175	141100546	-	24058	Sigirr
chr7	141101219	141117806	-	71345	Ano9
chr7	141131286	141156154	+	27388	Ptdss2
chr7	141160326	141172851	-	107702	Rnh1
chr7	141189934	141194004	-	15461	Hras
chr7	141194130	141210055	+	70552	Lrrc56
chr7	141210043	141214080	-	72000	Lmntd2
chr7	141215860	141218658	+	66985	Rassf7
chr7	141221384	141221493	-	387206	Mir210
chr7	141228788	141262751	+	101471	Phrf1
chr7	141263183	141266424	-	54123	Irf7
chr7	141269085	141276786	-	72040	Cdhr5
chr7	141278329	141279133	-	20287	Sct
chr7	141292006	141295001	+	13491	Drd4
chr7	141297176	141338783	-	54006	Deaf1
chr7	141328130	141337155	+	71448	Tmem80
chr7	141339002	141363016	+	98845	Eps8l2
chr7	141359178	141365110	-	320871	B230206H07Rik
chr7	141392160	141402976	+	21351	Taldo1
chr7	141408184	141414125	-	213350	Gatd1
chr7	141426451	141429420	-	57754	Cend1
chr7	141429749	141437874	-	68267	Slc25a22
chr7	141438515	141444008	-	57913	Pidd1
chr7	141447650	141451342	+	67186	Rplp2
chr7	141448803	141448936	+	100217419	Snora52
chr7	141455188	141460743	+	66853	Pnpla2
chr7	141461094	141466602	+	213573	Cracr2b
chr7	141461483	141467771	-	100126795	Gm10575
chr7	141467362	141471481	+	12476	Cd151
chr7	141471860	141475153	-	66491	Polr2l
chr7	141475236	141493427	+	64540	Tspan4
chr7	141493136	141539857	-	68038	Chid1
chr7	141562180	141633011	+	11772	Ap2a2
chr7	141610066	141613747	-	100036523	Gm16982
chr7	141620701	141620791	+	102466798	Mir7063
chr7	141634049	141655308	-	353328	Muc6
chr7	141690340	141754694	+	17831	Muc2
chr7	141789011	141819135	+	17833	Muc5ac
chr7	141839072	141873085	+	74180	Muc5b
chr7	141881585	141902406	-	54473	Tollip
chr7	141949751	142004247	+	75770	Brsk2
chr7	141992179	141992241	+	100526509	Mir3104
chr7	142008550	142061034	-	101513	Mob2
chr7	142079487	142095284	-	18218	Dusp8
chr7	142120070	142120729	-	108167466	Gm45618
chr7	142135336	142136034	-	105243089	Gm39115
chr7	142174532	142176005	-	71623	Krtap5-2
chr7	142201364	142203015	+	77215	Krtap5-3
chr7	142211859	142212590	+	105243090	LOC105243090
chr7	142228795	142229971	-	114666	Krtap5-5
chr7	142273764	142274363	-	100043627	Gm4559
chr7	142296377	142297069	-	50774	Krtap5-1
chr7	142303502	142304503	+	50775	Krtap5-4
chr7	142326110	142373578	-	320802	Ifitm10
chr7	142375916	142387870	-	13033	Ctsd
chr7	142434977	142440396	+	55925	Syt8
chr7	142442469	142444405	+	21953	Tnni2
chr7	142460812	142494868	+	16985	Lsp1
chr7	142491080	142506771	-	677289	Prr33
chr7	142498836	142516009	+	21957	Tnnt3
chr7	142533117	142540742	+	19935	Mrpl23
chr7	142544609	142558598	-	330677	Nctc1
chr7	142575530	142578146	-	14955	H19
chr7	142577064	142577147	-	735280	Mir675
chr7	142650768	142666816	-	16002	Igf2
chr7	142654924	142654996	-	723874	Mir483
chr7	142659693	142670356	+	111975	Igf2os
chr7	142678656	142679726	-	16334	Ins2
chr7	142892776	142899966	-	21823	Th
chr7	142966822	142969264	-	17173	Ascl2
chr7	143005046	143019486	+	27027	Tspan32
chr7	143021784	143053686	-	97423	R74862
chr7	143052750	143067930	+	12520	Cd81
chr7	143069368	143071087	+	56844	Tssc4
chr7	143071529	143094642	-	56843	Trpm5
chr7	143107254	143427042	+	16535	Kcnq1
chr7	143213111	143296547	-	63830	Kcnq1ot1
chr7	143322772	143330650	-	71153	4933417O13Rik
chr7	143458339	143461050	-	12577	Cdkn1c
chr7	143473755	143499334	+	18400	Slc22a18
chr7	143501548	143502524	-	22113	Phlda2
chr7	143513579	143549120	-	17955	Nap1l4
chr7	143557230	143600090	-	27267	Cars
chr7	143570671	143570759	-	102465644	Mir7064
chr7	143607685	143627845	-	244237	Tnfrsf26
chr7	143628070	143670614	+	414103	E230032D23Rik
chr7	143634808	143649664	-	79202	Tnfrsf22
chr7	143665807	143685875	-	79201	Tnfrsf23
chr7	143688762	143741963	-	79196	Osbpl5
chr7	143763710	143766993	-	381974	Mrgprg
chr7	143778363	143784500	-	244238	Mrgpre
chr7	143795591	143822852	-	78914	Nadsyn1
chr7	143823167	143848410	+	13360	Dhcr7
chr7	143933115	143933208	+	102465217	Mir6404
chr7	144009254	144009338	+	100526562	Mir3105
chr7	144175520	144422675	+	210274	Shank2
chr7	144435724	144470935	-	13043	Cttn
chr7	144476755	144553729	-	233977	Ppfia1
chr7	144578323	144582436	-	14082	Fadd
chr7	144588549	144738592	-	101772	Ano1
chr7	144838612	144843348	+	14174	Fgf3
chr7	144861386	144865243	+	14175	Fgf4
chr7	144896532	144900953	+	14170	Fgf15
chr7	144915194	144929084	+	72284	LTO1
chr7	144929931	144939925	-	12443	Ccnd1
chr7	145183010	145284011	-	233979	Tpcn2
chr7	145205818	145208119	-	100040049	1810010D01Rik
chr7	145300909	145309557	+	211577	Mrgprf
chr7	145314835	145324059	+	211578	Mrgprd
chr8	3150922	3279617	-	16337	Insr
chr8	3353415	3390299	+	319493	A430078G23Rik
chr8	3393008	3456600	+	102098	Arhgef18
chr8	3457108	3467648	-	69129	Pex11g
chr8	3470862	3487178	+	76406	Tex45
chr8	3493138	3497208	+	140482	Zfp358
chr8	3500519	3515232	+	94178	Mcoln1
chr8	3515384	3544267	+	50767	Pnpla6
chr8	3567998	3584776	+	546049	C330021F23Rik
chr8	3587450	3609075	+	69697	Camsap3
chr8	3610090	3621296	-	67439	Xab2
chr8	3621551	3625729	+	100503890	Pet100
chr8	3623371	3625545	-	18545	Pcp2
chr8	3631160	3643644	+	20911	Stxbp2
chr8	3655770	3659818	+	57264	Retn
chr8	3665762	3668905	+	69189	Mcemp1
chr8	3671188	3672336	-	100503924	Fcor
chr8	3676477	3680921	+	66682	Trappc5
chr8	3681737	3694174	-	14128	Fcer2a
chr8	3716071	3720651	-	75863	Clec4g
chr8	3743395	3748984	-	170786	Cd209a
chr8	3847973	3854286	-	170780	Cd209e
chr8	3871824	3878499	-	170779	Cd209d
chr8	3917655	3926841	-	69165	Cd209b
chr8	3940222	3946863	-	170776	Cd209c
chr8	4102793	4105764	-	69142	Cd209f
chr8	4134736	4137707	+	70192	Cd209g
chr8	4166567	4211257	+	213027	Evi5l
chr8	4209543	4217312	-	73072	Prr36
chr8	4226827	4237470	+	72267	Lrrc8e
chr8	4238740	4247897	+	26400	Map2k7
chr8	4248214	4251423	+	100044509	Tgfbr3l
chr8	4253102	4256220	+	102209	Snapc2
chr8	4257646	4259274	-	330695	Ctxn1
chr8	4259731	4275905	-	21856	Timm44
chr8	4284782	4325100	-	15568	Elavl1
chr8	4325210	4360020	+	20300	Ccl25
chr8	4493405	4526079	+	67260	Cers4
chr8	4613170	4630231	+	233987	Zfp958
chr8	4735980	4779534	-	20419	Shcbp1
chr8	5083219	5105287	-	20494	Slc10a2
chr8	8617439	8660773	-	13642	Efnb2
chr8	8666576	8690537	-	234023	Arglu1
chr8	9125412	9132288	-	71249	4933430N04Rik
chr8	9144669	9149050	+	74688	4930453L07Rik
chr8	9206010	9771023	-	270028	Fam155a
chr8	9970020	9976323	-	319583	Lig4
chr8	9977717	9992155	+	68904	Abhd13
chr8	10006633	10036000	+	24099	Tnfsf13b
chr8	10153911	10634742	+	244281	Myo16
chr8	10870422	10882454	-	320014	B930025P03Rik
chr8	10899922	10903874	+	71624	4833411C07Rik
chr8	10924427	10928457	-	665306	3930402G23Rik
chr8	10986961	11008430	-	384783	Irs2
chr8	11007850	11054541	+	619321	9530052E02Rik
chr8	11198423	11312826	-	12826	Col4a1
chr8	11312805	11449287	+	12827	Col4a2
chr8	11453977	11478499	-	19332	Rab20
chr8	11477929	11480241	+	102132	E230013L22Rik
chr8	11497506	11513287	+	69225	Naxd
chr8	11514017	11550771	-	71941	Cars2
chr8	11555762	11563251	+	26356	Ing1
chr8	11611581	11635757	-	102334	Ankrd10
chr8	11635694	11635736	-	102465714	Mir7238
chr8	11654921	11678750	-	76413	1700016D06Rik
chr8	11692982	11694514	-	624710	Gm6524
chr8	11728105	11835219	+	54126	Arhgef7
chr8	11840521	11855761	+	75528	Tex29
chr8	12385771	12436732	+	434280	Sox1ot
chr8	12395519	12399555	+	20664	Sox1
chr8	12573049	12600738	+	78634	Spaca7
chr8	12614277	12672100	-	259279	Tubgcp3
chr8	12706944	12719127	-	100038554	Gm15348
chr8	12757016	12868728	+	50770	Atp11a
chr8	12828338	12831919	-	100504249	Gm15350
chr8	12873827	13020509	+	17207	Mcf2l
chr8	12947941	12948070	+	104797311	Gm38671
chr8	13026034	13035805	+	14068	F7
chr8	13037308	13056676	+	14058	F10
chr8	13060908	13075006	+	66901	Proz
chr8	13077525	13105343	-	234069	Pcid2
chr8	13105721	13147940	+	99375	Cul4a
chr8	13136072	13136132	+	102465645	Mir7065
chr8	13159161	13175338	+	16783	Lamp1
chr8	13176869	13200624	-	66790	Grtp1
chr8	13189031	13189098	-	100316713	Mir1968
chr8	13235662	13254162	-	234072	Adprhl1
chr8	13255963	13288126	-	102323	Dcun1d2
chr8	13288013	13322924	+	234076	Tmco3
chr8	13338751	13378448	+	21781	Tfdp1
chr8	13386209	13396778	-	11945	Atp4b
chr8	13405081	13421951	+	24013	Grk1
chr8	13435459	13461452	+	272465	Tmem255b
chr8	13465374	13494535	-	14456	Gas6
chr8	13550722	13562461	-	66501	1700029H14Rik
chr8	13567218	13677587	-	19414	Rasa3
chr8	13705889	13743066	+	403185	Cfap97d2
chr8	13757690	13781882	+	69957	Cdc16
chr8	13785615	13798538	+	67031	Upf3a
chr8	13835229	13838089	-	231201	AF366264
chr8	13869641	13881639	+	101994	Champ1
chr8	13884788	13890271	-	66423	Coprs
chr8	13907806	13940521	+	66822	Fbxo25
chr8	13952008	13974777	-	72148	Tdrp
chr8	13986090	14003561	+	546036	Gm5907
chr8	14027565	14090327	-	234086	Erich1
chr8	14095875	14847687	+	244310	Dlgap2
chr8	14888536	14901720	+	26889	Cln8
chr8	14911663	15001085	+	234094	Arhgef10
chr8	15011025	15033333	+	74901	Kbtbd11
chr8	15041446	15046078	-	434285	BB014433
chr8	15057653	15133419	+	17930	Myom2
chr8	15892545	17535385	-	94109	Csmd1
chr8	16168757	16168838	-	100526464	Mir3106
chr8	18595173	18803189	+	244329	Mcph1
chr8	18690263	18741562	-	11601	Angpt2
chr8	18846279	18884413	+	52123	Agpat5
chr8	18932729	18950975	-	319581	Xkr5
chr8	18974940	18978116	-	360217	Defb40
chr8	18986233	18991055	-	353320	Defb37
chr8	19023464	19026529	-	360212	Defb38
chr8	19052826	19064810	-	360214	Defb39
chr8	19111931	19114833	-	77674	Defb12
chr8	19123752	19126540	+	360211	Defb34
chr8	19140759	19143010	+	546038	Spag11b
chr8	19157887	19159916	+	78128	Spag11a
chr8	19194328	19195309	+	244332	Defb14
chr8	19198704	19201547	+	56519	Defb4
chr8	19225478	19228209	+	116746	Defb6
chr8	19239916	19242143	+	574081	Defb46
chr8	19247592	19250828	+	81007	Defb5
chr8	19293361	19295339	+	27358	Defb3
chr8	19300677	19304794	+	654456	Defa-ps13
chr8	19445769	19447606	-	244334	Defb8
chr8	19495097	19497775	+	246080	Defb7
chr8	19729576	19753603	+	626415	4930467E23Rik
chr8	19729576	20640703	+	100861668	Gm21119
chr8	20268053	20297432	-	547150	6820431F20Rik
chr8	20337664	20363202	-	100040599	Gm15319
chr8	20385782	20424814	-	381598	2610005L07Rik
chr8	20876499	20889113	+	654455	Gm21944
chr8	20892667	20897723	+	654453	Defb33
chr8	20900606	20901973	-	100504014	Gm15056
chr8	20916490	20922071	-	100503992	Gm6040
chr8	20943694	20944748	-	100503970	AY761185
chr8	21025545	21026517	+	66298	Defa21
chr8	21055040	21056016	+	497114	Defa23
chr8	21065038	21066001	+	100041688	Defa35
chr8	21084442	21085285	+	13236	Defa25
chr8	21094971	21096050	-	634825	Gm14851
chr8	21134650	21135598	+	100038927	Defa30
chr8	21162277	21163249	+	382059	Defa22
chr8	21191573	21192550	+	13226	Defa31
chr8	21201604	21202446	+	100041759	Gm15293
chr8	21249762	21250461	+	100041787	Gm15292
chr8	21287409	21288377	+	13237	Defa3
chr8	21297394	21298375	+	13239	Defa5
chr8	21315546	21316387	+	100041811	Defa27
chr8	21325888	21327020	-	13218	Defa29
chr8	21378517	21379495	+	100294660	Defa2
chr8	21391811	21392792	+	100505096	Defa33
chr8	21427428	21428386	+	100862126	Defa36
chr8	21455427	21456517	-	665927	Gm7849
chr8	21509258	21510237	+	68009	Defa20
chr8	21529030	21530012	+	100041890	Defa32
chr8	21565386	21566350	+	100041895	Defa37
chr8	21583027	21583867	+	626682	Defa28
chr8	21593487	21594465	-	665956	Gm7861
chr8	21618168	21618972	+	626708	Defa26
chr8	21655767	21656736	+	23855	Defa17
chr8	21665797	21666733	+	100041952	Defa34
chr8	21695012	21695853	+	727720	Defa-ps1
chr8	21702524	21703647	-	382000	AY761184
chr8	21734494	21735471	+	503491	Defa24
chr8	21776555	21795185	+	13214	Defb1
chr8	21823539	21831296	+	387334	Defb50
chr8	21839926	21843482	+	13215	Defb2
chr8	21858901	21862011	+	246085	Defb10
chr8	21881713	21885434	-	246079	Defb9
chr8	21905374	21906432	-	246081	Defb11
chr8	21929813	21932710	-	246082	Defb15
chr8	21938352	21940878	+	246084	Defb35
chr8	21946762	21948622	+	246083	Defb13
chr8	21958714	21964303	+	97476	Fam90a1a
chr8	21969775	21974041	+	67929	Ccdc70
chr8	21994348	22060074	-	11979	Atp7b
chr8	22060721	22071627	+	207958	Alg11
chr8	22073616	22125053	-	330721	Nek5
chr8	22128283	22166435	-	23954	Nek3
chr8	22168152	22185819	-	80986	Ckap2
chr8	22192860	22218597	+	70160	Vps36
chr8	22227303	22261334	+	56229	Thsd1
chr8	22283441	22371418	+	234129	Tpte
chr8	22375550	22398621	-	18408	Slc25a15
chr8	22398721	22399591	+	69108	1810012K16Rik
chr8	22411340	22429665	+	57312	Mrps31
chr8	22462614	22476879	-	102032	Smim19
chr8	22476700	22569616	+	20516	Slc20a2
chr8	22577075	22593813	-	22335	Vdac3
chr8	22624043	22627547	+	234130	Dkk4
chr8	22628119	22653437	-	18970	Polb
chr8	22634371	22636809	-	68074	A930013F10Rik
chr8	22659205	22706583	-	16150	Ikbkb
chr8	22757722	22782848	+	18791	Plat
chr8	22787354	22805654	-	64933	Ap3m2
chr8	22859539	22943262	+	244349	Kat6a
chr8	22974836	23150497	+	11733	Ank1
chr8	23138785	23149585	-	101056408	Gm15816
chr8	23142555	23142682	+	723876	Mir486
chr8	23142573	23142662	-	100526510	Mir3107
chr8	23153271	23158948	+	74561	Nkx6-3
chr8	23172946	23208453	-	102247	Gpat4
chr8	23226610	23237668	-	109145	Gins4
chr8	23241326	23257080	-	57437	Golga7
chr8	23411502	23449632	+	20377	Sfrp1
chr8	23669661	24063117	+	320158	Zmat4
chr8	24437616	24438946	-	69068	Tcim
chr8	24531892	24576333	-	209176	Ido2
chr8	24584133	24596952	-	15930	Ido1
chr8	24602246	24674755	-	13524	Adam18
chr8	24677232	24725852	-	11497	Adam3
chr8	24727093	24824369	-	11499	Adam5
chr8	24836143	24948804	-	353188	Adam32
chr8	24949611	25016922	-	11502	Adam9
chr8	25017211	25023260	+	69742	Tm2d2
chr8	25024928	25038962	-	330723	Htra4
chr8	25039144	25102194	-	83436	Plekha2
chr8	25154552	25240901	-	320165	Tacc1
chr8	25159125	25159233	-	102467006	Mir8108
chr8	25302650	25306270	-	74489	5430421F17Rik
chr8	25518759	25575718	+	14182	Fgfr1
chr8	25548673	25556083	-	102633315	Gm16159
chr8	25578490	25597496	-	270035	Letm2
chr8	25601601	25719667	+	234135	Nsd3
chr8	25720048	25724887	+	71910	Plpp5
chr8	25725324	25754413	-	72108	Ddhd2
chr8	25754509	25769702	+	100503003	Gm17484
chr8	25764538	25785209	-	67384	Bag4
chr8	25785591	25803975	+	67207	Lsm1
chr8	25808513	25815982	+	20845	Star
chr8	25816000	25847694	-	23808	Ash2l
chr8	25849623	25937934	+	16532	Kcnu1
chr8	25944459	25976744	-	52120	Hgsnat
chr8	25980604	25994121	-	74653	Pomk
chr8	25998722	26015601	-	14272	Fnta
chr8	26021421	26119224	-	320191	Hook3
chr8	26082609	26096520	+	76604	1700047A11Rik
chr8	26119380	26143871	+	77733	Rnf170
chr8	26158169	26164151	+	73754	Thap1
chr8	26814595	26824423	-	72316	2310008N11Rik
chr8	26977336	26981462	+	353310	Zfp703
chr8	27023799	27039437	+	244373	Erlin2
chr8	27042555	27056132	+	114863	Plpbp
chr8	27085841	27123436	+	78560	Adgra2
chr8	27123832	27128632	-	66653	Brf2
chr8	27138773	27174646	-	75767	Rab11fip1
chr8	27142910	27149706	+	71082	4933416M07Rik
chr8	27197459	27202547	-	76615	Got1l1
chr8	27225776	27229588	-	11556	Adrb3
chr8	27260327	27275656	+	13685	Eif4ebp1
chr8	27296045	27297200	+	732482	Gm9731
chr8	27344394	27349188	+	541463	Tex24
chr8	27368711	27399730	+	108043	Chrnb3
chr8	27403212	27413944	-	11440	Chrna6
chr8	27447670	27495172	+	70952	Poteg
chr8	28083194	28084853	-	666422	Gm8096
chr8	28646717	29219636	-	210801	Unc5d
chr8	30568395	30575573	+	71314	4933433F19Rik
chr8	31089662	31097047	+	66959	Dusp26
chr8	31111846	31131482	+	68867	Rnf122
chr8	31150316	31164703	+	234138	Tti2
chr8	31159468	31168724	-	67920	Mak16
chr8	31187331	31261924	+	171167	Fut10
chr8	31367749	31382439	+	74517	7420700N18Rik
chr8	31818028	32009491	-	211323	Nrg1
chr8	32151895	32181847	+	666589	Gm8179
chr8	32888505	32950026	-	100042715	Gm3985
chr8	33234373	33385527	-	22427	Wrn
chr8	33386330	33417469	+	75029	Purg
chr8	33484311	33485757	+	628431	Hmgb1-rs17
chr8	33517324	33585585	+	104271	Tex15
chr8	33599621	33619804	+	19053	Ppp2cb
chr8	33619586	33641976	-	108159	Ubxn8
chr8	33653238	33698162	+	14782	Gsr
chr8	33731914	33777173	+	68153	Gtf2e2
chr8	33742112	33747770	-	72632	Smim18
chr8	33782644	33929863	-	19663	Rbpms
chr8	34090420	34108712	-	22428	Dctn6
chr8	34115030	34125185	+	234155	Mboat4
chr8	34135572	34146739	-	68192	Leprotl1
chr8	34154563	34170847	+	67887	Saraf
chr8	34166622	34166712	-	102465211	Mir6395
chr8	34589420	34640316	-	330734	B930018H19Rik
chr8	34807610	34819894	+	319520	Dusp4
chr8	34829179	34965690	-	21951	Tnks
chr8	35375741	35388139	+	244416	Ppp1r3b
chr8	35465265	35495533	-	67276	Eri1
chr8	35582503	35589020	-	100504714	Gm16793
chr8	35587798	35679449	+	52065	Mfhas1
chr8	35824709	35826559	-	71908	Cldn23
chr8	35864085	35882957	-	330737	5430403N17Rik
chr8	36094828	36147787	+	244418	Prag1
chr8	36156010	36161588	+	330738	Gm38414
chr8	36216064	36249516	-	244421	Lonrf1
chr8	36457548	36513013	+	319582	Trmt9b
chr8	36567739	36952442	-	50768	Dlc1
chr8	36985573	37024238	-	414128	G630064G18Rik
chr8	36993575	36995533	+	621080	AI429214
chr8	37522554	38661508	-	244431	Sgcz
chr8	38252133	38252202	-	723860	Mir383
chr8	39005867	39165114	+	80286	Tusc3
chr8	39297980	39368268	+	621335	Gm6213
chr8	39581700	39642678	-	20288	Msr1
chr8	40279166	40286953	-	80857	Fgf20
chr8	40307875	40307929	-	102466237	Mir7666
chr8	40308051	40386304	+	78506	Micu3
chr8	40423815	40484842	+	70546	Zdhhc2
chr8	40492538	40515847	-	18983	Cnot7
chr8	40511783	40551134	+	52348	Vps37a
chr8	40550159	40634792	-	54384	Mtmr7
chr8	40675077	40682199	+	13526	Adam24
chr8	40752208	40756187	+	23793	Adam25
chr8	40793273	40797303	+	384806	Adam20
chr8	40823009	40826861	+	546055	Adam39
chr8	40862367	40922070	+	11988	Slc7a2
chr8	40926233	40990782	+	68797	Pdgfrl
chr8	40990912	41133726	-	102103	Mtus1
chr8	41017468	41024216	+	78849	B430010I23Rik
chr8	41191434	41215156	-	234199	Fgl1
chr8	41239759	41334087	+	18536	Pcm1
chr8	41340646	41374697	-	11886	Asah1
chr8	41397454	41417118	-	14300	Frg1
chr8	41827267	42046202	+	69966	2810404M03Rik
chr8	43129807	43141486	-	244448	Triml1
chr8	43180541	43193884	+	622117	Triml2
chr8	43295067	43307009	-	22702	Zfp42
chr8	43519864	43528137	-	382007	Adam26b
chr8	43568273	43576707	-	13525	Adam26a
chr8	43624975	43627185	-	384813	Gm5346
chr8	43650309	43699491	-	252866	Adam34
chr8	43673658	43699491	-	384814	Gm5347
chr8	44950208	45052257	+	14107	Fat1
chr8	45060702	45065418	-	434310	AY512931
chr8	45069210	45088506	+	17773	Mtnr1a
chr8	45160494	45165145	-	622523	Gm6329
chr8	45241168	45262031	-	109821	F11
chr8	45266688	45308559	-	16621	Klkb1
chr8	45305802	45333196	-	102294	Cyp4v3
chr8	45336715	45382291	-	212326	Fam149a
chr8	45395665	45410539	-	142980	Tlr3
chr8	45507788	45827906	+	234214	Sorbs2
chr8	45723325	45819297	-	319940	Sorbs2os
chr8	45885485	45919546	+	53318	Pdlim3
chr8	45934649	45944145	+	212392	Ccdc110
chr8	45953606	45975252	-	69479	1700029J07Rik
chr8	45975528	45996958	+	192169	Ufsp2
chr8	45996908	45999850	-	654824	Ankrd37
chr8	45999308	46029476	+	67620	Lrp2bp
chr8	46033261	46124146	-	102141	Snx25
chr8	46163689	46195590	+	66756	Cfap97
chr8	46207339	46211009	-	11739	Slc25a4
chr8	46292047	46294671	-	234219	Helt
chr8	46471037	46536051	+	14081	Acsl1
chr8	46552069	46579584	+	71876	Cenpu
chr8	46575594	46617200	-	408022	Primpol
chr8	46617291	46639698	+	12367	Casp3
chr8	46730970	46739515	-	100503498	Gm16675
chr8	46739745	46847458	+	16363	Irf2
chr8	46986925	47094895	+	320981	Enpp6
chr8	47180048	47352348	-	71069	Stox2
chr8	47490128	47533470	-	320714	Trappc11
chr8	47533645	47552837	+	192174	Rwdd4a
chr8	47667178	47675159	-	69260	Ing2
chr8	47709344	47713931	-	70925	Cdkn2aip
chr8	47811724	47818217	-	105243184	1700061N14Rik
chr8	47822143	47822805	+	100039801	Cldn24
chr8	47824482	47825475	+	75677	Cldn22
chr8	47827595	47990551	-	52357	Wwc2
chr8	48099092	48141667	+	320685	Dctd
chr8	48225665	48674690	-	23965	Tenm3
chr8	50368112	50416089	+	100039954	Gm2516
chr8	52356611	52403339	+	330767	1190028D05Rik
chr8	53511702	53523422	+	11593	Aga
chr8	53586867	53639065	-	234258	Neil3
chr8	54077532	54186454	+	22341	Vegfc
chr8	54520433	54529998	-	76687	Spcs3
chr8	54550331	54587836	+	76294	Asb5
chr8	54600781	54610098	+	69281	Spata4
chr8	54629613	54724368	-	244484	Wdr17
chr8	54779434	55060878	+	234267	Gpm6a
chr8	55870912	55906964	-	244486	Adam29
chr8	55940825	56125352	+	110304	Glra3
chr8	56294552	56321046	+	15446	Hpgd
chr8	56465622	56484968	-	75123	4930518J21Rik
chr8	56531522	56550566	-	382010	Cep44
chr8	56551134	56593939	+	50753	Fbxo8
chr8	57304414	57320859	-	102636514	AV026068
chr8	57320983	57324517	+	15111	Hand2
chr8	57332435	57354580	+	75996	5033428I22Rik
chr8	57455923	57477585	+	20284	Scrg1
chr8	57482702	57487860	-	60406	Sap30
chr8	57487963	57510262	+	78353	2500002B13Rik
chr8	57511843	57515999	+	97165	Hmgb2
chr8	57523825	57653055	-	108150	Galnt7
chr8	57651753	57663430	+	100502619	AW046200
chr8	57774052	58911627	-	270049	Galntl6
chr8	58698849	58700796	-	100271928	Gm15881
chr8	58911755	58914298	+	234290	BC030500
chr8	59825649	59844721	+	75017	4930470O06Rik
chr8	60506124	60545677	+	23923	Aadat
chr8	60632825	60676731	+	71306	Mfap3l
chr8	60890451	60907572	+	72612	Hpf1
chr8	60910389	60983311	-	12725	Clcn3
chr8	60993193	61131346	+	18004	Nek1
chr8	61224171	61396072	+	59009	Sh3rf1
chr8	61281522	61288872	-	69279	1700001D01Rik
chr8	61487734	61503500	+	234309	Cbr4
chr8	61511429	61902694	-	72333	Palld
chr8	61928087	62037701	+	234311	Ddx60
chr8	62057042	62123193	-	26359	Anxa10
chr8	62951232	63357098	+	72902	Spock3
chr8	63924694	63952170	-	244495	Sgo2b
chr8	64014770	64205993	-	21892	Tll1
chr8	64514332	64514441	-	735270	Mir710
chr8	64592542	64693109	-	12876	Cpe
chr8	64718145	64733578	-	66234	Msmo1
chr8	64739675	64849924	-	77113	Klhl2
chr8	64947185	64969036	+	73067	Tmem192
chr8	64981651	64987644	-	333307	Trim75
chr8	64998448	65018688	-	234329	Trim60
chr8	65012976	65018688	-	260296	Trim61
chr8	65028417	65037336	-	100038489	Apela
chr8	65085613	65129537	-	407795	BC030870
chr8	65618040	66471637	+	72925	March1
chr8	66476346	66486530	-	66282	Tma16
chr8	66511740	66519199	+	74419	Tktl2
chr8	66679965	66688094	-	18168	Npy5r
chr8	66697422	66706798	+	18166	Npy1r
chr8	66860217	66890564	+	234344	Naf1
chr8	67490758	67492104	+	17960	Nat1
chr8	67494875	67502580	+	17961	Nat2
chr8	67523854	67548627	+	17962	Nat3
chr8	67689082	68062286	-	234353	Psd3
chr8	68276528	68347704	+	72281	Sh2d4a
chr8	68356781	68735146	-	234356	Csgalnact1
chr8	68368459	68375710	+	73609	1700125H03Rik
chr8	68793929	68829410	+	70885	Ints10
chr8	68880555	68906932	+	16956	Lpl
chr8	69037708	69089222	-	110877	Slc18a1
chr8	69088736	69113718	+	11966	Atp6v1b2
chr8	69135503	69140953	-	211134	Lzts1
chr8	69209046	69230539	+	234358	Zfp930
chr8	69271080	69303375	+	211135	D130040H23Rik
chr8	69371025	69395544	-	378466	Gm10033
chr8	69610654	69625548	-	234362	Zfp868
chr8	69654556	69664453	+	636741	Zfp964
chr8	69705137	69716948	-	66869	Zfp869
chr8	69741639	69774911	-	620419	Zfp963
chr8	69761324	69774911	-	330788	Zfp866
chr8	69791163	69807749	+	170759	Atp13a1
chr8	69808687	69821870	+	78816	Gmip
chr8	69822565	69831102	+	53978	Lpar2
chr8	69832704	69872292	+	80720	Pbx4
chr8	69880366	69887392	-	68709	Cilp2
chr8	69887788	69890885	-	234365	Yjefn3
chr8	69894180	69902558	-	67184	Ndufa13
chr8	69902184	69903518	+	83984	Tssk6
chr8	69907069	69996384	-	234366	Gatad2a
chr8	70016123	70042734	-	74549	Mau2
chr8	70042813	70071953	+	70616	Sugp1
chr8	70072924	70080066	+	107770	Tm6sf2
chr8	70083529	70090862	+	330790	Hapln4
chr8	70093085	70120844	-	13004	Ncan
chr8	70102524	70102586	-	102465646	Mir7066
chr8	70130806	70139197	-	19727	Rfxank
chr8	70131327	70133752	+	75692	Nr2c2ap
chr8	70139499	70148635	+	72368	Borcs8
chr8	70139499	70167488	+	105980076	Gm45929
chr8	70152761	70167488	+	17259	Mef2b
chr8	70172408	70183681	+	234371	Tmem161a
chr8	70184340	70212281	-	73095	Slc25a42
chr8	70220192	70234422	-	76813	Armc6
chr8	70234226	70264294	+	234373	Sugp2
chr8	70282999	70294361	+	26558	Homer3
chr8	70292866	70302452	-	234374	Ddx49
chr8	70302785	70312990	+	59042	Cope
chr8	70315775	70331592	+	14559	Gdf1
chr8	70331522	70353273	-	19704	Upf1
chr8	70373548	70382066	+	12845	Comp
chr8	70382358	70439573	-	382056	Crtc1
chr8	70450219	70476943	-	234378	Klhl26
chr8	70483867	70487358	-	67937	Tmem59l
chr8	70493131	70504081	+	12931	Crlf1
chr8	70504296	70506739	-	66462	Rex1bd
chr8	70508266	70510367	-	22186	Uba52
chr8	70513396	70523180	-	75620	Kxd1
chr8	70527743	70535328	+	14232	Fkbp8
chr8	70539675	70592858	+	13716	Ell
chr8	70594481	70597290	+	71780	Isyna1
chr8	70597490	70608872	-	76900	Ssbp4
chr8	70616844	70620850	+	211228	Lrrc25
chr8	70629394	70631635	-	23886	Gdf15
chr8	70646436	70659738	-	66522	Pgpep1
chr8	70673231	70678752	+	50783	Lsm4
chr8	70697739	70700616	+	16478	Jund
chr8	70718543	70722635	+	100502950	Gm3336
chr8	70724064	70751186	+	110385	Pde4c
chr8	70754679	70758686	+	19339	Rab3a
chr8	70758649	70760921	-	234384	Mpv17l2
chr8	70762773	70766663	-	65972	Ifi30
chr8	70768181	70776712	-	18709	Pik3r2
chr8	70776862	70777606	+	72093	2010320M18Rik
chr8	70778117	70796988	-	546071	Mast3
chr8	70798135	70798192	+	102466823	Mir7240
chr8	70808449	70821424	+	16161	Il12rb1
chr8	70835138	70839720	-	70807	Arrdc2
chr8	70842049	70863258	-	84036	Kcnn1
chr8	70868227	70873490	-	234388	Ccdc124
chr8	70882889	70892757	-	114479	Slc5a5
chr8	70894722	70897443	-	76808	Rpl18a
chr8	70895508	70895570	-	102465984	Mir7067
chr8	70895759	70895856	-	104370	Snora68
chr8	70905974	70917529	+	270058	Map1s
chr8	70925525	70925618	+	100316777	Mir1969
chr8	71006728	71026755	-	69419	1700026F02Rik
chr8	71140369	71171456	+	665858	Gm7827
chr8	71166044	71206948	-	330796	Gm38415
chr8	71251124	71272590	-	76478	Haus8
chr8	71272714	71360712	+	17925	Myo9b
chr8	71366848	71369732	+	67023	Use1
chr8	71371298	71373689	+	77090	Ocel1
chr8	71374119	71381952	-	13864	Nr2f6
chr8	71384274	71395801	-	234395	Ushbp1
chr8	71396855	71404772	+	68251	Babam1
chr8	71406012	71410542	+	234396	Ankle1
chr8	71456700	71463657	-	64296	Abhd8
chr8	71464926	71465753	+	94065	Mrpl34
chr8	71469194	71476097	+	66498	Dda1
chr8	71476019	71486067	-	382014	Ano8
chr8	71488103	71499583	+	70359	Gtpbp3
chr8	71497753	71511769	-	84094	Plvap
chr8	71534259	71537437	-	69550	Bst2
chr8	71542930	71548026	+	73711	Mvb12a
chr8	71554303	71558871	-	434325	Tmem221
chr8	71560555	71566649	-	234404	Nxnl1
chr8	71568927	71586708	+	26457	Slc27a1
chr8	71592184	71601092	+	66171	Pgls
chr8	71597646	71608149	+	100037278	Fam129c
chr8	71611024	71624911	+	234407	Colgalt1
chr8	71626712	71671757	-	382018	Unc13a
chr8	71631047	71631106	-	102466799	Mir6769b
chr8	71676383	71690577	+	16453	Jak3
chr8	71689252	71690577	+	16336	Insl3
chr8	71691719	71703534	-	72297	B3gnt3
chr8	71708387	71725681	-	74015	Fcho1
chr8	71882068	71892565	+	236193	Zfp709
chr8	71908606	71918851	+	382019	Zfp882
chr8	71922825	71934630	+	170938	Zfp617
chr8	71951066	71970333	+	234413	Zfp961
chr8	71988482	72009626	-	72054	Cyp4f18
chr8	72057660	72058675	+	404315	Olfr372
chr8	72099762	72100706	+	258532	Olfr373
chr8	72107040	72110509	+	258335	Olfr374
chr8	72135292	72153129	+	326618	Tpm4
chr8	72161200	72181366	+	17274	Rab8a
chr8	72189668	72200958	+	209488	Hsh2d
chr8	72204335	72212837	-	234421	Cib3
chr8	72219730	72223775	+	67922	Fam32a
chr8	72240132	72257379	+	11767	Ap1m1
chr8	72319062	72321654	+	16598	Klf2
chr8	72340995	72421474	-	13859	Eps15l1
chr8	72424183	72443778	-	73316	Calr3
chr8	72443880	72460541	+	72254	1700030K09Rik
chr8	72460483	72475233	-	27967	Cherp
chr8	72470016	72470089	-	102465647	Mir7068
chr8	72477995	72492614	-	270066	Slc35e1
chr8	72494558	72548310	-	70625	Med26
chr8	72565198	72571048	-	66818	Smim7
chr8	72572103	72587284	+	74166	Tmem38a
chr8	72644343	72714746	+	319555	Nwd1
chr8	72723270	72758203	+	20467	Sin3b
chr8	72761880	72763885	+	14065	F2rl3
chr8	72814598	73353540	-	16795	Large1
chr8	73016512	73016591	+	100628574	Mir28b
chr8	74873174	74893506	+	71597	Isx
chr8	74993650	75031978	+	70823	Hmgxb4
chr8	75033686	75070121	+	21968	Tom1
chr8	75093618	75100593	+	15368	Hmox1
chr8	75109509	75128439	+	17218	Mcm5
chr8	75213944	75224113	+	75141	Rasd2
chr8	75448694	75984508	+	71831	Iqcm
chr8	76749087	76900173	-	102640923	Gm10649
chr8	76902508	77243639	+	110784	Nr3c2
chr8	77250366	77517907	-	78514	Arhgap10
chr8	77517056	77518578	+	70345	0610038B21Rik
chr8	77549397	77581338	+	102182	Prmt9
chr8	77595978	77610653	-	234463	Tmem184c
chr8	77624172	77628957	+	67357	1700092C02Rik
chr8	77663029	77724452	-	13617	Ednra
chr8	78213342	78394326	+	73301	Ttc29
chr8	78433009	78436652	-	18997	Pou4f2
chr8	78505269	78508928	-	19656	Rbmxl1
chr8	78509328	78734012	+	76775	Slc10a7
chr8	78804868	78821152	-	78651	Lsm6
chr8	79028437	79193766	+	622675	Zfp827
chr8	79210430	79248583	-	67687	1700011L22Rik
chr8	79266424	79294956	-	109136	Mmaa
chr8	79295078	79307774	+	234479	Gm4890
chr8	79338395	79399468	-	17125	Smad1
chr8	79639676	79677755	+	73945	Otud4
chr8	79683442	79711740	-	24015	Abce1
chr8	79711820	79777321	+	68999	Anapc10
chr8	79965851	80058008	-	15245	Hhip
chr8	80494045	80510785	+	14934	Gypa
chr8	80611039	80695557	+	333315	Frem3
chr8	80699943	80739459	-	93762	Smarca5
chr8	80764431	80880519	-	14388	Gab1
chr8	80980733	81014906	-	74841	Usp38
chr8	81342562	82127917	+	234515	Inpp4b
chr8	82331624	82403211	-	16168	Il15
chr8	82763620	82774126	-	30932	Zfp330
chr8	82863356	83091271	+	330812	Rnf150
chr8	83165352	83272940	+	71310	Tbc1d9
chr8	83290348	83298456	+	22227	Ucp1
chr8	83312632	83332486	-	244548	Elmod2
chr8	83348472	83382320	+	67555	Mgat4d
chr8	83389856	83428552	+	12745	Clgn
chr8	83434492	83458396	-	56367	Scoc
chr8	83541093	83542188	+	258267	Olfr370
chr8	83566758	83571623	+	66916	Ndufb7
chr8	83571698	83594491	-	106529	Tecr
chr8	83608175	83612653	+	81489	Dnajb1
chr8	83652678	83664789	+	67903	Gipc1
chr8	83666640	83671268	+	19216	Ptger1
chr8	83669762	83699179	-	320795	Pkn1
chr8	83715177	83726904	+	68278	Ddx39
chr8	83723251	83741311	-	26364	Adgre5
chr8	83900098	83941954	+	330814	Adgrl1
chr8	83955694	83970195	+	66929	Asf1b
chr8	83972978	83996444	+	18747	Prkaca
chr8	83997672	84000386	+	666704	Samd1
chr8	84001706	84004770	+	73453	1700067K01Rik
chr8	84005628	84005764	+	102466886	Mir8111
chr8	84010228	84011720	-	70134	2210011C24Rik
chr8	84011515	84011633	-	100316677	Mir1199
chr8	84021474	84030295	+	74337	Palm3
chr8	84030286	84042575	-	50931	Il27ra
chr8	84043067	84044979	-	212108	Rln3
chr8	84066836	84096992	+	19724	Rfx1
chr8	84086099	84086186	+	735271	Mir709
chr8	84097072	84104762	-	212123	Dcaf15
chr8	84125989	84132517	+	244550	Podnl1
chr8	84132828	84147753	-	212139	Cc2d1a
chr8	84148038	84172597	+	74666	4930432K21Rik
chr8	84173733	84176552	-	244551	Nanos3
chr8	84178716	84178787	-	100049549	Mir181d
chr8	84178873	84178961	-	723819	Mir181c
chr8	84208518	84208592	+	387216	Mir23a
chr8	84208672	84208758	+	387220	Mir27a
chr8	84208815	84208921	+	723960	Mir24-2
chr8	84208825	84208907	-	100526528	Mir3074-2
chr8	84210942	84237042	-	212168	Zswim4
chr8	84246226	84249761	-	101966	D8Ertd738e
chr8	84250576	84257324	-	67873	Mri1
chr8	84257767	84270402	-	67736	Ccdc130
chr8	84415364	84640249	+	12286	Cacna1a
chr8	84661331	84662852	-	15936	Ier2
chr8	84670479	84687862	-	66830	Nacc1
chr8	84689247	84699808	+	212528	Trmt1
chr8	84701457	84704716	+	17095	Lyl1
chr8	84704712	84800338	-	18032	Nfix
chr8	84815405	84832265	-	23863	Dand5
chr8	84832282	84835482	+	102060	Gadd45gip1
chr8	84834652	84840665	-	19358	Rad23a
chr8	84842088	84846931	-	12317	Calr
chr8	84856986	84869257	+	66590	Farsa
chr8	84867947	84868008	+	102466220	Mir7069
chr8	84872111	84887446	+	71846	Syce2
chr8	84886387	84893921	-	270076	Gcdh
chr8	84901928	84905295	+	16596	Klf1
chr8	84908624	84911461	+	13423	Dnase2a
chr8	84911475	84937353	-	56527	Mast1
chr8	84913335	84922915	+	100503676	Gm38426
chr8	84946991	84956603	+	234542	Rtbdn
chr8	84956610	84966011	-	69724	Rnaseh2a
chr8	84969622	84974811	+	21672	Prdx2
chr8	84976909	84978748	-	16477	Junb
chr8	84990595	85003364	+	170833	Hook2
chr8	85007202	85014531	-	212989	Best2
chr8	85017931	85025278	-	56495	Asna1
chr8	85026833	85030286	+	68544	Trir
chr8	85036915	85057583	+	212999	Tnpo2
chr8	85053160	85060460	-	320466	A230103J11Rik
chr8	85060119	85067121	+	68628	Fbxw9
chr8	85062086	85062171	+	102465648	Mir7070
chr8	85067568	85067982	-	100503710	Gm5741
chr8	85071757	85075161	+	330817	Dhps
chr8	85075035	85080746	-	67836	Wdr83
chr8	85080963	85082339	+	414077	Wdr83os
chr8	85083269	85098739	+	17159	Man2b1
chr8	85109167	85123095	-	244556	Zfp791
chr8	85151924	85173622	+	624855	Cks1brt
chr8	85230497	85231435	+	258858	Olfr371
chr8	85260392	85299497	-	65114	Vps35
chr8	85299632	85308279	+	56452	Orc6
chr8	85324929	85381041	-	213435	Mylk3
chr8	85408759	85432841	-	66714	4921524J17Rik
chr8	85492617	85527558	+	108682	Gpt2
chr8	85537640	85555271	-	56445	Dnaja2
chr8	85636588	85700893	-	74513	Neto2
chr8	85700905	85701021	+	102465898	Mir8109
chr8	85717557	85840949	-	71927	Itfg1
chr8	85840991	86060642	+	102093	Phkb
chr8	86504841	86580686	-	244562	Abcc12
chr8	86624043	86716636	+	66887	Lonp2
chr8	86723933	86746006	-	20437	Siah1a
chr8	86745699	86747060	+	666945	Gm10638
chr8	86841139	86885258	-	80750	N4bp1
chr8	87169747	87199850	-	100038706	Gm10637
chr8	87468853	87472592	-	12404	Cbln1
chr8	87472812	87525554	+	100040294	Gm2694
chr8	87563907	87589197	+	330820	4933402J07Rik
chr8	87636098	87642210	-	73557	1700096P03Rik
chr8	87661810	87959595	-	94187	Zfp423
chr8	88044898	88118607	-	100040328	Gm2716
chr8	88118759	88135197	+	382030	Cnep1r1
chr8	88137859	88171952	+	234549	Heatr3
chr8	88138206	88138274	+	102465649	Mir7071
chr8	88199213	88259722	+	214627	Tent4b
chr8	88272403	88329962	+	11513	Adcy7
chr8	88332311	88362191	-	26992	Brd7
chr8	88521344	88594887	+	93960	Nkd1
chr8	88626828	88636128	-	71607	Snx20
chr8	88647347	88688474	+	257632	Nod2
chr8	88697028	88751946	+	74256	Cyld
chr8	89024735	89024831	+	102465899	Mir8110
chr8	89027242	89044162	-	58198	Sall1
chr8	90247110	90348252	-	244579	Tox3
chr8	90828835	91054508	+	109151	Chd9
chr8	91070057	91123844	+	19651	Rbl2
chr8	91111781	91135494	-	14339	Aktip
chr8	91217030	91313222	-	244585	Rpgrip1l
chr8	91313525	91668433	+	26383	Fto
chr8	91798511	91801654	-	16373	Irx3
chr8	92326031	92356120	-	71296	Crnde
chr8	92357796	92361456	+	54352	Irx5
chr8	92674289	92680956	+	64379	Irx6
chr8	92827297	92853421	+	17390	Mmp2
chr8	92855350	92919279	+	270084	Lpcat2
chr8	92901395	92902409	+	69543	Capns2
chr8	92961047	93001667	+	20538	Slc6a2
chr8	93020214	93048192	-	244595	Ces1a
chr8	93056727	93080017	-	382044	Ces1b
chr8	93099015	93131283	-	13884	Ces1c
chr8	93166072	93197804	-	104158	Ces1d
chr8	93201218	93229619	-	13897	Ces1e
chr8	93256236	93279736	-	234564	Ces1f
chr8	93302369	93337209	-	12623	Ces1g
chr8	93499213	93535707	-	67935	Ces5a
chr8	93707015	93719975	-	108167546	Gm30606
chr8	93810838	93969388	+	14681	Gnao1
chr8	93811694	93813555	-	75809	4930488L21Rik
chr8	93971588	94012640	-	23802	Amfr
chr8	94019403	94037039	-	68219	Nudt21
chr8	94037198	94067922	+	270086	Ogfod1
chr8	94067954	94098811	-	67378	Bbs2
chr8	94137204	94139031	+	17752	Mt4
chr8	94152607	94154148	+	17751	Mt3
chr8	94172618	94173567	+	17750	Mt2
chr8	94179089	94180327	+	17748	Mt1
chr8	94214601	94317227	+	71805	Nup93
chr8	94324311	94324381	+	723956	Mir138-2
chr8	94329208	94366222	+	20497	Slc12a3
chr8	94386500	94395358	+	64209	Herpud1
chr8	94433127	94435103	-	320377	9330175E14Rik
chr8	94472763	94527272	+	434341	Nlrc5
chr8	94505046	94505105	+	102466800	Mir7072
chr8	94533028	94570529	+	234577	Cpne2
chr8	94574940	94601726	-	102122	Fam192a
chr8	94601941	94660276	+	67610	Rspry1
chr8	94666600	94674457	+	107566	Arl2bp
chr8	94674895	94696242	-	67801	Pllp
chr8	94745684	94751388	+	20299	Ccl22
chr8	94772180	94782427	+	20312	Cx3cl1
chr8	94810453	94812036	+	20295	Ccl17
chr8	94819818	94838340	-	109006	Ciapin1
chr8	94838417	94854895	+	67914	Coq9
chr8	94857450	94864242	+	20021	Polr2c
chr8	94863828	94876312	-	114255	Dok4
chr8	94902869	94918098	-	234582	Ccdc102a
chr8	94923694	94943290	+	382045	Adgrg5
chr8	94977109	95014208	+	14766	Adgrg1
chr8	95017692	95045250	+	54672	Adgrg3
chr8	95055103	95078141	+	330830	Drc7
chr8	95081201	95099874	+	74187	Katnb1
chr8	95099828	95142540	-	16582	Kifc3
chr8	95239043	95306585	-	333329	Cngb1
chr8	95311598	95321329	+	73407	Tepp
chr8	95326136	95331950	-	79233	Zfp319
chr8	95332284	95347513	+	101985	Usb1
chr8	95352296	95374293	+	17388	Mmp15
chr8	95420249	95434869	-	14894	Cfap20
chr8	95446096	95488820	-	13000	Csnk2a2
chr8	95534100	95558888	+	244608	Ccdc113
chr8	95559133	95576340	-	70993	Prss54
chr8	95633559	95645059	+	78833	Gins3
chr8	95678085	95715119	+	234593	Ndrg4
chr8	95715913	95719004	+	66083	Setd6
chr8	95719451	95807462	-	234594	Cnot1
chr8	95753151	95753214	-	102465650	Mir7073
chr8	95806830	95821728	+	319960	4930513N10Rik
chr8	95835923	95853508	-	234595	Slc38a7
chr8	95864137	95888365	-	14719	Got2
chr8	99007127	99032740	+	100873092	Gm15679
chr8	99024471	99416471	-	12564	Cdh8
chr8	99416674	99733438	+	234624	A330008L17Rik
chr8	102632095	102785111	-	12552	Cdh11
chr8	103343878	103347534	-	69794	1600027J07Rik
chr8	103603799	103680382	+	71058	4933400L20Rik
chr8	104088916	104105873	-	546096	Gm29682
chr8	104101625	104144502	+	12562	Cdh5
chr8	104170513	104219098	+	65115	Bean1
chr8	104226691	104248558	-	57813	Tk2
chr8	104250861	104264936	+	75458	Cklf
chr8	104281042	104293181	-	73381	Cmtm2a
chr8	104281042	104310145	-	100504164	Cmtm1
chr8	104322227	104330764	+	75502	Cmtm2b
chr8	104340594	104347672	+	68119	Cmtm3
chr8	104348191	104395807	-	97487	Cmtm4
chr8	104417674	104443047	-	234663	Dync1li2
chr8	104446719	104509887	-	320022	Terb1
chr8	104511028	104534637	-	234664	Nae1
chr8	104534700	104550343	+	12354	Car7
chr8	104591468	104596849	+	382051	Pdp2
chr8	104601915	104624396	-	12556	Cdh16
chr8	104628066	104631321	-	56437	Rrad
chr8	104639839	104641728	-	68523	Ciao2b
chr8	104734003	104741634	+	102022	Ces2a
chr8	104831644	104838652	+	234669	Ces2b
chr8	104847068	104854483	+	234671	Ces2c
chr8	104867424	104874083	+	667754	Ces2d-ps
chr8	104926260	104934672	+	234673	Ces2e
chr8	104947356	104958577	+	71903	Ces2f
chr8	104961718	104969537	+	72361	Ces2g
chr8	105000853	105020410	+	436059	Ces2h
chr8	105048599	105058414	+	382053	Ces3a
chr8	105083755	105093591	+	13909	Ces3b
chr8	105131800	105150109	+	234677	Ces4a
chr8	105170674	105217989	+	12400	Cbfb
chr8	105225188	105253053	+	234678	D230025D16Rik
chr8	105252638	105255153	-	97440	B3gnt9
chr8	105258575	105264594	-	71609	Tradd
chr8	105264648	105269326	+	50788	Fbxl8
chr8	105269801	105275845	+	26386	Hsf4
chr8	105276447	105281939	+	78688	Nol3
chr8	105280409	105289528	-	74356	4931428F04Rik
chr8	105289924	105296098	-	277978	Exoc3l
chr8	105297663	105305370	+	104394	E2f4
chr8	105305601	105310623	+	234683	Elmo3
chr8	105308364	105308460	-	723841	Mir328
chr8	105312340	105326276	-	234684	Lrrc29
chr8	105326364	105329057	+	66320	Tmem208
chr8	105329160	105347970	-	234686	Fhod1
chr8	105348258	105369881	+	277973	Slc9a5
chr8	105374904	105382862	+	102075	Plekhg4
chr8	105382807	105413502	-	279499	Kctd19
chr8	105413622	105464086	+	270091	Lrrc36
chr8	105467492	105471422	-	67971	Tppp3
chr8	105472425	105496870	-	70796	Zdhhc1
chr8	105518746	105523988	+	15484	Hsd11b2
chr8	105524470	105566040	-	11972	Atp6v0d1
chr8	105566695	105637474	-	11604	Agrp
chr8	105605229	105622219	+	75687	Ripor1
chr8	105615466	105615573	+	100316712	Mir1966
chr8	105624339	105637474	-	546100	Gm5914
chr8	105636538	105682922	+	13018	Ctcf
chr8	105686274	105698165	+	234695	Carmil2
chr8	105695860	105701095	-	497652	Acd
chr8	105701148	105703494	+	56513	Pard6a
chr8	105703652	105708168	-	102124	Enkd1
chr8	105708303	105710168	+	71046	4933405L10Rik
chr8	105716113	105758607	-	70575	Gfod2
chr8	105768308	105827350	-	74334	Ranbp10
chr8	105827744	105844676	+	72236	Tsnaxip1
chr8	105844678	105852008	-	320394	Cenpt
chr8	105855103	105856950	+	59016	Thap11
chr8	105860634	105880402	+	68051	Nutf2
chr8	105880881	105893225	+	234699	Edc4
chr8	105893567	105895023	+	234700	Nrn1l
chr8	105900474	105931802	+	244631	Pskh1
chr8	105931994	105933862	-	109660	Ctrl
chr8	105935728	105938392	-	19171	Psmb10
chr8	105939551	105943402	-	16816	Lcat
chr8	105943590	105966115	-	20498	Slc12a4
chr8	105951637	105951699	-	102465651	Mir7074
chr8	105973520	105979419	-	71854	Dpep3
chr8	105984945	105996423	-	319446	Dpep2
chr8	106009616	106011486	-	71986	Ddx28
chr8	106011478	106053840	+	66369	Dus2
chr8	106058840	106130537	+	18021	Nfatc3
chr8	106131183	106136974	-	77411	Esrp2
chr8	106135400	106138723	+	69771	1810019D21Rik
chr8	106150399	106164715	+	192654	Pla2g15
chr8	106168875	106198704	+	330836	Slc7a6
chr8	106200438	106210933	-	66432	Slc7a6os
chr8	106211054	106251694	+	214572	Prmt7
chr8	106252548	106337988	-	58994	Smpd3
chr8	106282229	106335754	+	75044	4930506A18Rik
chr8	106415339	106425895	+	22751	Zfp90
chr8	106510852	106556911	+	12560	Cdh3
chr8	106587143	106594820	+	68692	1110028F18Rik
chr8	106603350	106670247	+	12550	Cdh1
chr8	106683068	106851439	+	272538	Tango6
chr8	106870242	106882902	+	15118	Has3
chr8	106883863	106893593	-	214987	Chtf8
chr8	106893640	106923094	+	21771	Utp4
chr8	106935750	107014192	+	20650	Sntb2
chr8	107031326	107045756	+	116733	Vps4a
chr8	107046289	107048614	-	68023	Pdf
chr8	107046289	107056737	-	97484	Cog8
chr8	107056877	107060931	+	66164	Nip7
chr8	107061484	107065644	-	66269	Tmed6
chr8	107069402	107096545	-	21750	Terf2
chr8	107096025	107096106	-	102465652	Mir7075
chr8	107150661	107187470	+	66427	Cyb5b
chr8	107293470	107379517	+	54446	Nfat5
chr8	107388225	107403205	-	18104	Nqo1
chr8	107412489	107425038	-	67619	Nob1
chr8	107436398	107558595	+	66894	Wwp2
chr8	107551244	107551313	+	387158	Mir140
chr8	107580380	107588482	-	17463	Psmd7
chr8	108553252	108584677	-	109215	Lncbate1
chr8	108714644	108961636	+	11906	Zfhx3
chr8	108936860	108936938	+	100526511	Mir3108
chr8	109075222	109253639	+	628686	D030068K23Rik
chr8	109339787	109340908	-	384864	Gm1943
chr8	109494027	109542642	+	56523	Pmfbp1
chr8	109548024	109565601	-	64340	Dhx38
chr8	109565986	109574051	+	234723	Txnl4b
chr8	109575128	109579172	-	15439	Hp
chr8	109593248	109608673	-	56749	Dhodh
chr8	109614517	109674386	+	244646	Pkd1l3
chr8	109671321	109693294	-	71955	Ist1
chr8	109705546	109724932	+	75871	Zfp821
chr8	109726451	109737739	-	52335	Atxn1l
chr8	109778583	109864210	+	11765	Ap1g1
chr8	109839312	109839375	+	100217432	Snord71
chr8	109868603	109944671	+	244650	Phlpp2
chr8	109947909	109962205	-	73608	Marveld3
chr8	109990436	109999804	+	234724	Tat
chr8	110029075	110039334	-	26887	Chst4
chr8	110047432	110057176	+	77171	8030455M16Rik
chr8	110079734	110092752	+	234725	Zfp612
chr8	110137504	110168206	-	12308	Calb2
chr8	110217960	110224489	+	234728	Cmtr2
chr8	110266977	110610253	+	244653	Hydin
chr8	110495366	110502356	-	100861869	Gm21283
chr8	110618638	110720398	+	234729	Vac14
chr8	110721476	110741401	+	244654	Mtss1l
chr8	110741829	110805924	-	76527	Il34
chr8	110810492	110846803	-	101943	Sf3b3
chr8	110838535	110838598	-	100217465	Snord111
chr8	110846600	110882234	+	102339	Cog4
chr8	110882456	110902488	-	234730	Fuk
chr8	110919865	110972497	+	20444	St3gal2
chr8	110974991	110997823	-	13680	Ddx19a
chr8	111003186	111031751	-	234733	Ddx19b
chr8	111016450	111016530	-	100628592	Mir3473d
chr8	111033842	111055569	+	234734	Aars
chr8	111056339	111057664	+	72544	Exosc6
chr8	111064338	111082088	-	353287	Clec18a
chr8	111094745	111135144	+	319518	Pdpr
chr8	111127444	111145498	-	434350	9430091E24Rik
chr8	111157548	111259202	-	20340	Glg1
chr8	111270944	111300222	-	234736	Rfwd3
chr8	111311797	111338205	-	74568	Mlkl
chr8	111345138	111393821	-	338521	Fa2h
chr8	111448784	111522107	-	319481	Wdr59
chr8	111450200	111450322	+	102466970	NA
chr8	111536640	111626030	+	170737	Znrf1
chr8	111623785	111630322	-	52815	Ldhd
chr8	111643443	111671011	+	22640	Zfp1
chr8	111686510	111691010	-	66473	Ctrb1
chr8	111689601	111689674	-	102466993	Mir7076
chr8	111710474	111743849	-	12927	Bcar1
chr8	111768473	111854310	-	23837	Cfdp1
chr8	111864898	111876675	-	66817	Tmem170
chr8	111889135	111910199	-	56773	Chst5
chr8	111912018	111933791	-	234740	Tmem231
chr8	111940703	111952915	+	93739	Gabarapl2
chr8	111966908	111992302	-	30947	Adat1
chr8	111993439	112011354	-	85305	Kars
chr8	112011359	112020528	+	57321	Terf2ip
chr8	112554617	112569575	-	102640845	Gm26994
chr8	112570043	112882707	+	170571	Cntnap4
chr8	113067262	113093334	+	791378	Gm10280
chr8	113517282	113550808	+	78048	4930571O06Rik
chr8	113635586	113645192	+	270096	Mon1b
chr8	113643213	113655533	+	668110	Syce1l
chr8	113667926	113676458	-	102631810	Gm30052
chr8	113698137	113848843	-	208936	Adamts18
chr8	114133574	114152312	+	67528	Nudt7
chr8	114205640	114374070	+	270097	Vat1l
chr8	114341161	114351478	-	71122	4933408N05Rik
chr8	114418034	114428133	+	403395	Clec3a
chr8	114439652	115352712	+	80707	Wwox
chr8	115703253	115706894	-	17132	Maf
chr8	116505015	116515915	+	75465	Dynlrb2
chr8	116568724	116732991	-	75796	Cdyl2
chr8	116781712	116801412	-	78213	4930563M20Rik
chr8	116888685	116921436	-	66531	Cmc2
chr8	116921740	116941503	+	72155	Cenpn
chr8	116943393	116960445	+	234776	Atmin
chr8	116969599	116978959	-	69528	1700030J22Rik
chr8	116981828	116993449	-	68133	Gcsh
chr8	116995679	117082449	-	76645	Pkd1l2
chr8	117095865	117133720	+	63857	Bco1
chr8	117158135	117205186	+	209239	Gan
chr8	117257019	117461506	+	74440	Cmip
chr8	117453023	117453079	+	102466801	Mir7077
chr8	117459265	117459328	+	102465653	Mir7078
chr8	117498275	117635142	+	234779	Plcg2
chr8	117661399	117673636	-	74032	Sdr42e1
chr8	117681622	117693198	+	330850	Gm38416
chr8	117701946	117759029	+	15486	Hsd17b2
chr8	117791645	117801929	-	68533	Mphosph6
chr8	118283611	119324927	+	12554	Cdh13
chr8	119344538	119348929	+	68196	Hsbp1
chr8	119394892	119411088	+	56690	Mlycd
chr8	119437162	119446256	+	71839	Osgin1
chr8	119446719	119472635	+	117148	Necab2
chr8	119479602	119501698	-	234788	Slc38a8
chr8	119508151	119558761	-	56453	Mbtps1
chr8	119561978	119575200	-	72552	Hsdl1
chr8	119575235	119598454	+	68270	Dnaaf1
chr8	119597871	119605240	-	21341	Taf1c
chr8	119612747	119616926	+	75773	Adad2
chr8	119623854	119635680	-	66733	Kcng4
chr8	119666365	119688020	+	67866	Wfdc1
chr8	119700009	119757718	+	69047	Atp2c2
chr8	119760587	119778416	-	74347	Tldc1
chr8	119809214	119840579	-	72042	Cotl1
chr8	119862305	119876989	+	234796	Klhl36
chr8	119910360	119957560	+	22224	Usp10
chr8	119992438	120052794	+	78892	Crispld2
chr8	120081095	120101472	-	102193	Zdhhc7
chr8	120114152	120165307	+	234797	6430548M08Rik
chr8	120166397	120177469	-	436062	Fam92b
chr8	120204434	120228230	-	434353	A330074K22Rik
chr8	120488866	120581383	+	382034	Gse1
chr8	120538696	120538754	+	102466849	Mir7687
chr8	120581266	120589075	-	272551	Gins2
chr8	120608600	120634382	-	68918	1190005I06Rik
chr8	120608600	120668142	-	105734727	Gm27021
chr8	120653914	120668142	-	18117	Emc8
chr8	120668225	120674209	+	12857	Cox4i1
chr8	120736358	120756694	+	15900	Irf8
chr8	121054882	121083110	-	68790	Fendrr
chr8	121084386	121088154	+	15227	Foxf1
chr8	121097557	121108379	-	234814	Mthfsd
chr8	121116171	121118895	+	14234	Foxc2
chr8	121127685	121130644	+	14241	Foxl1
chr8	121530784	121541954	-	76405	1700018B08Rik
chr8	121544388	121547652	+	72259	1700030M09Rik
chr8	121549443	121578806	-	76454	Fbxo31
chr8	121590468	121598047	+	67443	Map1lc3b
chr8	121598703	121651933	-	142682	Zcchc14
chr8	121730559	121791083	+	57340	Jph3
chr8	121796308	121829569	-	234825	Klhdc4
chr8	121881146	121907686	-	20539	Slc7a5
chr8	121907833	121918428	+	407789	BC048644
chr8	121916135	121944912	-	12352	Car5a
chr8	121950492	122029260	+	53325	Banp
chr8	121978024	121978086	+	102466915	Mir7237
chr8	122282141	122337247	+	22761	Zfpm1
chr8	122356967	122360746	-	170732	Trhr2
chr8	122376609	122417365	+	76014	Zc3h18
chr8	122422085	122423639	+	234836	Il17c
chr8	122424771	122432940	-	13057	Cyba
chr8	122433596	122443422	-	192156	Mvd
chr8	122443656	122446476	+	100689703	9330133O14Rik
chr8	122445268	122451322	-	319574	Gm20735
chr8	122454206	122460692	-	30927	Snai3
chr8	122466147	122476064	-	68718	Rnf166
chr8	122476143	122483092	+	66965	Ctu2
chr8	122481698	122551329	-	234839	Piezo1
chr8	122568015	122573130	+	67177	Cdt1
chr8	122574637	122576907	-	11821	Aprt
chr8	122578237	122611487	-	50917	Galns
chr8	122611626	122615591	+	59005	Trappc2l
chr8	122619471	122622735	-	382035	Pabpn1l
chr8	122622265	122622375	-	102466643	Mir6396
chr8	122625136	122699109	-	12398	Cbfa2t3
chr8	122775505	122817881	+	257633	Acsf3
chr8	122848374	122867397	+	12555	Cdh15
chr8	122883822	123042284	-	77087	Ankrd11
chr8	123042575	123044602	+	100503178	2810013P06Rik
chr8	123062988	123097751	+	234847	Spg7
chr8	123102350	123105244	+	270106	Rpl13
chr8	123103058	123103105	+	100302565	Snord68
chr8	123104975	123105043	+	102465654	Mir7079
chr8	123117374	123135185	+	102278	Cpne7
chr8	123130106	123130172	+	102465655	Mir7080
chr8	123142847	123158280	-	57429	Sult5a1
chr8	123186235	123201812	+	13479	Dpep1
chr8	123204261	123212788	-	234852	Chmp1a
chr8	123212858	123222045	+	320869	Spata33
chr8	123224841	123232256	+	234854	Cdk10
chr8	123232258	123236209	-	78779	Spata2l
chr8	123235091	123242359	+	71186	4933417D19Rik
chr8	123242356	123254222	-	72325	Vps9d1
chr8	123254195	123270551	+	57247	Zfp276
chr8	123268244	123318576	-	14087	Fanca
chr8	123332713	123369518	+	234857	Spire2
chr8	123373711	123404174	+	66855	Tcf25
chr8	123407082	123410744	+	17199	Mc1r
chr8	123411564	123422010	+	22152	Tubb3
chr8	123442956	123463899	+	23854	Def8
chr8	123477862	123503916	+	114896	Afg3l1
chr8	123504718	123515455	-	72185	Dbndd1
chr8	123518835	123536650	+	104346	Gas8
chr8	123538784	123566087	-	100861480	Gm25018
chr8	123653929	123663880	+	69581	Rhou
chr8	123733958	123739941	+	234863	6030466F02Rik
chr8	123805996	123835291	+	19341	Rab4a
chr8	123840844	123860209	-	73420	Ccsap
chr8	123891758	123894775	-	11459	Acta1
chr8	123897123	123949265	-	234865	Nup133
chr8	123952459	123983122	-	56199	Abcb10
chr8	123996310	124021309	-	102162	Taf5l
chr8	124021508	124048504	+	382038	Urb2
chr8	124022641	124022722	+	100316819	Mir1967
chr8	124231394	124345722	+	108148	Galnt2
chr8	124369049	124433936	-	209966	Pgbd5
chr8	124520767	124552008	+	76332	Cog2
chr8	124556587	124569707	-	11606	Agt
chr8	124576111	124618731	+	73647	Capn9
chr8	124635756	124663369	-	69551	2310022B05Rik
chr8	124671327	124721975	-	234875	Ttc13
chr8	124722139	124734123	+	68865	Arv1
chr8	124740257	124751809	-	69627	Fam89a
chr8	124793019	124834704	+	330863	Trim67
chr8	124839355	124863029	-	66523	2810004N23Rik
chr8	124863033	124890057	+	14712	Gnpat
chr8	124890299	124897705	-	102058	Exoc8
chr8	124897886	124903813	+	244666	Sprtn
chr8	124908587	124949254	-	112405	Egln1
chr8	125012997	125034192	+	53424	Tsnax
chr8	125054195	125261151	+	244667	Disc1
chr8	125418063	125569756	-	244668	Sipa1l2
chr8	125584638	125625605	+	75930	4930567H12Rik
chr8	125669818	125673365	+	74393	Map10
chr8	125734203	125748235	+	66566	Ntpcr
chr8	125751508	125898317	-	270109	Pcnx2
chr8	125897914	125908144	+	102632990	A730098A19Rik
chr8	125910450	125947439	+	234878	Map3k21
chr8	125995102	126030685	+	16525	Kcnk1
chr8	126139382	126395978	+	210027	Slc35f3
chr8	126422501	126425435	+	67892	Coa6
chr8	126426652	126475065	-	212728	Tarbp1
chr8	126588296	126593436	-	270110	Irf2bp2
chr8	126849020	126851833	+	414091	A630001O12Rik
chr8	126930664	126945921	-	67952	Tomm20
chr8	126947172	126971079	-	52202	Rbm34
chr8	126978042	126979438	-	629746	Gm29688
chr8	127064056	127612286	+	93742	Pard3
chr8	128278148	128278225	-	102465212	Mir21c
chr8	128359073	128505476	+	18186	Nrp1
chr8	128359241	128359320	+	100316680	Mir1903
chr8	128685654	128733579	+	16412	Itgb1
chr8	128980019	129065492	-	74703	Ccdc7a
chr8	129067134	129183732	+	75453	Ccdc7b
chr8	129216354	129234046	-	72139	2610044O15Rik8
chr8	129263641	129282844	+	102635552	Gm32856
chr9	3038669	3038743	-	100628572	Mir101c
chr9	3190269	3199813	-	114673	4930433N12Rik
chr9	3335231	3385847	+	67667	Alkbh8
chr9	3404085	3479236	+	244672	Cwf19l2
chr9	3532349	3905791	+	234889	Gucy1a2
chr9	4294793	4309494	-	67618	Aasdhppt
chr9	4309743	4331732	+	69149	Kbtbd3
chr9	4376562	4386870	+	78100	Msantd4
chr9	4417893	4796234	-	14802	Gria4
chr9	5298517	5307281	+	12362	Casp1
chr9	5308849	5336791	+	12363	Casp4
chr9	5345476	5373034	+	12364	Casp12
chr9	6168612	6377519	+	71785	Pdgfd
chr9	6265028	6266547	-	71829	Ddi1
chr9	6928503	7177230	-	110350	Dync2h1
chr9	7184566	7207031	+	76863	Dcun1d5
chr9	7272514	7283333	+	17386	Mmp13
chr9	7344397	7369499	+	17381	Mmp12
chr9	7367670	7388026	-	83996	Mmp1b
chr9	7445822	7455975	+	17392	Mmp3
chr9	7464141	7476869	+	83995	Mmp1a
chr9	7502342	7510242	+	17384	Mmp10
chr9	7558429	7568486	+	17394	Mmp8
chr9	7571396	7581885	+	234911	Mmp27
chr9	7628231	7674968	+	30800	Mmp20
chr9	7669429	7695631	-	102722	AV064505
chr9	7692090	7699585	+	17393	Mmp7
chr9	7764077	7794333	+	71929	Tmem123
chr9	7784390	7784440	+	100885830	Mir5618
chr9	7818226	7837057	-	11797	Birc2
chr9	7848699	7873170	-	11796	Birc3
chr9	7931999	8004596	-	22601	Yap1
chr9	8021672	8042823	-	234912	Cfap300
chr9	8076633	8134294	-	234915	Cep126
chr9	8221889	8241987	+	76669	1700128F08Rik
chr9	8246786	8246881	+	100316772	Mir1899
chr9	8544142	8680741	+	22068	Trpc6
chr9	8644078	8740988	-	102634431	Gm32014
chr9	8899833	8968611	+	18667	Pgr
chr9	8994953	9239013	-	71544	Arhgap42
chr9	9236288	9260885	+	100579151	Gm16833
chr9	9660891	10904775	-	244682	Cntn5
chr9	9894431	9894521	+	102466147	Mir6237
chr9	13091267	13105855	-	78219	4930568E12Rik
chr9	13242790	13245741	-	77532	Jrkl
chr9	13246956	13292353	+	66396	Ccdc82
chr9	13297958	13709533	+	270118	Maml2
chr9	13431361	13432751	+	18689	Phxr4
chr9	13749181	13806481	+	77116	Mtmr2
chr9	13807783	13827107	-	74360	Cep57
chr9	13827727	13846522	+	72826	Fam76b
chr9	14276301	14326134	+	75747	Sesn3
chr9	14353990	14381507	-	71946	Endod1
chr9	14462581	14500482	-	244694	Kdm4d
chr9	14500619	14510620	+	66070	Cwc15
chr9	14541966	14643529	-	75723	Amotl1
chr9	14663022	14665099	+	665374	Gm7607
chr9	14696232	14740733	-	330890	Piwil4
chr9	14748459	14752122	-	14345	Fut4
chr9	14756593	14771030	-	69325	1700012B09Rik
chr9	14780196	14784561	-	56503	Ankrd49
chr9	14784654	14837125	+	17535	Mre11a
chr9	14860210	14870789	+	14608	Gpr83
chr9	14885814	14903951	-	64931	Izumo1r
chr9	15005785	15045478	-	55991	Panx1
chr9	15051841	15112108	-	244698	Hephl1
chr9	15239045	15259413	+	69137	Vstm5
chr9	15260351	15279867	-	234959	Med17
chr9	15283337	15306448	-	70984	4931406C07Rik
chr9	15306214	15316997	+	75316	Taf1d
chr9	15312611	15312669	+	102465758	Gm25500
chr9	15316914	15357788	-	319675	Cep295
chr9	15326289	15326330	-	100216535	Scarna9
chr9	15493432	15545260	+	170748	Smco4
chr9	15559864	15627933	-	234964	Deup1
chr9	15619857	15641220	+	78025	4930540M03Rik
chr9	15709769	15738789	+	234967	Slc36a4
chr9	15862377	15874556	-	244701	Mtnr1b
chr9	15910193	16378231	-	270120	Fat3
chr9	18292267	18314000	+	66917	Chordc1
chr9	18323021	18397538	-	72560	Naalad2
chr9	18404418	18411502	+	546118	Ubtfl1
chr9	18430615	18446316	+	234988	Mbd3l2
chr9	18454054	18473559	-	72230	Zfp558
chr9	18478395	18485292	+	73503	Mbd3l1
chr9	18754692	18755633	-	18322	Olfr24
chr9	18815354	18816292	-	258598	Olfr828
chr9	18856627	18857592	+	259070	Olfr829
chr9	18875329	18876276	+	258559	Olfr830
chr9	18944650	18945588	+	258075	Olfr832
chr9	18987990	18988928	+	258074	Olfr834
chr9	19035125	19036060	+	257872	Olfr835
chr9	19120957	19121911	+	258557	Olfr836
chr9	19136928	19137967	+	258558	Olfr837
chr9	19248357	19249463	-	258560	Olfr843
chr9	19338459	19339400	+	258249	Olfr845
chr9	19360415	19361356	-	258279	Olfr846
chr9	19374941	19375879	-	258518	Olfr847
chr9	19440915	19441853	+	258520	Olfr849
chr9	19477301	19478248	-	258516	Olfr850
chr9	19496750	19497688	+	258907	Olfr851
chr9	19537011	19537928	-	258908	Olfr853
chr9	19566435	19567382	-	258515	Olfr854
chr9	19584511	19585502	+	258517	Olfr855
chr9	19622091	19649731	+	244713	Zfp317
chr9	19657039	19658680	-	624341	Olfr856-ps1
chr9	19712829	19713758	+	257963	Olfr857
chr9	19780283	19784064	+	18358	Olfr58
chr9	19808320	19809249	+	258519	Olfr859
chr9	19845623	19849747	-	258521	Olfr860
chr9	19883383	19884303	-	258555	Olfr862
chr9	19917229	19922510	+	258336	Olfr77
chr9	20026959	20028035	-	258551	Olfr866
chr9	20054466	20055461	-	257898	Olfr867
chr9	20098626	20101690	+	258552	Olfr868
chr9	20129120	20138089	+	258550	Olfr869
chr9	20170634	20171569	-	57251	Olfr870
chr9	20212207	20213353	+	258905	Olfr871
chr9	20237162	20260913	+	258553	Olfr872
chr9	20282351	20286648	+	258822	Olfr39
chr9	20300211	20301170	+	258554	Olfr873
chr9	20313892	20336094	-	18315	Olfr18
chr9	20345136	20385158	-	434377	Zfp560
chr9	20428318	20475033	-	22688	Zfp26
chr9	20468549	20492746	-	235028	Zfp426
chr9	20495068	20521419	-	77519	Zfp266
chr9	20581328	20595193	+	244721	Zfp846
chr9	20607475	20617271	+	66662	Fbxl12os
chr9	20637749	20644767	-	30843	Fbxl12
chr9	20643318	20646790	+	66177	Ubl5
chr9	20652130	20666584	+	23988	Pin1
chr9	20667986	20728214	-	244723	Olfm2
chr9	20770057	20815067	-	53867	Col5a3
chr9	20818504	20826163	+	235033	Rdh8
chr9	20868642	20874307	+	319278	A230050P20Rik
chr9	20873809	20879710	-	70726	Angptl6
chr9	20888175	20892179	+	235036	Ppan
chr9	20894349	20898590	-	53356	Eif3g
chr9	20907206	20959888	-	13433	Dnmt1
chr9	20914090	20914164	-	102466802	Mir7081
chr9	20965952	20976793	-	14739	S1pr2
chr9	21002737	21008839	+	66163	Mrpl4
chr9	21015960	21028797	+	15894	Icam1
chr9	21029373	21030531	+	78369	Icam4
chr9	21032038	21039036	+	15898	Icam5
chr9	21032251	21032328	-	100316681	Mir1900
chr9	21062393	21075496	-	100009600	Zglp1
chr9	21066940	21073514	-	68165	Fdx1l
chr9	21066940	21092008	-	100568458	Gm38431
chr9	21073075	21092008	-	71766	Raver1
chr9	21075497	21075588	-	102465656	Mir7082
chr9	21104068	21131275	-	54721	Tyk2
chr9	21138541	21149906	-	12539	Cdc37
chr9	21165714	21213248	+	18577	Pde4a
chr9	21229730	21239332	-	50868	Keap1
chr9	21242917	21248443	-	94226	S1pr5
chr9	21265285	21274837	+	235040	Atg4d
chr9	21273457	21287969	-	215194	Kri1
chr9	21288463	21291209	-	12581	Cdkn2d
chr9	21295457	21312333	-	11768	Ap1m2
chr9	21320719	21355028	+	68682	Slc44a2
chr9	21367871	21405363	+	16201	Ilf3
chr9	21405242	21411720	-	330902	Gm16853
chr9	21411837	21420279	+	60507	Qtrt1
chr9	21424908	21507759	+	13430	Dnm2
chr9	21496495	21496564	-	387194	Mir199a-1
chr9	21507380	21510234	-	17083	Tmed1
chr9	21526177	21545331	+	382062	AB124611
chr9	21546894	21589467	+	59035	Carm1
chr9	21588682	21592831	-	74766	Yipf2
chr9	21592722	21595970	+	69773	Timm29
chr9	21607077	21608329	-	666043	Gm7904
chr9	21613444	21613576	-	100316714	Mir1946b
chr9	21616169	21704230	+	20586	Smarca4
chr9	21723576	21749919	+	16835	Ldlr
chr9	21755442	21760286	-	67629	Spc24
chr9	21766773	21798546	-	235041	Kank2
chr9	21800180	21852635	-	319899	Dock6
chr9	21809941	21810000	-	102465657	Mir7083
chr9	21835510	21837347	+	624219	Angptl8
chr9	21907492	21918183	-	19340	Rab3d
chr9	21921009	21927535	-	235043	Tmem205
chr9	21927471	21935872	+	67119	Ccdc159
chr9	21937010	21948907	+	235044	Plppr2
chr9	21955284	21956006	-	100049077	Gm45914
chr9	21955753	21958270	+	66962	Swsap1
chr9	21958899	21963576	-	13857	Epor
chr9	21971004	21989453	-	71746	Rgl3
chr9	21989871	22002634	-	77609	Ccdc151
chr9	22002988	22014245	+	19089	Prkcsh
chr9	22015005	22052023	-	15571	Elavl3
chr9	22055411	22071376	-	319601	Zfp653
chr9	22071002	22086131	+	100503652	Gm16845
chr9	22072246	22085427	-	26940	Ecsit
chr9	22099253	22109221	+	12797	Cnn1
chr9	22112989	22117169	-	66126	Elof1
chr9	22113944	22114013	-	102466221	Mir7084
chr9	22126727	22135746	-	11433	Acp5
chr9	22156846	22158355	+	66268	Pigyl
chr9	22188166	22202123	+	619310	Zfp872
chr9	22206786	22213860	-	69862	1810064F22Rik
chr9	22225703	22243354	+	235047	Zfp809
chr9	22247430	22259895	-	235048	Zfp599
chr9	22276748	22307638	-	235050	Zfp810
chr9	22330132	22330690	-	625603	Gm6607
chr9	22331214	22389206	-	68743	Anln
chr9	22411577	22444681	+	68283	9530077C05Rik
chr9	22448311	22468356	-	55934	Rp9
chr9	22475715	22888280	+	319845	Bbs9
chr9	23223076	23485215	+	73230	Bmper
chr9	24098018	24316398	+	319239	Npsr1
chr9	24411778	24503140	-	244745	Dpy19l1
chr9	24557048	24696293	-	320752	Dpy19l2
chr9	24625185	24625828	+	235067	Cypt4
chr9	24720812	24774303	-	57246	Tbx20
chr9	25108130	25151781	-	80517	Herpud2
chr9	25252439	25308571	+	235072	Sept7
chr9	25481597	25604110	+	67484	Eepd1
chr9	26733808	26763097	+	76898	B3gat1
chr9	26763044	26806468	-	244757	Glb1l2
chr9	26817953	26860823	-	70893	Glb1l3
chr9	26879567	26923081	-	382064	Gm1110
chr9	26974138	26999549	-	66948	Acad8
chr9	26999677	27007334	+	77862	Thyn1
chr9	27004502	27030094	-	69091	Vps26b
chr9	27030175	27095315	+	78658	Ncapd3
chr9	27097384	27155421	-	83964	Jam3
chr9	27299104	27357549	+	235086	Igsf9b
chr9	27396807	27401711	+	75469	Spata19
chr9	27791269	28925058	+	330908	Opcml
chr9	28995964	29963129	-	235106	Ntm
chr9	30427329	30466726	+	102607	Snx19
chr9	30899155	30922452	-	235130	Adamts15
chr9	30942562	30963838	+	30806	Adamts8
chr9	31030644	31075885	+	235132	Zbtb44
chr9	31088590	31131799	-	19143	St14
chr9	31149557	31211815	-	11804	Aplp2
chr9	31271401	31275385	+	638580	Gm7244
chr9	31280588	31378543	+	382066	Prdm10
chr9	31386192	31421333	+	235134	Nfrkb
chr9	31426196	31464238	-	235135	Tmem45b
chr9	31846044	31913285	-	12023	Barx2
chr9	32116136	32265511	+	330914	Arhgap32
chr9	32314783	32344237	-	16521	Kcnj5
chr9	32372418	32399197	+	56379	Kcnj1
chr9	32422204	32541452	-	14247	Fli1
chr9	32636221	32757820	+	23871	Ets1
chr9	32904069	32928966	-	330917	Gm27162
chr9	34042371	34059019	+	77119	7630403G23Rik
chr9	34486126	35036307	+	67703	Kirrel3
chr9	35046579	35116810	-	20443	St3gal4
chr9	35116728	35130922	+	78934	4930581F22Rik
chr9	35124414	35175987	-	69305	Dcps
chr9	35184391	35200291	-	117149	Tirap
chr9	35204208	35211055	-	235169	Foxred1
chr9	35211203	35217003	+	67398	Srpr
chr9	35216965	35267805	-	109229	Fam118b
chr9	35267881	35275957	+	71989	Rpusd4
chr9	35281105	35285423	+	71133	4933422A05Rik
chr9	35421124	35507652	+	57810	Cdon
chr9	35541848	35558470	-	30959	Ddx25
chr9	35558595	35567400	+	67049	Pus3
chr9	35560821	35570069	-	76832	Hyls1
chr9	35570284	35690318	+	330921	Pate2
chr9	35607093	35611885	-	56872	Pate4
chr9	35645113	35648202	-	100312956	Pate3
chr9	35685079	35687371	-	100312987	Pate1
chr9	35741049	35742252	+	100312949	Gm17677
chr9	35776524	35790112	-	100312986	Gm17727
chr9	35788050	35790112	-	68171	D730048I06Rik
chr9	35838329	35844150	-	77080	9230110F15Rik
chr9	35848545	35849880	-	100041605	Gm3428
chr9	36119934	36128779	-	546123	Gm5916
chr9	36134287	36135630	-	100041618	Gm3434
chr9	36431884	36434938	+	639025	Gm7257
chr9	36475638	36477180	+	671003	Gm9513
chr9	36532403	36541963	-	434396	Gm5615
chr9	36581278	36582635	-	100312948	Gm17689
chr9	36635754	36638602	-	235973	A630095E13Rik
chr9	36668856	36693189	-	75567	1700027I24Rik
chr9	36693220	36698837	+	11451	Acrv1
chr9	36708482	36726658	-	12649	Chek1
chr9	36732413	36767578	-	16430	Stt3a
chr9	36779153	36797393	-	13663	Ei24
chr9	36832684	36878640	+	235180	Fez1
chr9	36890979	37147322	-	208076	Pknox2
chr9	37208223	37223228	+	66279	Tmem218
chr9	37229149	37255738	-	56857	Slc37a2
chr9	37275835	37348392	-	245902	Ccdc15
chr9	37367606	37386572	+	72927	Hepacam
chr9	37401897	37414023	+	74144	Robo4
chr9	37416045	37433175	-	19649	Robo3
chr9	37489321	37524165	+	235184	Msantd2
chr9	37528089	37538319	+	69524	Esam
chr9	37539255	37544205	+	57276	Vsig2
chr9	37544493	37552745	-	64011	Nrgn
chr9	37603294	37613721	-	20686	Spa17
chr9	37613847	37648318	+	22619	Siae
chr9	37649182	37657312	-	21376	Tbrg1
chr9	37659902	37669222	-	208098	Panx3
chr9	37711348	37712280	-	80706	Olfr160
chr9	37729977	37731061	-	406176	Olfr151
chr9	37746136	37747068	+	258882	Olfr874
chr9	37772637	37773640	+	258744	Olfr875
chr9	37803889	37804936	+	258883	Olfr876
chr9	37854820	37855755	+	258412	Olfr877
chr9	37897406	37898338	+	258310	Olfr145
chr9	37918548	37919612	+	258794	Olfr878
chr9	37992492	37993439	+	258413	Olfr881
chr9	38025808	38026737	+	258414	Olfr883
chr9	38047224	38048153	+	257996	Olfr884
chr9	38061322	38062251	+	257885	Olfr885
chr9	38084838	38085767	+	258415	Olfr887
chr9	38108688	38109632	+	258416	Olfr888
chr9	38115798	38116727	+	258475	Olfr889
chr9	38143137	38144081	+	258474	Olfr890
chr9	38179871	38180821	-	258471	Olfr891
chr9	38209052	38209993	+	258333	Olfr893
chr9	38218818	38219766	+	258868	Olfr894
chr9	38253419	38254360	+	258802	Olfr143
chr9	38268515	38269465	+	258875	Olfr895
chr9	38329492	38330559	+	18323	Olfr25
chr9	38349085	38350035	+	258871	Olfr898
chr9	38367548	38368543	+	258472	Olfr899
chr9	38377883	38378833	+	258874	Olfr900
chr9	38401711	38403829	+	258869	Olfr147
chr9	38430284	38431219	+	258028	Olfr901
chr9	38448792	38449847	+	258798	Olfr902
chr9	38464043	38464975	+	258797	Olfr904
chr9	38472749	38473681	+	258800	Olfr905
chr9	38488031	38488966	+	258799	Olfr906
chr9	38498671	38499603	+	258801	Olfr907
chr9	38523730	38524669	+	258873	Olfr911-ps1
chr9	38537882	38539829	+	258807	Olfr910
chr9	38580244	38582211	+	258806	Olfr912
chr9	38592803	38595161	+	258225	Olfr913
chr9	38606467	38607417	+	258782	Olfr914
chr9	38657458	38658390	-	258780	Olfr916
chr9	38664913	38665842	-	258183	Olfr917
chr9	38672504	38673481	-	258372	Olfr918
chr9	38697429	38698376	-	258432	Olfr919
chr9	38718268	38743337	+	67776	Vwa5a
chr9	38752796	38756863	+	258783	Olfr920
chr9	38773088	38776354	+	258778	Olfr921
chr9	38815408	38816539	+	258777	Olfr922
chr9	38827615	38828682	+	258812	Olfr923
chr9	38848116	38849042	+	404322	Olfr924
chr9	38855060	38855990	+	18324	Olfr26
chr9	38877178	38878104	+	258811	Olfr926
chr9	38930173	38931099	+	258269	Olfr930
chr9	38975678	38976604	+	258433	Olfr933
chr9	38982110	38983042	-	258434	Olfr934
chr9	38994507	38995433	-	258741	Olfr935
chr9	39018619	39019539	-	258742	Olfr146
chr9	39046614	39047549	-	100503486	Olfr936
chr9	39059729	39060664	-	258431	Olfr937
chr9	39077796	39078743	-	258430	Olfr938
chr9	39128167	39145072	+	258826	Olfr27
chr9	39166310	39185124	+	258323	Olfr943
chr9	39217359	39218294	+	258500	Olfr944
chr9	39237487	39238431	-	257959	Olfr1537
chr9	39257720	39258679	-	258499	Olfr945
chr9	39287924	39299481	-	257924	Olfr947-ps1
chr9	39318647	39319612	-	257912	Olfr948
chr9	39393793	39394737	+	258046	Olfr951
chr9	39426125	39427069	-	235248	Olfr952
chr9	39461433	39462377	+	258328	Olfr954
chr9	39469780	39470724	-	258242	Olfr955
chr9	39484204	39493988	-	18343	Olfr44
chr9	39510783	39511718	-	258740	Olfr957
chr9	39549931	39550869	-	258327	Olfr958
chr9	39572322	39573257	-	258501	Olfr959
chr9	39587396	39604124	-	244810	AW551984
chr9	39613569	39614501	+	258498	Olfr148
chr9	39623125	39624075	+	258276	Olfr960
chr9	39646728	39647672	+	258497	Olfr961
chr9	39669059	39669994	+	258087	Olfr963
chr9	39701832	39702767	-	235256	Olfr149
chr9	39719229	39720167	+	258165	Olfr965
chr9	39736817	39737755	+	258602	Olfr150
chr9	39750388	39751320	+	258086	Olfr967
chr9	39771772	39772798	-	258605	Olfr968
chr9	39795377	39796312	+	258823	Olfr969
chr9	39819641	39820576	+	258604	Olfr970
chr9	39839436	39840359	+	258607	Olfr971
chr9	39873277	39874221	+	258603	Olfr972
chr9	39909805	39910728	+	258606	Olfr229
chr9	39942262	39943194	+	259111	Olfr974
chr9	39949837	39950769	-	258825	Olfr975
chr9	39954257	39961044	-	258364	Olfr976
chr9	39993812	39994747	+	259109	Olfr978
chr9	40000206	40001250	-	259112	Olfr979
chr9	40005994	40007029	-	259110	Olfr980
chr9	40022395	40023327	+	258283	Olfr981
chr9	40050558	40053025	+	72224	1700001J11Rik
chr9	40074297	40075262	+	258853	Olfr982
chr9	40092017	40093558	-	258824	Olfr983
chr9	40100544	40101488	-	258601	Olfr984
chr9	40126924	40128039	-	258854	Olfr985
chr9	40148122	40150880	+	75667	Tmem225
chr9	40187079	40188094	+	258608	Olfr986
chr9	40192316	40213604	+	80902	Zfp202
chr9	40269216	40291618	+	235281	Scn3b
chr9	40293234	40531383	-	235283	Gramd1b
chr9	40333472	40343337	+	73558	1700110K17Rik
chr9	40685964	40784046	+	71566	Clmp
chr9	40801273	40805199	+	15481	Hspa8
chr9	40874127	40877972	+	244813	Bsx
chr9	40894849	40964112	-	70989	Jhy
chr9	40972798	41004628	-	54698	Crtam
chr9	41013641	41157494	-	72828	Ubash3b
chr9	41206155	41217627	+	78500	1700063D05Rik
chr9	41376526	41615185	+	73144	3110039I08Rik
chr9	41531425	41531504	+	723892	Mir100
chr9	41536716	41536811	+	723965	Mirlet7a-2
chr9	41581926	41582002	+	387236	Mir125b-1
chr9	41968489	42124289	-	20660	Sorl1
chr9	42182238	42209231	-	78194	4930546K05Rik
chr9	42254177	42264300	-	235293	Sc5d
chr9	42329619	42399929	-	21683	Tecta
chr9	42412317	42472226	-	272589	Tbcel
chr9	42520412	42944371	-	110637	Grik4
chr9	42963842	43105718	-	69632	Arhgef12
chr9	43108653	43116570	-	235300	Tmem136
chr9	43123939	43205755	-	18988	Pou2f3
chr9	43221278	43239816	-	102644	Oaf
chr9	43259879	43280075	+	235302	D630033O11Rik
chr9	43310763	43336125	+	72169	Trim29
chr9	43744576	43807461	+	58235	Nectin1
chr9	44043384	44048579	+	21838	Thy1
chr9	44067021	44095627	+	53376	Usp2
chr9	44101770	44109187	+	235312	C1qtnf5
chr9	44101770	44109187	+	259172	Mfrp
chr9	44110781	44113051	-	213211	Rnf26
chr9	44134658	44142726	+	84004	Mcam
chr9	44149262	44234046	-	12402	Cbl
chr9	44240677	44247306	+	270150	Ccdc153
chr9	44247312	44251464	-	170761	Pdzd3
chr9	44252713	44268599	-	270151	Nlrx1
chr9	44273190	44288244	-	192663	Abcg4
chr9	44295673	44305671	-	102423	Hinfp
chr9	44309237	44320282	-	71764	C2cd2l
chr9	44326845	44333600	+	13478	Dpagt1
chr9	44334715	44336077	+	15270	H2afx
chr9	44336348	44344228	-	15288	Hmbs
chr9	44348105	44361670	-	71732	Vps11
chr9	44379490	44392369	+	12282	Hyou1
chr9	44396927	44402968	+	14385	Slc37a4
chr9	44400423	44400488	+	102465658	Mir7085
chr9	44403759	44407548	-	60409	Trappc4
chr9	44407714	44410406	+	75617	Rps25
chr9	44410163	44418007	-	382073	Ccdc84
chr9	44434234	44440868	-	382074	Foxr1
chr9	44452715	44454767	-	22269	Upk2
chr9	44483113	44510423	+	80288	Bcl9l
chr9	44511787	44526440	-	12145	Cxcr5
chr9	44604892	44640731	+	13209	Ddx6
chr9	44673233	44686305	+	58866	Treh
chr9	44686308	44735198	-	102693	Phldb1
chr9	44742143	44767808	-	213827	Arcn1
chr9	44773009	44792714	+	76568	Ift46
chr9	44793779	44799242	-	71687	Tmem25
chr9	44799400	44802951	-	192653	Ttc36
chr9	44803355	44881274	-	214162	Kmt2a
chr9	44913248	44920742	-	27425	Atp5l
chr9	44923127	44965600	-	140630	Ube4a
chr9	44969572	44980431	-	12502	Cd3g
chr9	44981786	44987052	+	12500	Cd3d
chr9	44998743	45009590	-	12501	Cd3e
chr9	45042344	45054043	+	14012	Mpzl2
chr9	45055181	45075042	+	319742	Mpzl3
chr9	45079183	45108531	+	270152	Jaml
chr9	45107176	45135606	-	100038468	Gm10684
chr9	45117876	45130070	+	72821	Scn2b
chr9	45139042	45154061	+	399548	Scn4b
chr9	45172726	45204075	-	214523	Tmprss4
chr9	45182015	45249989	+	408059	BC049352
chr9	45253837	45269149	-	16154	Il10ra
chr9	45266643	45266707	-	102466803	Mir7086
chr9	45318266	45322079	-	72229	1700003G13Rik
chr9	45319100	45347581	+	214531	Tmprss13
chr9	45370185	45396159	+	59095	Fxyd6
chr9	45399709	45410278	+	11936	Fxyd2
chr9	45416626	45431232	-	74602	4833428L15Rik
chr9	45426628	45753713	+	114873	Dscaml1
chr9	45766946	45828638	-	214552	Cep164
chr9	45838545	45862484	+	23821	Bace1
chr9	45862415	45906911	-	235315	Rnf214
chr9	45906569	45929723	+	18554	Pcsk7
chr9	45929628	45936058	-	21345	Tagln
chr9	45937857	45955249	-	214597	Sidt2
chr9	45939521	45939590	-	102465659	Mir7087
chr9	45965311	45984871	-	18475	Pafah1b2
chr9	46012820	46224194	+	70661	Sik3
chr9	46228630	46230469	+	11806	Apoa1
chr9	46233050	46235636	-	11814	Apoc3
chr9	46240844	46243458	+	11808	Apoa4
chr9	46268608	46271919	+	66113	Apoa5
chr9	46273064	46282643	+	22687	Zpr1
chr9	46283012	46298783	+	215051	Bud13
chr9	46303361	46319986	-	74361	4931429L15Rik
chr9	46913603	46927366	+	73040	2900052N01Rik
chr9	46998741	47003860	+	215467	Gm4791
chr9	47530170	47853391	+	54725	Cadm1
chr9	47799160	47818208	-	100038460	Gm10677
chr9	48162014	48400025	+	244853	Nxpe4
chr9	48318004	48340898	-	78252	Nxpe2
chr9	48454344	48454727	+	667933	Gm8884
chr9	48468514	48480611	-	104444	Rexo2
chr9	48488697	48495330	-	67010	Rbm7
chr9	48495343	48495975	+	434402	Gm5617
chr9	48591877	48605123	-	18113	Nnmt
chr9	48654297	48836222	-	235320	Zbtb16
chr9	48899213	48911099	-	15561	Htr3a
chr9	48935008	48964990	-	57014	Htr3b
chr9	48985385	49042517	+	235323	Usp28
chr9	49055581	49078773	+	26951	Zw10
chr9	49081260	49117587	+	80893	Tmprss5
chr9	49250531	49280594	+	235327	Gm4894
chr9	49340662	49407214	+	13489	Drd2
chr9	49415222	49427021	-	244859	Ankk1
chr9	49436961	49486225	-	235330	Ttc12
chr9	49502129	49799393	-	17967	Ncam1
chr9	49518288	49568025	+	100036537	Gm11149
chr9	50232523	50233182	-	71873	2310003N18Rik
chr9	50488799	50504805	-	69631	Plet1os
chr9	50494525	50505639	+	76509	Plet1
chr9	50521617	50528641	-	19286	Pts
chr9	50533087	50555138	-	170752	Bco2
chr9	50554857	50581837	+	16173	Il18
chr9	50557148	50561268	-	66654	Tex12
chr9	50596340	50603849	-	66925	Sdhd
chr9	50603901	50614192	+	30057	Timm8b
chr9	50605240	50617464	-	270156	Nkapd1
chr9	50617321	50625000	+	72614	Pih1d2
chr9	50634633	50659780	-	235339	Dlat
chr9	50662752	50739447	-	330938	Dixdc1
chr9	50739691	50746521	-	66952	2310030G06Rik
chr9	50751072	50752354	-	69253	Hspb2
chr9	50751325	50756636	+	12955	Cryab
chr9	50762828	50768152	-	68721	1110032A03Rik
chr9	50768238	50772670	+	382137	Fdxacb1
chr9	50775225	50843639	+	102580	Alg9
chr9	50856924	50894229	+	73699	Ppp2r1b
chr9	50892801	51009073	-	235344	Sik2
chr9	51056780	51077094	-	244864	Layn
chr9	51081313	51102078	-	235345	4833427G06Rik
chr9	51103034	51103110	-	723932	Mir34c
chr9	51103562	51103645	-	723849	Mir34b
chr9	51105878	51119700	+	56057	Btg4
chr9	51213690	51240079	+	18985	Pou2af1
chr9	51270258	51278554	-	100502940	Colca2
chr9	51289686	51328917	-	69809	1810046K07Rik
chr9	51765352	51853059	+	244867	Arhgap20
chr9	51832814	51875886	-	408028	Arhgap20os
chr9	51914429	51927003	+	74072	4933407I05Rik
chr9	51943023	51963602	-	14148	Fdx1
chr9	52002061	52048705	-	629557	Gm6981
chr9	52047150	52088738	+	19684	Rdx
chr9	52111985	52168572	-	244871	Zc3h12c
chr9	52115623	52115739	+	102465150	Mir6244
chr9	52673032	52679780	-	330941	AI593442
chr9	52679863	52798772	+	382139	Gm1715
chr9	53098454	53248112	-	77591	Ddx10
chr9	53301670	53381158	+	320051	Exph5
chr9	53384023	53401867	+	68304	Kdelc2
chr9	53400805	53400886	-	102466640	Mir130c
chr9	53405286	53432803	+	75311	4930550C14Rik
chr9	53437122	53536671	-	11920	Atm
chr9	53537047	53575627	+	244879	Npat
chr9	53580522	53610350	-	110446	Acat1
chr9	53614582	53670013	-	75717	Cul5
chr9	53684110	53706232	-	270160	Rab39
chr9	53771535	53818161	+	72022	Slc35f2
chr9	53850251	53853849	+	66402	Sln
chr9	53911460	53975301	-	270162	Elmod1
chr9	54025606	54068411	-	244882	Tnfaip8l3
chr9	54165937	54268164	-	13075	Cyp19a1
chr9	54268580	54301570	-	73567	Gldnos
chr9	54286486	54341777	+	235379	Gldn
chr9	54365158	54501626	-	235380	Dmxl2
chr9	54538984	54545020	+	244885	Sh2d7
chr9	54545352	54560079	-	56506	Cib2
chr9	54586511	54604662	+	67834	Idh3a
chr9	54604997	54661885	-	94180	Acsbg1
chr9	54698947	54716317	+	58233	Dnaja4
chr9	54708313	54708381	+	100885845	Mir5710
chr9	54717153	54734549	-	66317	Wdr61
chr9	54764748	54773110	+	12903	Crabp1
chr9	54863755	54912534	+	64602	Ireb2
chr9	54917290	54949924	+	235386	Hykk
chr9	54950244	54950954	-	246735	AY074887
chr9	54950859	54958030	+	26441	Psma4
chr9	54980880	55007779	+	110835	Chrna5
chr9	55011343	55026559	-	110834	Chrna3
chr9	55028156	55048544	-	108015	Chrnb4
chr9	55149369	55207529	+	109161	Ube2q2
chr9	55208935	55224433	+	71999	Fbxo22
chr9	55220222	55283625	-	83961	Nrg4
chr9	55326949	55438344	+	244886	Tmem266
chr9	55454436	55512243	-	110842	Etfa
chr9	55541149	55546178	+	104360	Isl2
chr9	55549883	55938115	-	244891	Scaper
chr9	55962589	55980932	-	75258	4930563M21Rik
chr9	56027636	56031573	+	665005	Gm7444
chr9	56041845	56061882	+	26611	Rcn2
chr9	56089976	56128890	+	19200	Pstpip1
chr9	56131725	56161070	-	56434	Tspan3
chr9	56201126	56418050	-	244895	Peak1
chr9	56418846	56496936	+	66867	Hmg20a
chr9	56618464	56685253	-	235402	Lingo1
chr9	56848659	56864679	-	382075	Odf3l1
chr9	56865104	56899870	+	121021	Cspg4
chr9	56917200	56928371	-	235406	Snx33
chr9	56937500	56938398	+	102462	Imp3
chr9	56950924	56983199	+	66069	Snupn
chr9	56994968	57062808	+	56294	Ptpn9
chr9	57056897	57071966	-	100038566	Gm10658
chr9	57072040	57128368	+	20466	Sin3a
chr9	57075216	57076013	-	72588	2700012I20Rik
chr9	57129982	57131290	-	76794	Man2c1os
chr9	57130777	57142210	+	73744	Man2c1
chr9	57143256	57148212	-	72774	Neil1
chr9	57155041	57158299	-	66199	Commd4
chr9	57175275	57186108	+	67319	1700041C23Rik
chr9	57236556	57249864	+	541610	Trcg1
chr9	57252322	57262599	-	74211	1700017B05Rik
chr9	57385956	57440114	-	66812	Ppcdc
chr9	57391070	57400364	+	73772	4930430J02Rik
chr9	57441327	57468060	-	56807	Scamp5
chr9	57504102	57505447	+	102614	Rpp25
chr9	57521232	57532427	+	12858	Cox5a
chr9	57537528	57543187	+	78323	Fam219b
chr9	57544268	57552752	-	110119	Mpi
chr9	57560944	57588798	+	24044	Scamp2
chr9	57589452	57596233	+	71742	Ulk3
chr9	57599992	57606281	-	235415	Cplx3
chr9	57607033	57620774	-	235416	Lman1l
chr9	57626646	57653631	-	12988	Csk
chr9	57676937	57683655	-	13077	Cyp1a2
chr9	57687928	57703824	+	13076	Cyp1a1
chr9	57708569	57750163	+	353190	Edc3
chr9	57750711	57765860	-	102414	Clk3
chr9	57790496	57836793	-	56380	Arid3b
chr9	57910986	57929968	+	69459	Ubl7
chr9	57940135	57962865	+	20361	Sema7a
chr9	57998041	58027023	+	13070	Cyp11a1
chr9	58028674	58118823	-	382077	Ccdc33
chr9	58032274	58048997	+	330951	Gm16130
chr9	58063788	58153997	+	20897	Stra6
chr9	58156264	58159221	-	26968	Islr
chr9	58196297	58204319	-	320563	Islr2
chr9	58202897	58208808	+	665268	1600029O15Rik
chr9	58217179	58249786	-	18854	Pml
chr9	58221150	58221254	+	102466639	Mir6385
chr9	58253164	58263209	+	69106	Stoml1
chr9	58287723	58313212	-	16949	Loxl1
chr9	58359804	58370369	-	74286	Tbc1d21
chr9	58370504	58374183	+	73529	1700072B07Rik
chr9	58455173	58469623	+	74879	4930461G14Rik
chr9	58488603	58499742	+	319477	Insyn1
chr9	58524300	58555033	-	102657	Cd276
chr9	58582240	58657955	+	20320	Nptn
chr9	58652856	58741559	-	73673	Rec114
chr9	58823512	58860955	+	330953	Hcn4
chr9	58874679	59036441	-	18007	Neo1
chr9	59291572	59316200	+	72141	Adpgk
chr9	59321966	59353508	-	102774	Bbs4
chr9	59388554	59486374	-	23806	Arih1
chr9	59477745	59481741	-	100504377	Gm20199
chr9	59518685	59525501	-	73893	Tmem202
chr9	59539667	59565105	+	15211	Hexa
chr9	59578337	59607292	+	76183	Celf6
chr9	59617284	59650290	+	67287	Parp6
chr9	59656368	59679375	+	18746	Pkm
chr9	59707637	59716424	+	546134	Gramd2
chr9	59734259	59750649	-	71599	Senp8
chr9	59751174	59928866	+	270163	Myo9a
chr9	59942771	59960659	-	23958	Nr2e3
chr9	59951294	59959044	+	665389	Gm7616
chr9	59966931	60511035	-	207596	Thsd4
chr9	60523967	60545882	-	100504561	9230112J17Rik
chr9	60568859	60688134	-	102747	Lrrc49
chr9	60713121	60738801	+	67557	Larp6
chr9	60794548	60880370	+	72565	Uaca
chr9	61017069	61019797	+	330956	Gm5122
chr9	61103012	61105386	-	66785	4933433G08Rik
chr9	61138515	61145259	+	619328	I730028E13Rik
chr9	61259227	61293809	-	622037	B930092H01Rik
chr9	61372366	61418497	+	21887	Tle3
chr9	61913283	61914510	-	56040	Rplp1
chr9	61917277	61946799	-	71819	Kif23
chr9	61953738	62026790	-	74090	Paqr5
chr9	62057248	62122609	-	93683	Glce
chr9	62122518	62122594	-	100628602	Mir5133
chr9	62242596	62244100	-	330958	A730043L09Rik
chr9	62270729	62282179	-	66712	Spesp1
chr9	62341343	62378802	+	11737	Anp32a
chr9	62419492	62537044	-	235431	Coro2b
chr9	62677855	62783979	+	319480	Itga11
chr9	62791824	62811648	-	14155	Fem1b
chr9	62838787	62852002	+	76524	Cln6
chr9	62841477	62862024	-	677044	Gm10653
chr9	62858104	62875918	+	75600	Calml4
chr9	62878487	62980879	-	56469	Pias1
chr9	63138164	63148961	-	207667	Skor1
chr9	63163770	63377852	-	23938	Map2k5
chr9	63394447	63399244	-	69478	2300009A05Rik
chr9	63421449	63602493	-	78250	Iqch
chr9	63602655	63641889	+	66939	Aagab
chr9	63646767	63757994	-	17127	Smad3
chr9	63953076	64022059	-	17130	Smad6
chr9	64038465	64041465	-	73397	1700055C04Rik
chr9	64049829	64054100	+	68697	1110036E04Rik
chr9	64080761	64088045	+	76814	Scarletltr
chr9	64117147	64138118	+	235435	Lctl
chr9	64137144	64172931	-	68014	Zwilch
chr9	64173387	64178562	+	67891	Rpl4
chr9	64175432	64175522	+	100217453	Snord16a
chr9	64179297	64182688	+	330959	Snapc5
chr9	64185793	64253605	-	26395	Map2k1
chr9	64235201	64236362	+	93841	Uchl4
chr9	64281585	64305422	+	66131	Tipin
chr9	64306756	64341257	-	213550	Dis3l
chr9	64385626	64709205	+	214058	Megf11
chr9	64715300	64737756	-	53869	Rab11a
chr9	64811011	64919667	+	102442	Dennd4a
chr9	64922861	64951607	-	214111	Slc24a1
chr9	64960832	64986981	+	69882	Ints14
chr9	64986983	65021717	-	57874	Hacd3
chr9	65032458	65082651	+	74388	Dpp8
chr9	65100946	65137947	+	56741	Igdcc4
chr9	65141189	65185872	+	19289	Igdcc3
chr9	65214690	65239219	+	214424	Parp16
chr9	65265180	65280605	+	214425	Cilp
chr9	65294260	65330658	+	270166	Clpx
chr9	65346068	65359643	+	50996	Pdcd7
chr9	65361060	65380377	+	208080	Ubap1l
chr9	65388684	65391652	-	74492	Kbtbd13
chr9	65398488	65414853	+	70784	Rasl12
chr9	65412753	65422773	-	330962	Slc51b
chr9	65435782	65453054	+	69606	Mtfmt
chr9	65460937	65488470	+	27965	Spg21
chr9	65552577	65580087	-	102595	Plekho2
chr9	65587160	65595962	+	208084	Pif1
chr9	65629648	65660518	+	71973	Rbpms2
chr9	65676548	65690300	+	18247	Oaz2
chr9	65691583	65827564	-	214812	Zfp609
chr9	65828926	65908794	-	56404	Trip4
chr9	65890323	65903551	+	68026	Pclaf
chr9	65909010	66045014	+	214897	Csnk1g1
chr9	66060169	66066629	+	19035	Ppib
chr9	66065176	66069731	-	382083	Snx22
chr9	66088127	66124886	-	56440	Snx1
chr9	66126611	66138968	+	68250	Ciao2a
chr9	66158226	66272242	+	13143	Dapk2
chr9	66350450	66508775	+	235439	Herc1
chr9	66508459	66514593	-	74165	Fbxl22
chr9	66514639	66593115	-	235441	Usp3
chr9	66713686	66766845	+	76459	Car12
chr9	66775487	66795423	-	208117	Aph1b
chr9	66814994	66834706	-	68318	Aph1c
chr9	66843664	66919705	-	235442	Rab8b
chr9	66946076	66949522	+	67941	Rps27l
chr9	66955393	66975484	-	80907	Lactb
chr9	67022593	67049213	-	22003	Tpm1
chr9	67133561	67163788	+	100502636	Gm19299
chr9	67217085	67559703	-	70549	Tln2
chr9	67236660	67236726	-	387185	Mir190a
chr9	67727717	67727780	-	102466824	Mir7241
chr9	67729499	67729577	-	102465716	Mir7242
chr9	67759437	67760933	+	75697	C2cd4b
chr9	67830532	67832330	-	244911	C2cd4a
chr9	67840396	67995634	+	320528	Vps13c
chr9	68017964	68025714	-	434412	Gm20745
chr9	68470902	68520200	-	74951	4930502A04Rik
chr9	68653786	69388246	+	19883	Rora
chr9	68765346	68773322	+	320440	9530091C08Rik
chr9	69348889	69364247	-	102642202	Gm15511
chr9	69397998	69433074	+	93697	Ice2
chr9	69453683	69491785	+	12306	Anxa2
chr9	69456944	69457031	+	100526560	Mir3109
chr9	69757710	69760940	-	64290	Foxb1
chr9	69758740	69830199	+	319970	B230323A14Rik
chr9	69989466	70011659	+	12175	Bnip2
chr9	70012548	70022866	+	235459	Gtf2a2
chr9	70031496	70038088	-	72077	Gcnt3
chr9	70089310	70141557	-	76886	Fam81a
chr9	70207350	70400067	+	71602	Myo1e
chr9	70405694	70405753	-	100885839	Mir5626
chr9	70407689	70421554	-	12442	Ccnb2
chr9	70425429	70503725	-	93836	Rnf111
chr9	70542778	70592232	+	66660	Sltm
chr9	70599014	70657174	-	235461	Mindy2
chr9	70678982	70780229	+	11487	Adam10
chr9	70798128	70952221	-	15450	Lipc
chr9	71110659	71163289	-	64008	Aqp9
chr9	71168776	71208122	+	102635087	Gm32511
chr9	71211913	71215386	-	100041660	Gm3458
chr9	71215789	71296243	+	19378	Aldh1a2
chr9	71478437	71485983	-	28015	Polr2m
chr9	71504347	71592360	-	102371	Myzap
chr9	71626507	71771602	-	68178	Cgnl1
chr9	71844252	72111819	-	21406	Tcf12
chr9	72274888	72363771	+	235469	Zfp280d
chr9	72409061	72409943	-	100502819	BC065403
chr9	72438529	72458576	+	17427	Mns1
chr9	72450394	72510922	-	21778	Tex9
chr9	72518250	72531858	-	75115	4930509E16Rik
chr9	72532240	72622949	+	319758	Rfx7
chr9	72662347	72749848	+	17999	Nedd4
chr9	72807274	72917307	+	235472	Prtg
chr9	72925650	72946015	+	72135	Pygo1
chr9	72958785	72973067	+	67685	Dyx1c1
chr9	72979724	72985376	-	546143	Ccpg1os
chr9	72985504	73016340	+	72278	Ccpg1
chr9	73014664	73039699	-	55981	Pigb
chr9	73039718	73042782	+	66364	2310009A05Rik
chr9	73044810	73097614	+	11891	Rab27a
chr9	73102398	73104443	+	66991	Khdc3
chr9	73113469	73123333	+	225215	Rsl24d1
chr9	73479422	73933567	-	208898	Unc13c
chr9	74110334	74283203	+	546144	Wdr72
chr9	74848437	74889648	+	100503019	Gm16551
chr9	74861921	74889648	+	15379	Onecut1
chr9	74952884	75032468	+	235493	Fam214a
chr9	75037614	75060313	+	59046	Arpp19
chr9	75071206	75223688	+	17918	Myo5a
chr9	75232014	75305451	+	208943	Myo5c
chr9	75306288	75345923	+	14697	Gnb5
chr9	75347758	75351640	+	12049	Bcl2l10
chr9	75386782	75410016	-	50772	Mapk6
chr9	75410184	75417709	+	71274	4933433G15Rik
chr9	75441524	75466432	+	235497	Leo1
chr9	75497784	75559657	-	50875	Tmod3
chr9	75565621	75611325	-	50876	Tmod2
chr9	75625732	75637773	+	70082	Lysmd2
chr9	75643366	75684056	-	20255	Scg3
chr9	75775365	75900316	+	12160	Bmp5
chr9	76014977	76136350	+	208982	Hmgcll1
chr9	76164102	76213657	-	404194	Gfral
chr9	76225880	76323578	-	387285	Hcrtr2
chr9	76490705	76567115	-	208994	Fam83b
chr9	76951698	77045781	-	26944	Tinag
chr9	77102084	77347870	-	69642	Mlip
chr9	77366412	77399416	-	70487	5730403I07Rik
chr9	77430823	77544852	-	214345	Lrrc1
chr9	77636732	77660125	+	244923	Klhl31
chr9	77754535	77794489	+	14629	Gclc
chr9	77917365	77984519	+	68801	Elovl5
chr9	78051958	78065624	+	14531	Gcm1
chr9	78081499	78109065	-	71538	Fbxo9
chr9	78109192	78172110	+	56542	Ick
chr9	78175914	78178882	+	320295	C920006O11Rik
chr9	78191966	78209349	+	14860	Gsta4
chr9	78230669	78242683	+	14857	Gsta1
chr9	78230669	78269166	+	100042295	Gm3776
chr9	78289928	78305525	+	100042314	Gm10639
chr9	78311972	78314797	-	18379	Omt2a
chr9	78328030	78329620	+	382088	Omt2b
chr9	78331020	78347145	-	14858	Gsta2
chr9	78367052	78368199	-	434423	Dppa5a
chr9	78376903	78378588	-	67968	Ooep
chr9	78395777	78423589	+	100048658	Ddx43
chr9	78430518	78443237	-	214763	Cgas
chr9	78448210	78474152	+	68291	Mto1
chr9	78478453	78481724	-	13627	Eef1a1
chr9	78536487	78588045	-	235504	Slc17a5
chr9	78615546	78716260	+	235505	Cd109
chr9	79444037	79519302	-	100038575	Gm10635
chr9	79598987	79718722	-	12816	Col12a1
chr9	79755241	79759853	-	12866	Cox7a2
chr9	79768941	79793430	-	69981	Tmem30a
chr9	79793641	79803235	+	74633	4930429F24Rik
chr9	79815562	79977882	-	70598	Filip1
chr9	80066903	80144781	+	215351	Senp6
chr9	80165034	80311729	+	17920	Myo6
chr9	80313330	80465438	-	63859	Impg1
chr9	81631392	81632552	-	15551	Htr1b
chr9	81631930	81645156	+	319405	D430036J16Rik
chr9	81863744	82027491	+	75033	Mei4
chr9	82829806	82847688	+	65099	Irak1bp1
chr9	82866159	82975489	-	83946	Phip
chr9	83109942	83146607	-	94353	Hmgn3
chr9	83391355	83441127	-	75782	Lca5
chr9	83431547	83454574	+	100039186	Gm2087
chr9	83548338	83638801	+	212531	Sh3bgrl2
chr9	83691475	83693247	+	100039222	Gm2109
chr9	83778692	83806305	-	83603	Elovl4
chr9	83834689	83872390	+	22137	Ttk
chr9	83925137	84124240	+	12040	Bckdhb
chr9	84774398	84784351	+	75253	4930554C24Rik
chr9	85320439	85327150	-	212943	Tent5a
chr9	85687360	85749334	-	108837	Ibtk
chr9	85842380	85847055	+	21983	Tpbg
chr9	86307234	86464916	-	70348	Ube2cbp
chr9	86467154	86555806	+	320615	Dop1a
chr9	86552476	86571842	-	109785	Pgm3
chr9	86571988	86574899	+	69519	Rwdd2a
chr9	86581363	86695914	-	17436	Me1
chr9	86695442	86701253	+	319556	A330041J22Rik
chr9	86743633	86757508	+	244954	Prss35
chr9	86765927	86880654	-	20616	Snap91
chr9	87015537	87019916	+	382089	Ripply2
chr9	87022029	87077774	+	266690	Cyb5r4
chr9	87144306	87184045	+	244958	Mrap2
chr9	87191963	87255532	-	382090	Cep162
chr9	87702800	87731260	-	76365	Tbx18
chr9	88327609	88372089	+	23959	Nt5e
chr9	88376747	88438951	-	244962	Snx14
chr9	88449364	88482397	-	56403	Syncrip
chr9	88521052	88522897	-	72655	Snhg5
chr9	88548020	88571086	+	71640	Zfp949
chr9	88581036	88588819	+	547109	Trim43a
chr9	88595325	88599516	-	320692	9430037G07Rik
chr9	88688605	88719798	-	100039707	Mthfsl
chr9	88723288	88731850	-	12047	Bcl2a1d
chr9	88839164	88848190	+	666731	Trim43c
chr9	88841798	88858870	-	319673	9330159M07Rik
chr9	88956920	88962416	+	12044	Bcl2a1a
chr9	89084624	89092835	-	666747	Trim43b
chr9	89199273	89207838	+	12045	Bcl2a1b
chr9	89211190	89240225	+	107885	Mthfs
chr9	89590029	89622986	-	209743	Minar1
chr9	89699203	89705043	-	66111	Tmed3
chr9	89728249	89738475	-	330998	Ankrd34c
chr9	89802260	89802328	-	387179	Mir184
chr9	89826519	89864028	+	74700	4930524O08Rik
chr9	89909775	90026979	+	19417	Rasgrf1
chr9	90054267	90076095	+	13036	Ctsh
chr9	90091669	90114820	-	21761	Morf4l1
chr9	90162978	90200102	+	108153	Adamts7
chr9	90202047	90270769	-	67016	Tbc1d2b
chr9	91360345	91365799	-	22771	Zic1
chr9	91368972	91389348	+	22774	Zic4
chr9	92192936	92209698	+	100504689	Plscr5
chr9	92250194	92272561	+	22038	Plscr1
chr9	92267258	92267361	-	102465203	Mir6386
chr9	92275602	92297752	+	18828	Plscr2
chr9	92309377	92357876	+	78459	1700057G04Rik
chr9	92457378	92492516	+	235527	Plscr4
chr9	92538801	92542869	-	78575	B430319G15Rik
chr9	92542223	92608428	+	26432	Plod2
chr9	92718716	92795711	+	331003	4933400C23Rik
chr9	92979916	93005733	-	78349	1700034K08Rik
chr9	94517864	94538081	-	68861	1190002N15Rik
chr9	94669892	95230452	+	331004	Slc9a9
chr9	94751829	94751890	+	102465763	Mir7656
chr9	95400926	95407270	-	54371	Chst2
chr9	95456894	95511996	-	67958	U2surp
chr9	95559817	95562121	+	75552	Paqr9
chr9	95637628	95695551	+	76477	Pcolce2
chr9	95705067	95750358	-	22063	Trpc1
chr9	95752642	95845279	-	102502	Pls1
chr9	95855418	95857882	-	73410	1700065D16Rik
chr9	95857597	95951644	+	245000	Atr
chr9	95954760	96057806	+	24127	Xrn1
chr9	96119429	96182953	+	235533	Gk5
chr9	96196275	96323646	+	211586	Tfdp2
chr9	96332673	96364299	-	11933	Atp1b3
chr9	96470937	96478675	-	19823	Rnf7
chr9	96539300	96631536	-	114713	Rasa2
chr9	96685423	96752831	-	245007	Zbtb38
chr9	96731292	96752831	-	319859	E030011O05Rik
chr9	96765562	96774397	+	319707	C430002N11Rik
chr9	96823343	96889474	-	235534	Pxylp1
chr9	96943482	97018355	-	211949	Spsb4
chr9	97077011	97111041	-	192287	Slc25a36
chr9	97349562	97369958	-	78911	Trim42
chr9	97444395	98033167	-	64085	Clstn2
chr9	98003420	98012175	+	66737	4921534H16Rik
chr9	98287455	98420394	+	74080	Nmnat3
chr9	98422961	98446551	+	19659	Rbp1
chr9	98490537	98509771	+	19660	Rbp2
chr9	98562460	98563611	-	75881	4930579K19Rik
chr9	98563731	98588375	+	50797	Copb2
chr9	98588730	98601679	-	64655	Mrps22
chr9	98748599	98820087	-	331011	E330023G01Rik
chr9	98842587	98843645	+	623166	Prr23a1
chr9	98856591	98857352	+	623186	Prr23a2
chr9	98864767	98866580	+	71979	Prr23a3
chr9	98903119	98904622	+	546157	7420426K07Rik
chr9	98949155	98955310	-	768252	Foxl2os
chr9	98955607	98958126	+	26927	Foxl2
chr9	98986373	99002019	+	23873	Faim
chr9	99006965	99035690	-	382097	Gm1123
chr9	99038402	99140211	-	74769	Pik3cb
chr9	99229376	99237239	-	623459	Faiml
chr9	99243468	99300404	+	68121	Cep70
chr9	99299007	99304673	-	73774	4930422M22Rik
chr9	99309967	99358530	-	272636	Esyt3
chr9	99385420	99436926	-	17532	Mras
chr9	99456243	99479899	+	623534	Nme9
chr9	99470421	99474751	+	69797	1600029I14Rik
chr9	99478391	99568899	-	74125	Armc8
chr9	99575799	99584343	+	83703	Dbr1
chr9	99612502	99622367	+	333424	A4gnt
chr9	99629531	99670075	+	72507	Dzip1l
chr9	99690796	99717267	-	56492	Cldn18
chr9	99874106	99876170	-	20669	Sox14
chr9	100022300	100034670	+	108970	4930519F24Rik
chr9	100457719	100486473	-	213208	Il20rb
chr9	100494302	100546134	-	17973	Nck1
chr9	100552188	100571085	-	245020	Slc35g2
chr9	100643623	100958544	+	20842	Stag1
chr9	100982032	101034884	-	66904	Pccb
chr9	101074762	101104800	+	77853	Msl2
chr9	101104989	101251832	-	235542	Ppp2r3a
chr9	101342194	101348017	+	102633035	Gm28979
chr9	101922128	102354693	-	270190	Ephb1
chr9	102304924	102304975	-	102466241	Mir7243
chr9	102506138	102546239	+	16716	Ky
chr9	102586578	102626124	-	28135	Cep63
chr9	102626296	102634244	+	69010	Anapc13
chr9	102716802	102733417	+	56332	Amotl2
chr9	102739648	102756685	+	434510	Gm5627
chr9	102834920	102908307	+	20187	Ryk
chr9	102988712	103096001	+	24059	Slco2a1
chr9	103112074	103185270	+	270192	Rab6b
chr9	103188033	103202065	-	20818	Srprb
chr9	103208876	103230286	-	22041	Trf
chr9	103250530	103288297	-	71775	1300017J02Rik
chr9	103305327	103350428	+	235559	Topbp1
chr9	103353102	103365780	-	321022	Cdv3
chr9	103423578	103461260	+	100529079	5830418P13Rik
chr9	103424924	103480328	-	107993	Bfsp2
chr9	103482936	103761837	-	81907	Tmem108
chr9	103557090	103565891	+	319215	4932413F04Rik
chr9	104002544	104075942	+	74025	Nphp3
chr9	104046588	104063121	-	66663	Uba5
chr9	104063703	104127646	+	102632	Acad11
chr9	104098138	104126643	-	252837	Ackr4
chr9	104151597	104262930	-	235567	Dnajc13
chr9	104288240	104337722	-	56318	Acpp
chr9	104426113	104426187	+	100316725	Mir2136
chr9	104547286	105034544	+	74020	Cpne4
chr9	105053268	105077476	+	94062	Mrpl3
chr9	105129338	105131805	-	75686	Nudt16
chr9	105143344	105145082	-	73532	1700080E11Rik
chr9	105162467	105395287	-	208583	Nek11
chr9	105395392	105405758	+	66595	Aste1
chr9	105411362	105527319	-	235574	Atp2c1
chr9	105642995	105687655	+	75669	Pik3r4
chr9	105689417	105828085	-	245026	Col6a6
chr9	105856070	105960643	-	665033	Col6a5
chr9	105990318	106096691	-	68553	Col6a4
chr9	106152860	106158138	-	235582	Glyctk
chr9	106154124	106154213	+	387153	Mir135a-1
chr9	106170929	106191706	+	77305	Wdr82
chr9	106178840	106178927	+	387249	Mirlet7g
chr9	106194953	106199233	-	67905	Ppm1m
chr9	106203108	106215387	+	23999	Twf2
chr9	106222598	106226876	+	81897	Tlr9
chr9	106233455	106247954	-	11655	Alas1
chr9	106281061	106349891	+	70235	Poc1a
chr9	106368632	106375724	+	235584	Dusp7
chr9	106429411	106431568	+	19944	Rpl29
chr9	106432981	106438236	-	109652	Acy1
chr9	106440051	106447678	-	68644	Abhd14a
chr9	106448640	106452918	+	76491	Abhd14b
chr9	106453838	106464012	+	59092	Pcbp4
chr9	106463960	106465940	-	436090	Gpr62
chr9	106470322	106476949	-	235587	Parp3
chr9	106477309	106485415	+	27966	Rrp9
chr9	106499967	106502250	+	74267	Iqcf1
chr9	106503225	106561625	-	68265	Iqcf3
chr9	106514573	106516003	+	75470	Iqcf5
chr9	106568319	106570967	-	67320	Iqcf4
chr9	106626582	106627612	+	100041096	Iqcf6
chr9	106644534	106656109	-	108068	Grm2
chr9	106658746	106685952	-	21767	Tex264
chr9	106688080	106789213	-	81000	Rad54l2
chr9	106821976	106880992	+	321006	Dcaf1
chr9	106883985	106887000	-	109095	Rbm15b
chr9	106887415	106891938	-	74840	Manf
chr9	106892825	107231909	-	208869	Dock3
chr9	107192807	107194061	+	100417434	AA543401
chr9	107254927	107289877	-	102626	Mapkapk3
chr9	107296659	107302784	+	12700	Cish
chr9	107327082	107338350	-	69536	Hemk1
chr9	107340640	107349683	+	235599	6430571L13Rik
chr9	107399880	107529343	+	56808	Cacna2d2
chr9	107533945	107538656	+	56395	Tmem115
chr9	107539011	107542118	-	56368	Cyb561d2
chr9	107542209	107545706	+	56032	Nprl2
chr9	107547310	107551319	+	114602	Zmynd10
chr9	107551555	107562267	+	56289	Rassf1
chr9	107563255	107566108	+	80385	Tusc2
chr9	107569163	107572778	+	15587	Hyal2
chr9	107576952	107583519	+	15586	Hyal1
chr9	107578881	107584048	+	56441	Naa80
chr9	107581296	107587359	+	109685	Hyal3
chr9	107587718	107593038	+	15983	Ifrd2
chr9	107597674	107609241	-	20347	Sema3b
chr9	107614138	107635342	-	14678	Gnai2
chr9	107651155	107668968	-	76257	Slc38a3
chr9	107674474	107679592	-	14685	Gnat1
chr9	107681502	107710475	-	20350	Sema3f
chr9	107740495	107771002	-	83486	Rbm5
chr9	107773559	107872819	-	19654	Rbm6
chr9	107888129	107903139	+	72825	Mon1a
chr9	107906889	107920383	+	19882	Mst1r
chr9	107928469	107932461	+	67722	Actl11
chr9	107935920	107949691	+	235604	Camkv
chr9	107950963	107972268	+	22036	Traip
chr9	107975567	107995007	+	74153	Uba7
chr9	107984223	107985916	-	68176	Inka1
chr9	107996352	108048782	+	27399	Ip6k1
chr9	108049290	108051936	+	331026	Gmppb
chr9	108051672	108079375	-	84585	Rnf123
chr9	108053159	108055701	+	320844	Amigo3
chr9	108080436	108085027	+	15235	Mst1
chr9	108081498	108081583	+	102466914	Mir7088
chr9	108085414	108094480	-	235606	Apeh
chr9	108096022	108190383	-	12217	Bsn
chr9	108133718	108138567	+	76873	4930447F24Rik
chr9	108204861	108263958	-	13138	Dag1
chr9	108290457	108296496	+	66257	Nicn1
chr9	108296922	108301597	+	434437	Amt
chr9	108302955	108306159	-	102791	Tcta
chr9	108306160	108337943	+	11848	Rhoa
chr9	108339080	108340342	+	14775	Gpx1
chr9	108347831	108392545	+	22258	Usp4
chr9	108392834	108397770	+	112418	1700102P08Rik
chr9	108403621	108428482	-	434438	Ccdc36
chr9	108436482	108446083	+	434439	BC048562
chr9	108447637	108461581	-	78267	Klhdc8b
chr9	108460518	108465945	+	72454	Ccdc71
chr9	108479862	108490530	+	16779	Lamb2
chr9	108490676	108502337	+	71472	Usp19
chr9	108508005	108515941	+	97541	Qars
chr9	108517087	108560167	+	69232	Qrich1
chr9	108560501	108565573	+	23918	Impdh2
chr9	108565865	108567342	-	66706	Ndufaf3
chr9	108568319	108568861	+	723864	Mir425
chr9	108569892	108572771	+	67789	Dalrd3
chr9	108572313	108578670	-	83669	Wdr6
chr9	108578826	108597600	-	74443	P4htm
chr9	108602942	108653681	-	23807	Arih2
chr9	108662098	108684641	+	57279	Slc25a20
chr9	108692143	108749512	+	19087	Prkar2a
chr9	108783796	108806333	+	76500	Ip6k2
chr9	108808380	108818366	+	80987	Nckipsd
chr9	108826320	108852969	+	107934	Celsr3
chr9	108854037	108913049	+	171429	Slc26a6
chr9	108914619	108915563	+	69384	Tmem89
chr9	108936648	108949641	+	22273	Uqcrc1
chr9	108953745	108984875	+	12836	Col7a1
chr9	108969922	108970003	+	751536	Mir711
chr9	108986163	108987164	+	171530	Ucn2
chr9	108991902	109032225	+	270198	Pfkfb4
chr9	109038567	109057792	+	66940	Shisa5
chr9	109057932	109059723	-	22040	Trex1
chr9	109057932	109074124	-	111828493	Atrip-trex1
chr9	109077988	109082381	-	66167	Tma7
chr9	109082496	109093363	+	66658	Ccdc51
chr9	109095436	109119915	+	235611	Plxnb1
chr9	109139454	109162022	-	320082	Fbxw21
chr9	109179227	109195975	-	211305	Fbxw13
chr9	109217432	109234754	-	434440	Fbxw20
chr9	109271123	109287676	-	50757	Fbxw14
chr9	109322886	109339659	-	668758	Fbxw28
chr9	109378406	109404294	-	382156	Fbxw22
chr9	109432318	109449140	-	320083	Fbxw16
chr9	109478575	109495854	-	235612	Fbxw19
chr9	109552602	109568262	-	382105	Fbxw15
chr9	109601116	109626059	-	382106	Fbxw24
chr9	109676734	109702700	-	546161	Fbxw18
chr9	109717566	109746089	-	382109	Fbxw26
chr9	109766045	109790650	-	76998	Fbxw27
chr9	109816627	109826628	+	78709	Spink8
chr9	109830153	109831429	-	378954	3000002C10Rik
chr9	109832794	109842961	+	54369	Nme6
chr9	109847377	109849456	-	12796	Camp
chr9	109875579	109893890	+	12530	Cdc25a
chr9	109889643	109889710	+	102465660	Mir7089
chr9	109931774	110083954	+	17758	Map4
chr9	110084319	110117616	-	72831	Dhx30
chr9	110132024	110240178	+	20588	Smarcc1
chr9	110243783	110262576	+	29873	Cspg5
chr9	110281287	110281409	+	102465959	Mir6236
chr9	110305192	110322102	+	72341	Elp6
chr9	110333288	110384949	+	235623	Scap
chr9	110385089	110408210	-	104831	Ptpn23
chr9	110419808	110423012	+	18054	Ngp
chr9	110425926	110476694	-	270201	Klhl18
chr9	110476958	110525174	+	16578	Kif9
chr9	110532597	110618633	+	235626	Setd2
chr9	110621135	110624393	-	67169	Nradd
chr9	110624789	110654161	-	235627	Nbeal2
chr9	110635999	110636115	-	102466885	Mir8107
chr9	110656503	110711593	+	72654	Ccdc12
chr9	110722085	110747145	-	19228	Pth1r
chr9	110763681	110769794	+	17897	Myl3
chr9	110798185	110803744	+	235628	Prss42
chr9	110813994	110824523	+	73336	Prss44
chr9	110826690	110831507	+	272643	Prss43
chr9	110834588	110841310	+	260408	Prss45
chr9	110844506	110856522	+	74306	Prss46
chr9	110857967	110864628	+	235631	Prss50
chr9	110866046	110880083	-	20776	Tmie
chr9	110880174	110900530	+	235633	Als2cl
chr9	110914739	110916861	-	235634	Fam240a
chr9	110939608	110946158	-	21667	Tdgf1
chr9	110951545	110984066	+	74249	Lrrc2
chr9	110984935	110989713	-	235636	Rtp3
chr9	111019292	111042766	+	17002	Ltf
chr9	111054834	111057518	-	54199	Ccrl2
chr9	111118111	111225668	+	71268	Lrrfip2
chr9	111228228	111271608	-	17350	Mlh1
chr9	111271845	111279093	+	77781	Epm2aip1
chr9	111311739	111395775	+	320429	Trank1
chr9	111439081	111489611	+	245038	Dclk3
chr9	111561437	111690348	-	20840	Stac
chr9	112065091	112234841	-	74100	Arpp21
chr9	112118636	112118711	-	723815	Mir128-2
chr9	112227456	112228242	+	70194	2310075C17Rik
chr9	112234277	112348925	+	620760	2900079G21Rik
chr9	113496746	113587152	-	102688	AU023762
chr9	113651744	113708259	-	18571	Pdcd6ip
chr9	113741473	113919697	+	76499	Clasp2
chr9	113930934	113977202	+	22221	Ubp1
chr9	113976958	114026751	-	72179	Fbxl2
chr9	114057354	114098733	+	382111	Susd5
chr9	114330135	114330578	+	12046	Bcl2a1c
chr9	114341111	114364627	-	75100	4930525D18Rik
chr9	114368324	114377238	+	75116	4930520O04Rik
chr9	114375131	114390712	-	56693	Crtap
chr9	114401078	114411201	+	100504715	Tmppe
chr9	114401078	114474379	+	12091	Glb1
chr9	114490316	114496544	-	12773	Ccr4
chr9	114511268	114564369	-	636931	Trim71
chr9	114585874	114640200	-	78893	Cnot10
chr9	114688831	114723788	+	235661	Dync1li1
chr9	114731203	114749343	+	67213	Cmtm6
chr9	114756836	114781993	-	102545	Cmtm7
chr9	114789345	114844152	-	70031	Cmtm8
chr9	114899339	114933987	-	333433	Gpd1l
chr9	115016663	115232223	+	74486	Osbpl10
chr9	115242581	115310421	-	68292	Stt3b
chr9	115281092	115282070	-	111186	Stmn1-rs1
chr9	115336161	115341924	+	73856	4930428G15Rik
chr9	115381819	115381939	+	100316675	Mir467h
chr9	115909455	116076176	+	73748	Gadl1
chr9	116087695	116175363	-	21813	Tgfbr2
chr9	116189180	116194886	+	100043817	Gm4668
chr9	116572746	117629913	-	207181	Rbms3
chr9	118040522	118069794	+	27215	Azi2
chr9	118064522	118150196	-	67899	Cmc1
chr9	118150231	118170376	+	100502695	Gm17399
chr9	118429839	118437048	+	71196	4933432G23Rik
chr9	118478189	118486132	+	13813	Eomes
chr9	118506318	118582519	+	54214	Golga4
chr9	118606709	118901003	+	104099	Itga9
chr9	118926536	119044119	+	69274	Ctdspl
chr9	119031796	119031885	+	387218	Mir26a-1
chr9	119052778	119071525	+	22351	Vill
chr9	119071527	119093502	-	18799	Plcd1
chr9	119102478	119147694	+	320256	Dlec1
chr9	119148043	119157093	-	235674	Acaa1b
chr9	119169456	119190393	-	382113	Slc22a14
chr9	119192974	119209105	-	102570	Slc22a13
chr9	119220491	119231692	-	109280	Slc22a13b-ps
chr9	119238432	119322427	-	108737	Oxsr1
chr9	119335988	119341400	-	17874	Myd88
chr9	119341294	119350295	+	113868	Acaa1a
chr9	119357381	119393797	+	102448	Xylb
chr9	119402178	119442148	+	11481	Acvr2b
chr9	119444923	119465518	+	208194	Exog
chr9	119483408	119579016	-	20271	Scn5a
chr9	119608456	119719032	-	20264	Scn10a
chr9	119753763	119825456	-	24046	Scn11a
chr9	119894895	119926579	+	67561	Wdr48
chr9	119925673	119937558	-	74498	Gorasp1
chr9	119937606	119967793	+	74052	Ttc21a
chr9	119971166	119984658	-	215418	Csrnp1
chr9	120013755	120023598	-	22437	Xirp1
chr9	120048683	120068296	-	13051	Cx3cr1
chr9	120092133	120094906	+	12776	Ccr8
chr9	120110399	120124321	+	208638	Slc25a38
chr9	120127766	120132369	+	16785	Rpsa
chr9	120130434	120130563	+	104433	Snora62
chr9	120149742	120181484	+	17433	Mobp
chr9	120304073	120474834	+	245049	Myrip
chr9	120492606	120495327	+	68969	Eif1b
chr9	120539818	120568327	+	215446	Entpd3
chr9	120571517	120574653	+	67115	Rpl14
chr9	120577331	120578073	+	76100	5830454E08Rik
chr9	120913774	120915250	-	76402	1700020M21Rik
chr9	120924455	120930802	-	78060	4930593C16Rik
chr9	120933400	120960507	+	12387	Ctnnb1
chr9	120955086	120955147	+	102465661	Mir7090
chr9	120964454	121277172	-	209012	Ulk4
chr9	121297534	121474919	+	67095	Trak1
chr9	121489824	121495694	-	12424	Cck
chr9	121577843	121641566	-	69032	Lyzl4
chr9	121587020	121614255	+	75384	Lyzl4os
chr9	121642716	121672954	+	22354	Vipr1
chr9	121680045	121705029	-	215474	Sec22c
chr9	121710389	121712921	+	26901	Ss18l2
chr9	121719181	121756841	+	18087	Nktr
chr9	121756640	121759943	-	320301	E530011L22Rik
chr9	121760033	121771742	+	270210	Zfp651
chr9	121777607	121783819	+	72330	Klhl40
chr9	121784016	121792507	-	74770	Hhatl
chr9	121797627	121839461	-	100502861	Ccdc13
chr9	121848560	121858000	-	56295	Higd1a
chr9	121898355	121911071	+	59289	Ackr2
chr9	121914356	121916305	-	13124	Cyp8b1
chr9	121937275	121947016	+	69430	1700048O20Rik
chr9	121950988	121980208	+	245050	Fam198a
chr9	121981606	121996026	-	215494	Pomgnt2
chr9	122117266	122169702	+	20623	Snrk
chr9	122175874	122294423	-	102566	Ano10
chr9	122273890	122274028	-	102465896	Mir8106
chr9	122351616	122381523	+	67469	Abhd5
chr9	122382022	122398801	-	654800	A730085K08Rik
chr9	122572501	122679596	+	319626	9530059O14Rik
chr9	122682876	122682974	+	387156	Mir138-1
chr9	122747346	122802074	+	671232	Topaz1
chr9	122805547	122836332	+	382117	Tcaim
chr9	122848910	122866006	-	235682	Zfp445
chr9	122886832	122896124	+	382118	Zkscan7
chr9	122923078	122931028	+	22646	Zfp105
chr9	122945089	122951000	-	66202	1110059G10Rik
chr9	122951081	123018733	+	209737	Kif15
chr9	123021326	123023491	+	66079	Tmem42
chr9	123034741	123067558	+	331046	Tgm4
chr9	123066160	123113205	-	69035	Zdhhc3
chr9	123113231	123136129	+	66446	Exosc7
chr9	123150946	123157432	+	21922	Clec3b
chr9	123172285	123216038	-	109332	Cdcp1
chr9	123259057	123260789	-	72309	Tmem158
chr9	123366940	123462664	+	102436	Lars2
chr9	123478701	123521552	+	29806	Limd1
chr9	123529882	123592598	+	83493	Sacm1l
chr9	123593820	123632565	-	22599	Slc6a20b
chr9	123636907	123678832	-	102680	Slc6a20a
chr9	123678096	123783457	+	12769	Ccr9
chr9	123697593	123717557	-	93730	Lztfl1
chr9	123789500	123851899	-	17281	Fyco1
chr9	123806477	123811754	+	80901	Cxcr6
chr9	123852315	123862029	-	23832	Xcr1
chr9	123962126	123968692	-	12768	Ccr1
chr9	123976949	123978408	-	12770	Ccr1l1
chr9	124021971	124031689	+	12771	Ccr3
chr9	124102183	124113557	+	12772	Ccr2
chr9	124121543	124127183	+	12774	Ccr5
chr9	124291804	124312694	-	630836	2010315B03Rik
chr9	124348831	124356974	+	235779	Nlrp4g
chr9	124423251	124424856	+	75135	4930526I15Rik
chr9	124474346	124476862	-	19054	Ppp2r3d
chr10	3125091	3133193	-	619314	B020014A21Rik
chr10	3256208	3267771	-	670558	H60c
chr10	3366150	3464975	+	76142	Ppp1r14c
chr10	3540279	3554877	+	70337	Iyd
chr10	3740377	3967303	+	213783	Plekhg1
chr10	3973075	4167081	+	270685	Mthfd1l
chr10	4266329	4359471	+	83397	Akap12
chr10	4367074	4388108	-	381990	Zbtb2
chr10	4403169	4432352	-	66084	Rmnd1
chr10	4429297	4455140	+	73419	Armt1
chr10	4509872	4561111	+	100504234	Ccdc170
chr10	4611989	5005633	+	13982	Esr1
chr10	5020192	5551482	-	64009	Syne1
chr10	5593728	5606789	+	68632	Myct1
chr10	5639218	5647617	+	22353	Vip
chr10	5799158	5805465	-	67141	Fbxo5
chr10	5811887	5823943	-	108853	Mtrf1l
chr10	5825663	5922400	-	56533	Rgs17
chr10	6758593	7038209	+	18390	Oprm1
chr10	6886365	7023185	-	320495	Ipcef1
chr10	7119062	7212237	-	215748	Cnksr3
chr10	7444873	7473477	-	77777	Ulbp1
chr10	7589800	7625483	+	237253	Lrp11
chr10	7630236	7663584	-	18537	Pcmt1
chr10	7663371	7664623	+	320642	A630066F11Rik
chr10	7667504	7678886	+	69912	Nup43
chr10	7678971	7681158	-	407824	BC020402
chr10	7681209	7716461	+	16798	Lats1
chr10	7726000	7763150	+	23924	Katna1
chr10	7767947	7780917	-	215751	Ginm1
chr10	7792894	7822563	+	67418	Ppil4
chr10	7832470	7870397	+	237256	Zc3h12d
chr10	7836381	7836474	+	100628581	Mir5104
chr10	7905648	7956123	-	68652	Tab2
chr10	8204753	8518825	-	338362	Ust
chr10	8722219	8886070	-	70097	Sash1
chr10	9627259	9675208	-	320825	Samd5
chr10	9684722	9691909	+	620417	Gm6150
chr10	9755547	9901040	-	78808	Stxbp5
chr10	10335703	10472314	-	215772	Adgb
chr10	10545039	10558207	-	67844	Rab32
chr10	10605945	10616313	+	382450	Gm5177
chr10	10686059	11082331	-	14816	Grm1
chr10	10748930	10758131	+	78056	4930567K20Rik
chr10	11149430	11215274	+	268281	Shprh
chr10	11281330	11297969	+	71865	Fbxo30
chr10	11343445	11457477	+	13853	Epm2a
chr10	12382188	12869365	-	22288	Utrn
chr10	12916646	12923127	-	320273	B230208H11Rik
chr10	12939983	12964259	-	74732	Stx11
chr10	13008450	13009183	+	66125	Sf3b5
chr10	13060504	13131694	+	22634	Plagl1
chr10	13149644	13178023	-	75122	Zc2hc1b
chr10	13178637	13193137	-	353258	Ltv1
chr10	13207717	13474396	-	215789	Phactr2
chr10	13501028	13517275	+	66848	Fuca2
chr10	13523842	13553142	-	56535	Pex3
chr10	13552907	13563376	+	66757	Adat2
chr10	13647669	13868830	-	66253	Aig1
chr10	13871280	13879208	+	102634635	Gm32172
chr10	13966077	14151378	+	15273	Hivep2
chr10	14402585	14545036	-	215798	Adgrg6
chr10	14655333	14705489	-	66201	Vta1
chr10	14705609	14759019	+	69412	1700016L04Rik
chr10	14715626	14718214	-	76743	Gje1
chr10	14760289	14770556	+	18101	Nmbr
chr10	15791777	15807065	+	77538	C330004P14Rik
chr10	16951094	17095782	-	100504235	Gm20125
chr10	17723228	17725674	+	17684	Cited2
chr10	17796219	17845663	+	378431	Txlnb
chr10	17900084	17948067	-	380629	Heca
chr10	18011260	18023252	-	73112	Abracl
chr10	18055940	18125155	+	19707	Reps1
chr10	18129022	18210890	-	100045792	Ect2l
chr10	18213685	18234981	-	215814	Ccdc28a
chr10	18407638	18533892	+	215819	Nhsl1
chr10	18540123	18546076	-	56016	Hebp2
chr10	18588011	18743758	-	215821	Arfgef3
chr10	18743471	18837979	+	102635639	Gm32926
chr10	18779727	18786793	-	237300	Gm4922
chr10	18797299	18831930	-	73968	4930444F02Rik
chr10	18845071	18857073	+	64058	Perp
chr10	19000910	19015410	-	21929	Tnfaip3
chr10	19141749	19207947	+	100504265	Gm20139
chr10	19356539	19358604	+	94222	Olig3
chr10	19486715	19507311	+	102635880	Gm33104
chr10	19591958	19610225	+	15979	Ifngr1
chr10	19622028	19634681	+	237310	Il22ra2
chr10	19712587	19760053	+	237313	Il20ra
chr10	19847917	19851459	-	76157	Slc35d3
chr10	19860090	19907674	-	18634	Pex7
chr10	19934526	20142750	+	26408	Map3k5
chr10	20148920	20281590	+	17761	Map7
chr10	20199247	20201854	-	73811	4930405J17Rik
chr10	20208439	20209030	+	621697	Rpl32l
chr10	20297581	20297688	-	102466647	Mir6413
chr10	20312469	20344613	+	72567	Bclaf1
chr10	20347819	20361669	+	71804	Mtfr2
chr10	20398004	20725068	-	29863	Pde7b
chr10	20952547	21080429	+	52906	Ahi1
chr10	21124930	21160984	-	17863	Myb
chr10	21186944	21188617	+	102636600	Gm33619
chr10	21295979	21368889	+	56422	Hbs1l
chr10	21319088	21342055	-	73990	4930455C13Rik
chr10	21377300	21396578	+	237320	Aldh8a1
chr10	21593145	21622375	+	67692	1700020N01Rik
chr10	21690845	21693978	+	432436	Gm5420
chr10	21882184	21999903	+	20393	Sgk1
chr10	22066309	22068079	-	114671	4930444G20Rik
chr10	22113050	22149270	-	319887	E030030I06Rik
chr10	22158586	22183914	+	379043	Raet1e
chr10	22158586	22288849	+	667281	H60b
chr10	22158586	22374139	+	19368	Raet1a
chr10	22180618	22374139	+	19370	Raet1c
chr10	22273474	22374139	+	56554	Raet1d
chr10	22306720	22321765	+	606736	C920009B18Rik
chr10	22402813	22407470	+	100038752	Gm10825
chr10	22645011	22703880	+	353169	Slc2a12
chr10	22703877	22731933	-	237336	Tbpl1
chr10	22729372	22729432	-	102465768	Mir7663
chr10	22817263	22820128	-	21412	Tcf21
chr10	23104168	23350786	-	14051	Eya4
chr10	23785183	23787209	-	20042	Rps12
chr10	23785347	23785451	-	100529074	Snora33
chr10	23785754	23785821	-	100529075	Snord100
chr10	23796986	23827968	+	76306	Slc18b1
chr10	23851462	23869843	+	26464	Vnn3
chr10	23894688	23905343	+	22361	Vnn1
chr10	23920406	23921404	+	111174	Taar1
chr10	23938572	23941583	+	209512	Taar2
chr10	23949558	23950589	+	493809	Taar3
chr10	23960494	23961537	+	209513	Taar4
chr10	23970706	23971719	+	215854	Taar5
chr10	23984609	23985646	-	215855	Taar6
chr10	23992405	23993481	-	215856	Taar7a
chr10	23999939	24001015	+	209517	Taar7b
chr10	24027222	24028298	+	435206	Taar7d
chr10	24037614	24038690	+	276742	Taar7e
chr10	24049510	24050586	+	435207	Taar7f
chr10	24076500	24077534	+	215859	Taar8a
chr10	24091260	24092294	-	382348	Taar8b
chr10	24100843	24101951	-	494546	Taar8c
chr10	24108488	24109534	-	503558	Taar9
chr10	24149317	24188959	+	53331	Stx7
chr10	24223517	24302783	+	59012	Moxd1
chr10	24595442	24598683	+	14219	Ctgf
chr10	24637914	24712159	-	18605	Enpp1
chr10	24773814	24836195	-	209558	Enpp3
chr10	24869986	24913529	+	70208	Med23
chr10	24910664	24910733	+	102465545	Mir6905
chr10	24915207	24927470	-	11846	Arg1
chr10	25169090	25299163	-	432442	Akap7
chr10	25359798	25523519	+	13822	Epb41l2
chr10	25527943	25536272	-	100504474	Smlr1
chr10	25536386	25673343	+	102640597	Gm29571
chr10	25779314	25837437	-	73803	4930401C15Rik
chr10	25991186	26079052	-	77220	Tmem200a
chr10	26078255	26079447	+	100040851	Gm9767
chr10	26229707	26272172	+	268288	Samd3
chr10	26275452	26375971	-	237339	L3mbtl3
chr10	26673446	26674651	-	667572	Gm8709
chr10	26772512	26918648	+	73910	Arhgap18
chr10	26981285	27616942	-	16773	Lama2
chr10	27389866	27397225	+	75855	4930579H20Rik
chr10	28074820	28597397	+	19272	Ptprk
chr10	28668360	28883818	+	210757	Themis
chr10	28972288	28986306	-	67719	2310057J18Rik
chr10	29143996	29199630	+	67412	Soga3
chr10	29211643	29230779	+	212448	9330159F19Rik
chr10	29313166	29346661	+	52665	Echdc1
chr10	29344176	29362442	-	68031	Rnf146
chr10	29453106	29535867	-	72780	Rspo3
chr10	30194580	30200540	-	66311	Cenpw
chr10	30534225	30600749	-	73681	Trmt11
chr10	30603195	30606634	-	100504586	Gm20300
chr10	30608207	30618366	-	66847	Hint3
chr10	30629010	30803107	-	211329	Ncoa7
chr10	30832359	30842783	-	15214	Hey2
chr10	31313405	31328086	+	69692	Hddc2
chr10	31332380	31445921	-	21987	Tpd52l1
chr10	31413726	31414435	-	100041294	Supt4b
chr10	31501887	31609725	-	268291	Rnf217
chr10	31689319	32889915	-	432450	Nkain2
chr10	33083483	33476709	+	76757	Trdn
chr10	33222345	33256357	-	442820	D830005E20Rik
chr10	33512334	33624600	-	215890	Clvs2
chr10	33766424	33782115	-	215895	Sult3a2
chr10	33857722	33879475	+	57430	Sult3a1
chr10	33905111	33916021	+	212892	Rsph4a
chr10	33919143	33951212	-	72580	Zup1
chr10	33987216	33995055	-	414093	A830082N09Rik
chr10	33996555	34019616	-	66521	Rwdd1
chr10	34037597	34109815	+	692132	Trappc3l
chr10	34038784	34044313	-	270711	Calhm4
chr10	34091352	34096519	-	103511	Calhm5
chr10	34126067	34127972	-	215900	Calhm6
chr10	34151393	34207551	-	212898	Dse
chr10	34282190	34284885	+	22110	Tspyl1
chr10	34297421	34301320	+	72480	Tspyl4
chr10	34303612	34418528	-	319638	Nt5dc1
chr10	34389981	34397085	+	12813	Col10a1
chr10	34483400	34611232	+	14302	Frk
chr10	36506807	36834397	+	319415	Hs3st5
chr10	36974544	37001888	+	15182	Hdac2
chr10	37133243	37138926	-	17118	Marcks
chr10	38175774	38181903	+	75877	4930591E09Rik
chr10	38820541	38821779	-	215919	Rfpl4b
chr10	38965515	39110188	+	16775	Lama4
chr10	39118808	39133895	-	66337	Fam229b
chr10	39134023	39151058	+	71924	Tube1
chr10	39150971	39163794	-	327743	Wisp3
chr10	39369799	39565381	+	14360	Fyn
chr10	39558496	39613671	-	100504626	Gm16364
chr10	39612934	39655307	+	103213	Traf3ip2
chr10	39621411	39732007	-	327744	E130307A14Rik
chr10	39732160	39875206	+	19714	Rev3l
chr10	39892760	39899238	-	213332	Mfsd4b4
chr10	39920382	39926923	-	72045	Mfsd4b2
chr10	39946912	39960153	-	100041085	Mfsd4b3
chr10	39958061	39986646	-	215928	Mfsd4b5
chr10	40001573	40025268	-	215929	Mfsd4b1
chr10	40033535	40142254	-	72472	Slc16a10
chr10	40223246	40247039	-	67239	Rpf2
chr10	40249203	40257665	-	67371	Gtf3c6
chr10	40287458	40302188	-	11702	Amd1
chr10	40339564	40483818	+	78334	Cdk19
chr10	40570362	40604132	+	70840	Slc22a16
chr10	40630011	40681847	+	70503	Ddo
chr10	40683282	40811083	+	327747	Mettl24
chr10	40831621	40883143	-	71713	Cdc40
chr10	40883534	40938569	+	83767	Wasf1
chr10	41069981	41072285	-	140741	Gpr6
chr10	41188172	41303241	-	103199	Fig4
chr10	41450358	41465582	+	268294	Zbtb24
chr10	41476314	41487030	+	171580	Mical1
chr10	41486702	41490340	-	20598	Smpd2
chr10	41490439	41514288	+	73075	Ppil6
chr10	41519500	41531042	+	53599	Cd164
chr10	41538849	41606595	-	75973	Ccdc162
chr10	41568016	41576476	+	70538	5730435O14Rik
chr10	41718840	41809868	-	103268	Cep57l1
chr10	41746721	41783437	+	100196896	BC048559
chr10	41810574	41908436	+	140742	Sesn1
chr10	41914990	42018382	-	213402	Armc2
chr10	42185786	42276742	-	56484	Foxo3
chr10	42312585	42478565	-	215951	Afg1l
chr10	42502054	42535369	+	54198	Snx3
chr10	42561971	42583588	-	21907	Nr2e1
chr10	42678916	42702462	+	14628	Ostm1
chr10	42761496	42832514	+	140740	Sec63
chr10	42860512	42960782	+	268297	Scml4
chr10	43002500	43174530	-	109205	Sobp
chr10	43174699	43176565	+	74530	9030612E09Rik
chr10	43221486	43464882	+	71365	Pdss2
chr10	43479140	43515417	+	331623	Bend3
chr10	43525121	43540994	-	67851	1700021F05Rik
chr10	43579169	43584265	+	12484	Cd24a
chr10	43593427	43630914	+	414125	F930017D23Rik
chr10	43746158	43765836	+	69443	1700027J07Rik
chr10	43825907	43833301	+	71018	4933404K13Rik
chr10	43874190	43901736	-	76563	Qrsl1
chr10	43901807	43947862	+	170728	Rtn4ip1
chr10	43950307	44004846	-	11630	Crybg1
chr10	44170447	44219585	+	70365	Speer5-ps1
chr10	44268339	44364299	+	11793	Atg5
chr10	44359676	44359768	+	100316688	Mir1929
chr10	44437174	44528501	-	12142	Prdm1
chr10	45067214	45158995	+	19072	Prep
chr10	45289305	45318450	+	78977	Popdc3
chr10	45335762	45369708	+	23828	Bves
chr10	45376619	45486395	-	380669	Lin28b
chr10	45577829	45712345	+	209462	Hace1
chr10	45807704	45852018	+	320363	D030045P18Rik
chr10	49099463	49788754	-	14806	Grik2
chr10	50592669	50851202	+	77987	Ascc3
chr10	50895651	50989152	+	20464	Sim1
chr10	51480612	51486329	+	14727	Lilr4b
chr10	51490898	51496613	+	14728	Lilrb4a
chr10	51585450	51590460	-	77296	Fam162b
chr10	51614823	51631458	-	210198	Gprc6a
chr10	51677760	51730429	+	320995	Rfx6
chr10	51756174	51757194	-	71090	4933411G06Rik
chr10	52022502	52028471	+	215031	Vgll2
chr10	52045926	52195244	-	19886	Ros1
chr10	52233619	52321377	+	66686	Dcbld1
chr10	52337024	52382124	-	94221	Gopc
chr10	52391608	52404604	+	66650	Nepn
chr10	52417547	52440192	+	52014	Nus1
chr10	52542320	52545739	-	22639	Zfa-ps
chr10	52690501	53111622	+	215085	Slc35f1
chr10	53278081	53379851	-	100038725	Cep85l
chr10	53280270	53283687	+	100502820	Gm19395
chr10	53337686	53345999	+	18821	Pln
chr10	53498443	53518989	-	100502868	Gm20597
chr10	53537324	53630439	-	71567	Mcm9
chr10	53596961	53609225	+	66403	Asf1a
chr10	53633145	53750909	-	75906	Fam184a
chr10	53906033	54075796	-	17155	Man1a
chr10	54075922	54081081	+	100502920	Gm16998
chr10	56014293	56228689	-	544696	Tbc1d32
chr10	56106917	56116880	+	73390	Msl3l2
chr10	56377273	56390419	+	14609	Gja1
chr10	56431981	56475416	+	102640560	Gm36595
chr10	57478383	57486353	-	74928	4930467K11Rik
chr10	57486385	57513143	+	15500	Hsf2
chr10	57515774	57532529	-	56442	Serinc1
chr10	57631981	57741112	+	18768	Pkib
chr10	57784923	57788450	+	12140	Fabp7
chr10	57794544	57811830	+	57319	Smpdl3a
chr10	58234848	58236660	-	245263	Gm4981
chr10	58255526	58305592	+	70297	Gcc2
chr10	58323466	58424691	+	110829	Lims1
chr10	58446852	58494155	+	19386	Ranbp2
chr10	58497937	58576244	+	76138	Ccdc138
chr10	58600788	58675696	-	13608	Edar
chr10	58696745	58704277	+	103505	BB019430
chr10	58813359	59138916	+	237353	Sh3rf3
chr10	59141627	59221847	-	103080	Sept10
chr10	59221922	59226434	+	268301	Sowahc
chr10	59323296	59373304	+	18451	P4ha1
chr10	59403685	59421976	+	69836	Pla2g12b
chr10	59422960	59441779	-	18302	Oit3
chr10	59446984	59616692	-	215999	Mcu
chr10	59702563	59864134	+	216001	Micu1
chr10	59879591	59898016	+	56709	Dnajb12
chr10	59949675	59951770	-	74747	Ddit4
chr10	59987909	60003112	-	52717	Anapc16
chr10	60002805	60099990	+	69090	Ascc1
chr10	60106257	60133914	+	94214	Spock2
chr10	60126776	60126833	+	102465546	Mir6906
chr10	60181527	60219260	-	53374	Chst3
chr10	60277628	60302600	+	19156	Psap
chr10	60302750	60696490	-	22295	Cdh23
chr10	60346851	60372684	+	74048	Vsir
chr10	60399726	60403559	+	100302688	Gm17455
chr10	60712072	60752782	-	71279	Slc29a3
chr10	60762595	60831581	-	107449	Unc5b
chr10	60923023	60923113	+	102466158	Mir6408
chr10	60928226	60938132	-	73616	Pldi
chr10	60960723	60960844	+	100316671	Mir466j
chr10	61031303	61038080	+	327760	Gm20611
chr10	61089331	61094329	+	13180	Pcbd1
chr10	61098642	61147684	-	20397	Sgpl1
chr10	61171964	61188841	+	65971	Tbata
chr10	61197112	61273438	-	237360	Adamts14
chr10	61297836	61304263	+	18646	Prf1
chr10	61319657	61383523	-	27355	Pald1
chr10	61417972	61425337	+	18119	Nodal
chr10	61432497	61452669	-	13688	Eif4ebp2
chr10	61475833	61582242	+	216011	Lrrc20
chr10	61595484	61626385	+	237362	Npffr1
chr10	61648621	61674165	+	67895	Ppa1
chr10	61674527	61680290	-	75539	1700022H01Rik
chr10	61680321	61693297	+	20224	Sar1a
chr10	61695514	61702773	+	71767	Tysnd1
chr10	61715263	61739260	+	71361	Aifm2
chr10	61738647	61783864	-	404634	H2afy2
chr10	61774737	61774821	+	100628583	Mir5108
chr10	61838234	61979108	-	12817	Col13a1
chr10	62107656	62111013	-	69894	Fam241b
chr10	62133090	62134763	+	11925	Neurog3
chr10	62185396	62231218	-	70423	Tspan15
chr10	62194167	62194227	-	102465767	Mir7662
chr10	62252438	62265990	+	21337	Tacr2
chr10	62268855	62379908	-	15275	Hk1
chr10	62340607	62349866	+	70162	Hk1os
chr10	62383137	62422457	-	216019	Hkdc1
chr10	62429378	62449693	-	338359	Supv3l1
chr10	62449160	62451353	+	74706	4930507D05Rik
chr10	62454843	62486805	-	30930	Vps26a
chr10	62494428	62507755	-	19073	Srgn
chr10	62538626	62578457	-	72320	Kif1bp
chr10	62580247	62602298	-	56200	Ddx21
chr10	62616023	62651198	-	94213	Ddx50
chr10	62659422	62726099	-	216021	Stox1
chr10	62682508	62682558	+	102465987	Mir7215
chr10	62743928	62792368	-	67500	Ccar1
chr10	62765579	62765606	-	100217463	Snord98
chr10	62804570	62908996	-	52463	Tet1
chr10	62920633	62946494	+	73132	Slc25a16
chr10	62947029	62974188	+	327762	Dna2
chr10	62980223	63018742	+	70432	Rufy2
chr10	63014664	63023849	-	432467	Hnrnph3
chr10	63024512	63058812	+	67307	Pbld2
chr10	63060713	63077545	+	68371	Pbld1
chr10	63100156	63100605	+	53404	Atoh7
chr10	63115795	63203952	-	68802	Mypn
chr10	63243797	63317881	+	67345	Herc4
chr10	63319005	63339035	-	93759	Sirt1
chr10	63382443	63408840	+	30045	Dnajc12
chr10	63430098	65003667	+	216033	Ctnna3
chr10	63928497	64090255	-	216028	Lrrtm3
chr10	66120609	66124064	-	69433	1700023F02Rik
chr10	66145296	66179514	+	77198	4930407I19Rik
chr10	66915636	66920258	-	68488	1110002J07Rik
chr10	67005075	67041326	+	102634101	Gm31763
chr10	67009189	67096988	-	28193	Reep3
chr10	67096125	67256326	+	108829	Jmjd1c
chr10	67266689	67285281	-	641340	Nrbf2
chr10	67537869	67542188	+	13654	Egr2
chr10	67544511	67548955	-	211488	Ado
chr10	67886105	67912662	-	216049	Zfp365
chr10	67979598	68059740	+	170799	Rtkn2
chr10	68095593	68278726	-	71371	Arid5b
chr10	68319065	68321142	-	75148	4930545H06Rik
chr10	68430956	68541875	-	73287	Cabcoco1
chr10	68723746	68782654	+	327766	Tmem26
chr10	69208552	69291791	+	69288	Rhobtb1
chr10	69209762	69213098	-	320700	A930033H14Rik
chr10	69336635	69352912	-	12534	Cdk1
chr10	69533708	70027436	+	11735	Ank3
chr10	70097121	70193200	+	76551	Ccdc6
chr10	70204664	70219711	+	69563	Mrln
chr10	70245276	70285951	+	66859	Slc16a9
chr10	70440668	70558732	+	71721	Fam13c
chr10	70557686	70599291	-	70911	Phyhipl
chr10	70601049	70655963	-	319646	D630013N20Rik
chr10	70925086	71159634	-	83675	Bicc1
chr10	71168737	71182040	-	319572	C730027H18Rik
chr10	71201745	71204488	+	78638	1700113B09Rik
chr10	71225477	71238273	-	21780	Tfam
chr10	71254980	71285262	-	216080	Ube2d1
chr10	71310745	71313977	+	102637684	Gm20609
chr10	71330494	71344849	-	52637	Cisd1
chr10	71347793	71385885	+	69718	Ipmk
chr10	71979885	71980690	-	108950	1700049L16Rik
chr10	72654846	72674964	+	52696	Zwint
chr10	72973303	73086705	-	327768	A330049N07Rik
chr10	73099342	74649737	+	11994	Pcdh15
chr10	74957477	75032586	-	71236	Rsph14
chr10	74967231	75015877	+	14687	Gnaz
chr10	75037089	75054100	+	76877	Rab36
chr10	75060896	75184923	+	110279	Bcr
chr10	75212073	75312400	+	74392	Specc1l
chr10	75316877	75334792	+	11540	Adora2a
chr10	75351111	75517322	-	68778	Gucd1
chr10	75352055	75352961	+	544707	Gm5779
chr10	75406911	75441679	+	103149	Upb1
chr10	75449510	75463104	+	71125	4933407G14Rik
chr10	75518042	75535440	+	67332	Snrpd3
chr10	75550125	75560330	-	192734	Lrrc75b
chr10	75568662	75586191	+	14598	Ggt1
chr10	75589381	75616968	+	23887	Ggt5
chr10	75636619	75644008	-	71733	Susd2
chr10	75646110	75764357	-	104248	Cabin1
chr10	75771233	75773374	-	13202	Ddt
chr10	75774122	75781414	-	103140	Gstt3
chr10	75783813	75798584	-	14871	Gstt1
chr10	75814943	75822543	-	75886	Gstt4
chr10	75831845	75834881	-	14872	Gstt2
chr10	75859353	75860250	-	17319	Mif
chr10	75893398	75895941	+	70377	Derl3
chr10	75896769	75921614	-	20587	Smarcb1
chr10	75923222	75932502	-	17385	Mmp11
chr10	75933467	75937734	+	103172	Chchd10
chr10	75937723	75940672	-	333670	Gm867
chr10	75948312	75949646	+	22364	Vpreb3
chr10	75954514	76009591	+	333669	Gm5134
chr10	76008926	76009017	+	102466646	Mir6409
chr10	76032612	76042969	+	64453	Zfp280b
chr10	76058621	76111018	-	64454	Slc5a4b
chr10	76147451	76189265	+	64452	Slc5a4a
chr10	76207226	76237865	-	15468	Prmt2
chr10	76207326	76207409	-	751554	Mir678
chr10	76253836	76261319	+	20203	S100b
chr10	76263049	76345291	-	64451	Dip2a
chr10	76351254	76442912	-	18541	Pcnt
chr10	76389015	76401507	+	67523	1700094J05Rik
chr10	76449081	76461218	+	76964	2610028H24Rik
chr10	76459567	76469114	-	216119	Ybey
chr10	76468971	76515857	+	54387	Mcm3ap
chr10	76531605	76557139	+	16987	Lss
chr10	76545871	76562226	-	74953	4930483K19Rik
chr10	76562272	76570200	+	76573	Spatc1l
chr10	76575648	76590338	+	14317	Ftcd
chr10	76595756	76623404	-	12834	Col6a2
chr10	76708792	76726044	-	12833	Col6a1
chr10	76761854	76961947	-	59093	Pcbp3
chr10	77011995	77022214	+	100038479	Gm10787
chr10	77032739	77050432	+	20509	Slc19a1
chr10	77052179	77166530	-	12822	Col18a1
chr10	77257765	77259223	-	100169878	Gm10941
chr10	77259300	77269586	+	80294	Pofut2
chr10	77290727	77418273	-	110532	Adarb1
chr10	77418376	77420939	+	100045653	Gm17769
chr10	77486655	77515813	-	108707	Fam207a
chr10	77530348	77565674	+	16414	Itgb2
chr10	77581767	77598732	+	108705	Pttg1ip
chr10	77606097	77618331	+	20610	Sumo3
chr10	77622321	77645990	+	22213	Ube2g2
chr10	77641224	77641307	+	100316811	Mir1930
chr10	77686569	77886769	+	252974	Tspear
chr10	77689957	77690757	-	100502831	Gm19402
chr10	77706587	77706986	+	16697	Gm10272
chr10	77711446	77712009	+	100009614	Gm10024
chr10	77715807	77716169	+	100502921	Gm10142
chr10	77720586	77721256	+	16694	Krtap12-1
chr10	77726486	77726848	+	100502953	Gm10100
chr10	77770633	77771325	-	100041261	Gm3238
chr10	77798387	77799133	-	100503388	Gm19668
chr10	77814682	77815404	+	100040299	Gm2696
chr10	77826169	77827070	-	100191037	Krtap10-4
chr10	77835947	77837251	+	544710	Krtap10-10
chr10	77852859	77853788	+	622629	Gm10318
chr10	77861975	77862638	+	100041351	Gm3285
chr10	77893420	77896111	+	75188	1700009J07Rik
chr10	77897575	77902536	-	237387	Lrrc3
chr10	77907722	77969872	-	28240	Trpm2
chr10	77978650	77985438	+	67884	1810043G02Rik
chr10	77986947	78009796	-	18641	Pfkl
chr10	78030022	78043610	-	11634	Aire
chr10	78042287	78063622	+	54427	Dnmt3l
chr10	78069368	78079525	+	50723	Icosl
chr10	78162067	78169768	-	28295	D10Jhu81e
chr10	78170910	78185149	-	110816	Pwp2
chr10	78186725	78244642	-	216131	Trappc10
chr10	78271563	78352442	-	28169	Agpat3
chr10	78340150	78340207	-	102465765	Mir7659
chr10	78400362	78413043	-	18114	Rrp1
chr10	78408475	78408545	-	102465547	Mir6907
chr10	78425670	78427622	+	13014	Cstb
chr10	78434799	78434902	+	102465221	Mir6410
chr10	78436747	78464948	-	216134	Pdxk
chr10	78445095	78445157	-	102466762	Mir6908
chr10	78574500	78584502	+	216136	Ilvbl
chr10	78584503	78591964	-	71709	Syde1
chr10	78611669	78618074	-	257883	Olfr1357
chr10	78711995	78718293	-	12365	Casp14
chr10	78746924	78753067	-	70976	Ccdc105
chr10	78780496	78814825	+	20513	Slc1a6
chr10	78846951	78847913	-	258305	Olfr1356
chr10	78875549	78880106	+	257734	Olfr1355
chr10	78916842	78917936	+	259163	Olfr1354
chr10	78955207	78956139	+	18372	Olfr8
chr10	78963309	78970612	+	259044	Olfr1353
chr10	78981050	78984721	+	259074	Olfr1352
chr10	79017324	79018283	+	259042	Olfr1351
chr10	79034723	79035802	+	18357	Olfr57
chr10	79064374	79097600	-	72128	2610008E11Rik
chr10	79148816	79194933	+	624765	Vmn2r80
chr10	79247777	79294535	+	216144	Vmn2r81
chr10	79356591	79396766	+	624845	Vmn2r82
chr10	79468958	79492154	+	625029	Vmn2r83
chr10	79526424	79533787	-	50784	Plpp2
chr10	79531029	79531090	-	102465548	Mir6909
chr10	79540245	79555128	-	70427	Mier2
chr10	79576477	79587136	-	21830	Theg
chr10	79606854	79614025	-	237397	C2cd4c
chr10	79617934	79637918	-	216148	Shc2
chr10	79639526	79645738	-	382384	Odf3l2
chr10	79664574	79668536	+	17123	Madcam1
chr10	79669410	79676126	+	110012	Tpgs1
chr10	79682195	79688398	+	216150	Cdc34
chr10	79689020	79695261	+	16904	Gzmm
chr10	79704358	79711979	+	12215	Bsg
chr10	79716634	79736108	+	15166	Hcn2
chr10	79736125	79746581	-	216151	Polrmt
chr10	79755119	79757522	+	67112	Fgf22
chr10	79758515	79766952	-	70294	Rnf126
chr10	79777274	79782630	+	83554	Fstl3
chr10	79781474	79789042	-	73106	Prss57
chr10	79793572	79820896	+	18483	Palm
chr10	79821021	79830452	+	78906	Misp
chr10	79851377	79854971	-	414101	E130317F20Rik
chr10	79854432	79864435	+	19205	Ptbp1
chr10	79860475	79874634	-	216152	Plppr3
chr10	79862587	79862652	+	102465549	Mir6910
chr10	79879667	79883174	+	19152	Prtn3
chr10	79886312	79888216	+	50701	Elane
chr10	79890853	79892660	+	11537	Cfd
chr10	79894707	79908938	-	216154	Med16
chr10	79910053	79916930	-	109284	R3hdm4
chr10	79916971	79922273	+	114229	Kiss1r
chr10	79927043	79955018	+	13496	Arid3a
chr10	79960152	79969246	+	216156	Wdr18
chr10	79970724	79977190	+	170483	Grin3b
chr10	79977120	79984330	-	216157	Tmem259
chr10	79988600	79995400	+	12798	Cnn2
chr10	79997615	80015572	+	27403	Abca7
chr10	80016672	80031471	+	70719	Arhgap45
chr10	80035953	80039659	-	66420	Polr2e
chr10	80047166	80056439	+	625249	Gpx4
chr10	80057014	80102702	-	216161	Sbno2
chr10	80115803	80130685	+	20869	Stk11
chr10	80130434	80139367	-	100503659	Cbarp
chr10	80142315	80145818	+	66043	Atp5d
chr10	80148272	80158368	+	59090	Midn
chr10	80167841	80171653	+	12696	Cirbp
chr10	80172944	80175119	+	69770	1600002K03Rik
chr10	80179482	80190010	+	13637	Efna2
chr10	80226598	80245144	+	68114	Mum1
chr10	80249452	80256792	+	75406	Ndufs7
chr10	80258151	80260968	-	14431	Gamt
chr10	80264991	80288413	+	70248	Dazap1
chr10	80278164	80278232	+	102466207	Mir6911
chr10	80292431	80294114	+	20054	Rps15
chr10	80301201	80318256	+	23805	Apc2
chr10	80318255	80320548	-	66374	2310011J03Rik
chr10	80321283	80329473	-	18551	Pcsk4
chr10	80330145	80336441	+	70335	Reep6
chr10	80339793	80348448	-	66548	Adamtsl5
chr10	80356459	80365489	+	216166	Plk5
chr10	80380355	80387651	-	237400	Mex3d
chr10	80392539	80399531	-	17192	Mbd3
chr10	80402997	80406821	-	66594	Uqcr11
chr10	80409165	80433653	-	21423	Tcf3
chr10	80494906	80517266	+	246086	Onecut3
chr10	80519585	80539124	-	67331	Atp8b3
chr10	80540926	80561560	-	66932	Rexo1
chr10	80567121	80577296	-	118445	Klf16
chr10	80583649	80590341	-	216169	Abhd17a
chr10	80602880	80607654	+	100113398	Adat3
chr10	80602880	80615783	+	56214	Scamp4
chr10	80609260	80609329	+	102465550	Mir6912
chr10	80622780	80640771	+	103236	Csnk1g2
chr10	80642617	80657071	-	208198	Btbd2
chr10	80665318	80676293	-	17347	Mknk2
chr10	80685253	80701820	-	208228	Mob3a
chr10	80702693	80705382	+	71564	Izumo4
chr10	80706978	80742211	-	11776	Ap3d1
chr10	80755206	80794439	+	208266	Dot1l
chr10	80796099	80798626	-	78670	Plekhj1
chr10	80798735	80804922	+	20222	Sf3a2
chr10	80805248	80807648	+	11705	Amh
chr10	80808496	80813498	-	71912	Jsrp1
chr10	80826656	80829290	+	18245	Oaz1
chr10	80828797	80828870	+	100316778	Mir1982
chr10	80832801	80844039	-	237403	Lingo3
chr10	80852825	80855209	-	66094	Lsm7
chr10	80855275	80868708	+	73218	Sppl2b
chr10	80879816	80899494	+	432478	Tmprss9
chr10	80899450	80900969	-	30055	Timm13
chr10	80901363	80918245	-	16907	Lmnb2
chr10	80930091	80932204	+	17873	Gadd45b
chr10	80948624	81014925	-	14708	Gng7
chr10	81019590	81025377	-	208666	Diras1
chr10	81028540	81037250	-	106947	Slc39a3
chr10	81044073	81060154	-	52551	Sgta
chr10	81070083	81082360	+	50492	Thop1
chr10	81084333	81098872	-	208677	Creb3l3
chr10	81104614	81104673	-	100885825	Mir5615-1
chr10	81104616	81104675	+	100885826	Mir5615-2
chr10	81105947	81124697	+	26396	Map2k2
chr10	81136271	81151657	+	16969	Zbtb7a
chr10	81153961	81167720	-	59004	Pias4
chr10	81176631	81182509	+	13629	Eef2
chr10	81178961	81179013	+	100217454	Snord37
chr10	81183007	81193197	+	13144	Dapk3
chr10	81194691	81210875	+	69678	Atcayos
chr10	81198170	81202037	-	69564	Nmrk2
chr10	81204513	81230779	-	16467	Atcay
chr10	81233163	81252123	+	103406	Zfr2
chr10	81252935	81262981	+	17179	Matk
chr10	81264722	81266926	-	66047	Mrpl54
chr10	81268172	81273247	+	57267	Apba3
chr10	81271597	81271687	+	100526465	Mir3057
chr10	81273188	81291581	-	27375	Tjp3
chr10	81292963	81319974	+	18717	Pip5k1c
chr10	81321103	81326251	+	70312	Cactin
chr10	81328703	81335174	+	21390	Tbxa2r
chr10	81337762	81343266	-	209047	Gipc3
chr10	81346046	81350457	-	15353	Hmg20b
chr10	81357570	81364035	+	73822	Mfsd12
chr10	81364024	81365820	-	432479	4930404N11Rik
chr10	81366879	81378370	-	56371	Fzr1
chr10	81384428	81391553	+	102115	Dohh
chr10	81386347	81386412	+	102466763	Mir6913
chr10	81393064	81395079	+	72273	Smim24
chr10	81396191	81430794	-	18029	Nfic
chr10	81416240	81416297	-	102465778	Mir1191b
chr10	81459227	81482709	-	319586	Celf5
chr10	81486459	81496363	-	103425	Ncln
chr10	81497745	81500137	-	13611	S1pr4
chr10	81502313	81524225	-	14676	Gna15
chr10	81528732	81545046	-	14672	Gna11
chr10	81559444	81566371	+	14797	Aes
chr10	81575287	81590845	+	21886	Tle2
chr10	81590905	81600900	-	114606	Tle6
chr10	81606308	81609836	+	268319	BC025920
chr10	81621786	81627608	-	50721	Sirt6
chr10	81628540	81647612	+	70615	Ankrd24
chr10	81649069	81826490	+	100233208	Gm10778
chr10	81704825	81721976	+	73610	Zfp433
chr10	81901911	81930480	-	331188	Zfp781
chr10	82048123	82061586	+	408062	Zfp873
chr10	82128013	82153065	+	216177	AU041133
chr10	82224856	82241275	-	237411	Zfp938
chr10	82486533	82492618	-	432480	Gm1553
chr10	82619851	82623228	-	544717	1190007I07Rik
chr10	82629838	82650494	+	21665	Tdg
chr10	82650433	82690650	-	74782	Glt8d2
chr10	82699007	82741392	+	67933	Hcfc2
chr10	82748700	82764141	-	18045	Nfyb
chr10	82812123	82824242	+	70003	1700028I16Rik
chr10	82833951	82897724	+	50493	Txnrd1
chr10	82866626	82867930	+	66341	Eid3
chr10	82985497	83195900	+	58250	Chst11
chr10	83231139	83337817	-	338365	Slc41a2
chr10	83360221	83368835	+	28109	D10Wsu102e
chr10	83487447	83534140	-	216188	Aldh1l2
chr10	83543941	83596473	+	319277	Washc4
chr10	83600033	83648664	-	216190	Appl2
chr10	83722865	83762762	+	69784	1500009L16Rik
chr10	84371311	84440471	-	77976	Nuak1
chr10	84488293	84497676	+	75804	4930463O16Rik
chr10	84526305	84533888	-	216197	Ckap4
chr10	84547417	84553338	-	442847	Platr7
chr10	84576947	84614355	+	216198	Tcp11l2
chr10	84622437	84727178	+	70428	Polr3b
chr10	84756048	84906538	+	71137	Rfx4
chr10	84917613	85018337	+	237422	Ric8b
chr10	85097019	85102495	-	14202	Fhl4
chr10	85102627	85120618	+	103266	Tmem263
chr10	85119433	85128027	-	74238	Mterf2
chr10	85131700	85185054	-	12952	Cry1
chr10	85386814	85660292	+	74007	Btbd11
chr10	85871831	85889103	+	103136	Pwp1
chr10	85891966	85917142	-	72843	Prdm4
chr10	85928491	85929647	+	67341	Ascl4
chr10	85938637	85957793	-	28088	Rtcb
chr10	85959691	86011860	-	270757	Bpifc
chr10	86021929	86048328	+	69754	Fbxo7
chr10	86048746	86498896	-	27204	Syn3
chr10	86095854	86113586	+	78170	4930486F22Rik
chr10	86300412	86349505	+	21859	Timp3
chr10	86685527	86694806	+	66263	1810014B01Rik
chr10	86690841	86705444	-	22027	Hsp90b1
chr10	86705811	86776843	+	103220	Ttc41
chr10	86763864	86838389	+	103466	Nt5dc3
chr10	86841210	87007942	-	192188	Stab2
chr10	87058046	87230599	+	76640	1700113H08Rik
chr10	87491041	87493660	-	17172	Ascl1
chr10	87521795	87584137	+	18478	Pah
chr10	87858265	87937047	+	16000	Igf1
chr10	87966671	87968017	+	22172	Tyms-ps
chr10	88091072	88092374	+	110312	Pmch
chr10	88091398	88146941	-	75317	Parpbp
chr10	88146992	88178395	+	69736	Nup37
chr10	88201097	88246158	+	67282	Washc3
chr10	88322804	88357075	-	71712	Dram1
chr10	88379132	88447329	+	432486	Gnptab
chr10	88459587	88473236	+	20962	Sycp3
chr10	88472813	88503970	-	212862	Chpt1
chr10	88518279	88605152	-	109272	Mybpc1
chr10	88675269	88683023	-	20728	Spic
chr10	88729541	88731101	-	237433	Gm4925
chr10	88731414	88743202	+	104303	Arl1
chr10	88746607	88826814	-	70683	Utp20
chr10	88885992	88929515	+	216225	Slc5a8
chr10	88948994	89257790	-	320091	Ano4
chr10	89408823	89443967	-	237436	Gas2l3
chr10	89454234	89533622	-	20186	Nr1h4
chr10	89574020	89621249	-	216227	Slc17a8
chr10	89640107	89686285	-	213326	Scyl2
chr10	89686363	89700866	+	69002	1500026H17Rik
chr10	89711973	89732295	-	67019	Actr6
chr10	89744991	89819869	+	75089	Uhrf1bp1l
chr10	89873509	90972985	+	77531	Anks1b
chr10	90989311	91082743	-	11783	Apaf1
chr10	91083039	91102613	+	67454	Ikbip
chr10	91116578	91123963	-	18674	Slc25a3
chr10	91147571	91171619	-	21917	Tmpo
chr10	92072086	92072185	-	723955	Mir135a-2
chr10	92081746	92165178	-	110333	Rmst
chr10	92137140	92137223	-	100526517	Mir1251
chr10	92171301	92375373	-	627800	Gm20757
chr10	92684745	92722418	-	17997	Nedd1
chr10	92776179	93081618	-	380654	Cfap54
chr10	93160876	93267073	+	237459	Cdk17
chr10	93162785	93162903	+	100316689	Mir1931
chr10	93247416	93311159	-	13713	Elk3
chr10	93317403	93322723	+	102635316	Gm32688
chr10	93336232	93348879	+	432488	Gm17745
chr10	93433107	93433162	+	102465791	Mir7688
chr10	93453396	93484896	+	16993	Lta4h
chr10	93488768	93516761	+	15109	Hal
chr10	93523338	93540033	-	71761	Amdhd1
chr10	93540632	93584326	+	237465	Ccdc38
chr10	93583029	93589658	-	69878	Snrpf
chr10	93589413	93605245	+	74454	4933408J17Rik
chr10	93641049	93745972	+	57764	Ntn4
chr10	93665244	93665854	-	667338	Gm8580
chr10	93674218	93683322	-	100504069	Gm15915
chr10	93831555	93858087	+	327799	Usp44
chr10	93858489	93897093	-	56307	Metap2
chr10	93961522	94035799	-	215008	Vezt
chr10	93963768	93963863	-	723908	Mir331
chr10	94036001	94145339	+	13998	Fgd6
chr10	94147931	94197214	+	22025	Nr2c1
chr10	94199009	94220948	+	66414	Ndufa12
chr10	94293663	94298703	-	215472	Gm4792
chr10	94311949	94590954	+	319880	Tmcc3
chr10	94586137	94586199	-	102466817	Mir7211
chr10	94673493	94688613	-	67723	Cep83os
chr10	94688790	94790336	+	77048	Cep83
chr10	94790866	94944578	-	54712	Plxnc1
chr10	95120582	95145825	-	628062	Gm29684
chr10	95174746	95324133	-	12905	Cradd
chr10	95336276	95363216	+	69629	2310039L15Rik
chr10	95411490	95416857	-	216233	Socs2
chr10	95417375	95428640	+	70523	5730420D15Rik
chr10	95480806	95501938	-	67270	Mrpl42
chr10	95515162	95545658	+	93765	Ube2n
chr10	95547007	95564167	-	71207	Nudt4
chr10	95559231	95559321	-	100526463	Mir3058
chr10	95940663	96045518	+	216238	Eea1
chr10	96226207	96248708	+	74881	4930459C07Rik
chr10	96617001	96622813	+	12226	Btg1
chr10	97035768	97061059	+	75301	4930556N09Rik
chr10	97423478	97423562	+	100628616	Mir3966
chr10	97479500	97518163	+	13179	Dcn
chr10	97565501	97572703	+	17022	Lum
chr10	97590984	97596931	-	75025	4930473O22Rik
chr10	97607205	97613688	+	16545	Kera
chr10	97644068	97681900	+	13516	Epyc
chr10	97681414	97967090	-	100038699	Gm10754
chr10	97693059	97694926	+	66716	Ccer1
chr10	97714772	97753702	+	78127	4930525C09Rik
chr10	98299927	98351867	-	667438	Gm8633
chr10	98915152	99026143	+	67972	Atp2b1
chr10	99107171	99197988	+	382406	Poc1b
chr10	99108135	99113247	+	14426	Galnt4
chr10	99263231	99267489	+	67603	Dusp6
chr10	99609171	99658134	+	100504202	Gm20110
chr10	99638731	99641920	-	100417125	Gm18409
chr10	99757705	99759658	-	71832	Csl
chr10	100015824	100100412	+	17311	Kitl
chr10	100345972	100362247	+	100043231	Gm4303
chr10	100443902	100487347	-	237500	Tmtc3
chr10	100488289	100573655	+	216274	Cep290
chr10	100572274	100589259	-	68281	4930430F08Rik
chr10	100592386	100618391	+	66605	1700017N19Rik
chr10	101681487	102391469	+	67569	Mgat4c
chr10	101772692	101772772	+	100526516	Mir3059
chr10	102481756	102490418	-	67405	Nts
chr10	102512222	102546560	+	237504	Rassf9
chr10	103007847	103028777	-	216285	Alx1
chr10	103063198	103236322	-	74978	Lrriq1
chr10	103367808	103419379	+	103098	Slc6a15
chr10	104142987	104170954	+	100861880	Gm21293
chr10	104177024	104196522	+	100861901	Gm21312
chr10	104287269	104287376	+	102465222	Mir6411
chr10	105187663	105574479	-	278279	Tmtc2
chr10	105574551	105583870	+	327812	Gm15663
chr10	105763185	105841380	-	216292	Mettl25
chr10	105841479	105847510	+	52713	Ccdc59
chr10	106470310	106933468	+	327814	Ppfia2
chr10	106555195	106602480	-	75833	4930532I03Rik
chr10	106936164	107123664	-	380660	Acss3
chr10	107271831	107425143	+	108030	Lin7a
chr10	107482908	107486134	-	17877	Myf5
chr10	107492860	107494729	-	17878	Myf6
chr10	107517360	107720027	-	237523	Ptprq
chr10	107762310	107912134	-	628870	Otogl
chr10	107946645	107977832	+	628877	Gm29685
chr10	108162400	108277575	+	17931	Ppp1r12a
chr10	108332189	108414391	+	114774	Pawr
chr10	108497650	109010975	-	20979	Syt1
chr10	108699044	108700160	-	368203	Gm5136
chr10	109683439	110000219	-	260315	Nav3
chr10	110600650	110615961	+	109335	9230102K24Rik
chr10	110745465	110787384	+	52679	E2f7
chr10	110801174	110896507	-	75630	1700020G17Rik
chr10	110920176	110939514	+	13008	Csrp2
chr10	110941779	111010066	-	320150	Zdhhc17
chr10	111164802	111297247	+	237542	Osbpl8
chr10	111298679	111301736	+	71769	Bbs10
chr10	111473192	111498150	+	53605	Nap1l1
chr10	111500788	111501345	+	382421	Gm5176
chr10	111506286	111508649	+	21664	Phlda1
chr10	111586719	111594273	-	71321	4933440J02Rik
chr10	111854521	111874376	-	629206	Gm20758
chr10	111972695	111988430	+	52705	Krr1
chr10	111985448	111997264	-	73690	Glipr1
chr10	112060189	112078510	+	69286	Glipr1l1
chr10	112083354	112108098	+	67537	Glipr1l2
chr10	112163621	112216555	+	353025	Caps2
chr10	112271123	112466304	+	268345	Kcnc2
chr10	112726926	112785599	+	69355	1700010J16Rik
chr10	112837752	112845807	+	100042639	Gm3942
chr10	112925428	112929026	-	382423	Atxn7l3b
chr10	114398821	114801370	-	237553	Trhde
chr10	115078641	115185022	-	216343	Tph2
chr10	115197871	115251493	-	66687	Tbc1d15
chr10	115289862	115315591	-	216344	Rab21
chr10	115339674	115362262	-	67226	Tmem19
chr10	115369966	115384435	-	66816	Thap2
chr10	115384959	115432771	+	216345	Zfc3h1
chr10	115450314	115587780	-	14160	Lgr5
chr10	115569986	115582454	+	77798	A930009A15Rik
chr10	115817284	115849893	+	216350	Tspan8
chr10	116018363	116274929	+	19279	Ptprr
chr10	116111664	116113917	-	619332	4933416C03Rik
chr10	116275523	116389538	+	19263	Ptprb
chr10	116417868	116473523	-	58802	Kcnmb4
chr10	116418121	116421235	+	67342	Kcnmb4os1
chr10	116473163	116474987	+	100504412	Kcnmb4os2
chr10	116485161	116581511	-	72068	Cnot2
chr10	116674591	116679303	+	102633950	Gm26579
chr10	116723067	116729177	-	72286	1700030O20Rik
chr10	116729253	116739760	+	75878	4930579P08Rik
chr10	116776545	116896879	-	237558	Myrfl
chr10	116905784	116950380	-	216363	Rab3ip
chr10	116950562	116963279	+	71086	4933412E12Rik
chr10	116964740	116969108	+	103175	D630029K05Rik
chr10	116986314	117025040	+	382427	Best3
chr10	117045341	117046768	+	237560	Lrrc10
chr10	117050998	117063814	-	12461	Cct2
chr10	117070127	117148474	-	327826	Frs2
chr10	117215141	117224507	-	64050	Yeats4
chr10	117232237	117238681	-	77397	9530003J23Rik
chr10	117277541	117282272	-	17105	Lyz2
chr10	117287795	117292868	-	17110	Lyz1
chr10	117344667	117376973	-	432508	Cpsf6
chr10	117446024	117447435	-	102634600	Gm32141
chr10	117629500	117687352	+	70574	Cpm
chr10	117688875	117710758	-	17246	Mdm2
chr10	117733678	117746358	-	215436	Slc35e3
chr10	117750643	117792705	-	103468	Nup107
chr10	117814597	117845974	-	215449	Rap1b
chr10	117925459	117948307	+	71067	4933411E08Rik
chr10	118141787	118168999	+	17245	Mdm1
chr10	118204964	118210047	+	50929	Il22
chr10	118289629	118295038	-	116849	Iltifb
chr10	118441046	118445894	+	15978	Ifng
chr10	118502035	118556525	-	103214	Ifngas1
chr10	118859349	118868903	-	69181	Dyrk2
chr10	118920381	118927143	-	216377	Gm38403
chr10	119092905	119103107	+	73400	1700064J06Rik
chr10	119198812	119240055	-	71902	Cand1
chr10	119320234	119331862	+	74905	4930477N07Rik
chr10	119413444	119426864	+	67081	1700025F24Rik
chr10	119454034	120087260	+	74053	Grip1
chr10	119746062	119761699	-	75321	Grip1os2
chr10	119825204	119852390	-	78105	Grip1os1
chr10	120083608	120112965	-	117599	Helb
chr10	120141654	120201537	-	73914	Irak3
chr10	120208826	120224897	+	68212	Tmbim4
chr10	120227060	120232070	+	66225	Llph
chr10	120361275	120476935	-	15364	Hmga2
chr10	120389523	120392793	+	320626	9230105E05Rik
chr10	120447991	120448110	-	791076	Mir763
chr10	120765732	120778886	+	70874	4921513I03Rik
chr10	120781100	120898971	-	320183	Msrb3
chr10	120857629	120863328	+	100504616	Gm15910
chr10	120923411	120979330	-	380664	Lemd3
chr10	121034004	121100642	+	24117	Wif1
chr10	121263819	121311189	-	74694	Tbc1d30
chr10	121365090	121397245	+	75612	Gns
chr10	121410350	121476250	-	192678	Rassf3
chr10	121546455	121586794	-	56480	Tbk1
chr10	121587380	121626316	-	73192	Xpot
chr10	121641701	121693914	+	216393	D930020B18Rik
chr10	121739937	121752859	+	270802	BC048403
chr10	121780991	122047315	-	117600	Srgap1
chr10	122078112	122079879	-	668272	Gm9079
chr10	122081260	122097102	-	216395	Rxylt1
chr10	122119697	122130558	+	100043513	Gm4489
chr10	122448499	122453453	+	54140	Avpr1a
chr10	122565023	122569891	-	319272	A130077B15Rik
chr10	122648339	122648435	+	102465223	Mir6412
chr10	122678762	122945795	+	319468	Ppm1h
chr10	122679315	122679415	+	102466884	Mir8104
chr10	122985640	122985724	-	387251	Mirlet7i
chr10	122992061	123076505	-	67074	Mon2
chr10	123105006	123197019	-	14479	Usp15
chr10	123264076	123741204	+	268354	Fam19a2
chr10	124469074	124524488	+	75030	4930503E24Rik
chr10	125227485	125328535	-	20503	Slc16a7
chr10	125966219	126015359	+	320398	Lrig3
chr10	126710282	126710391	-	102465224	Mir378d
chr10	126788851	126793710	-	75813	4930484H19Rik
chr10	126868427	126901371	-	68876	Atp23
chr10	126978717	126999975	+	52468	Ctdsp2
chr10	126995530	126995613	+	723962	Mir26a-2
chr10	126998440	126998560	+	723882	Mir546
chr10	127000709	127020994	+	11567	Avil
chr10	127022332	127030814	-	66399	Tsfm
chr10	127032905	127041394	-	100504608	Eef1akmt3
chr10	127041932	127045461	+	17299	Mettl1
chr10	127048246	127053006	+	13115	Cyp27b1
chr10	127056050	127060184	-	216438	March9
chr10	127063603	127067283	+	12567	Cdk4
chr10	127067290	127070261	-	67125	Tspan31
chr10	127070481	127071101	+	100504703	A730063M14Rik
chr10	127078907	127093170	+	216439	Agap2
chr10	127094259	127121160	-	216440	Os9
chr10	127165156	127172340	+	14421	B4galnt1
chr10	127172426	127180645	-	216441	Slc26a10
chr10	127182521	127190054	-	52666	Arhgef25
chr10	127190378	127195709	-	80904	Dtx3
chr10	127195249	127202643	+	100038591	F420014N23Rik
chr10	127197067	127211622	-	117150	Pip4k2c
chr10	127225695	127263363	-	16572	Kif5a
chr10	127266262	127281959	+	69654	Dctn2
chr10	127281956	127288771	-	110962	Mbd6
chr10	127290793	127296288	+	13198	Ddit3
chr10	127296221	127311786	-	216443	Mars
chr10	127321964	127329943	+	216445	Arhgap9
chr10	127329882	127341886	-	14632	Gli1
chr10	127349402	127351772	-	16326	Inhbe
chr10	127356325	127370544	-	16325	Inhbc
chr10	127380910	127499384	+	71750	R3hdm2
chr10	127501689	127508815	+	237611	Stac3
chr10	127514939	127517154	+	407790	Ndufa4l2
chr10	127517123	127522444	-	108037	Shmt2
chr10	127525473	127534559	-	104080	Nxph4
chr10	127538157	127621148	-	16971	Lrp1
chr10	127642986	127660987	+	20852	Stat6
chr10	127660918	127666703	-	17937	Nab2
chr10	127667123	127668851	+	72243	1700012D01Rik
chr10	127667123	127701047	+	210035	Nemp1
chr10	127705256	127720940	+	432516	Myo1a
chr10	127724478	127731768	+	21334	Tac2
chr10	127739538	127747349	+	320080	Zbtb39
chr10	127749602	127751798	-	11536	Gpr182
chr10	127759763	127768299	+	107605	Rdh1
chr10	127759763	127792697	+	103142	Rdh9
chr10	127801153	127815839	+	19683	Rdh16
chr10	127801153	127846565	+	380674	Rdh18-ps
chr10	127849928	127861176	+	216453	Rdh19
chr10	127866476	127877319	+	216454	Rdh16f2
chr10	127884027	127889247	-	54150	Rdh7
chr10	127898535	127911761	+	70061	Sdr9c7
chr10	127990936	128007604	-	27400	Hsd17b6
chr10	128015215	128030030	+	19075	Prim1
chr10	128035346	128048637	+	17938	Naca
chr10	128058982	128077254	+	56351	Ptges3
chr10	128083307	128090388	+	11947	Atp5b
chr10	128085286	128085363	+	751518	Mir677
chr10	128091610	128129303	+	116848	Baz2a
chr10	128129470	128180297	-	56516	Rbms2
chr10	128194635	128210004	+	216456	Gls2
chr10	128209908	128211794	-	66701	Spryd4
chr10	128225810	128231812	+	17339	Mip
chr10	128232063	128252941	+	21853	Timeless
chr10	128254131	128255901	+	28194	Apon
chr10	128267997	128270151	+	103161	Apof
chr10	128270576	128292849	+	20847	Stat2
chr10	128296140	128298084	-	83430	Il23a
chr10	128303335	128321358	+	103135	Pan2
chr10	128322459	128327187	+	56530	Cnpy2
chr10	128337832	128362479	+	12974	Cs
chr10	128363097	128370037	-	210582	Coq10a
chr10	128377124	128394006	+	237615	Ankrd52
chr10	128382838	128382906	+	102465551	Mir6914
chr10	128388832	128388900	+	102465979	Mir6915
chr10	128395931	128401224	-	72002	Slc39a5
chr10	128401395	128409796	-	69917	Nabp2
chr10	128411616	128441441	+	67588	Rnf41
chr10	128458680	128458768	+	102465894	Mir8105
chr10	128459236	128490174	+	68094	Smarcc2
chr10	128490859	128493886	-	17904	Myl6
chr10	128494157	128498685	-	216459	Myl6b
chr10	128499247	128504242	+	654440	A430046D13Rik
chr10	128510248	128525859	-	23943	Esyt1
chr10	128511968	128512030	-	102465552	Mir6916
chr10	128543563	128547744	-	103284	Zc3h10
chr10	128548110	128549168	-	67945	Rpl41
chr10	128557766	128565934	-	18813	Pa2g4
chr10	128569368	128589501	-	13867	Erbb3
chr10	128584437	128584497	-	102465553	Mir6917
chr10	128624529	128626506	-	27370	Rps26
chr10	128632415	128645993	-	22781	Ikzf4
chr10	128645884	128649811	+	102633634	Gm26876
chr10	128669887	128673918	-	211389	Suox
chr10	128677179	128696268	-	19344	Rab5b
chr10	128697939	128705051	-	12566	Cdk2
chr10	128706258	128720238	+	20431	Pmel
chr10	128720134	128744855	-	13139	Dgka
chr10	128747879	128766568	+	78428	Pym1
chr10	128790910	128800827	+	58223	Mmp19
chr10	128800036	128804370	-	73827	Tmem198b
chr10	128805580	128819446	+	74330	Dnajc14
chr10	128817457	128821631	-	66844	Ormdl2
chr10	128821771	128877638	+	66118	Sarnp
chr10	128884546	128891718	-	14561	Gdf11
chr10	128908919	128912822	+	12512	Cd63
chr10	128913590	128919297	-	19682	Rdh5
chr10	128919914	128923524	-	14533	Bloc1s1
chr10	128933813	128958286	+	16404	Itga7
chr10	128958277	128960988	-	71664	Mettl7b
chr10	128971197	128978110	+	77699	9030616G12Rik
chr10	128989914	128990852	+	18373	Olfr9
chr10	129011287	129012216	+	258861	Olfr763
chr10	129046132	129047061	-	544748	Olfr765
chr10	129079032	129079961	-	258315	Olfr767
chr10	129093034	129093972	-	258863	Olfr768
chr10	129111485	129112423	-	257667	Olfr769
chr10	129132831	129133766	-	258862	Olfr770
chr10	129160029	129160982	-	258540	Olfr771
chr10	129174051	129175054	-	257666	Olfr772
chr10	129186484	129187419	-	257664	Olfr773
chr10	129238151	129239089	+	258232	Olfr774
chr10	129250536	129251474	+	258538	Olfr775
chr10	129260963	129261901	+	404321	Olfr776
chr10	129268386	129269321	-	258537	Olfr777
chr10	129321625	129322563	+	258281	Olfr780
chr10	129332883	129333818	+	258723	Olfr781
chr10	129350565	129351509	+	257985	Olfr782
chr10	129387635	129388594	+	258724	Olfr784
chr10	129409368	129410306	+	546488	Olfr785
chr10	129436814	129437752	+	258542	Olfr786
chr10	129462678	129463616	+	258069	Olfr787
chr10	129472694	129473629	+	258544	Olfr788
chr10	129487012	129487950	+	258148	Olfr789
chr10	129500886	129501854	+	258935	Olfr790
chr10	129526229	129527167	+	258932	Olfr791
chr10	129540539	129541474	+	258150	Olfr792
chr10	129570657	129571619	+	258375	Olfr794
chr10	129607547	129608479	-	258933	Olfr796
chr10	129625124	129626059	-	258549	Olfr798
chr10	129647130	129648065	+	258929	Olfr799
chr10	129659808	129660743	+	258541	Olfr800
chr10	129669561	129670517	-	258282	Olfr801
chr10	129681799	129682737	-	258934	Olfr802
chr10	129691113	129692039	-	258547	Olfr803
chr10	129704880	129705824	+	258068	Olfr804
chr10	129722583	129723542	-	258548	Olfr805
chr10	129737974	129738915	-	258546	Olfr806
chr10	129754513	129755448	-	258931	Olfr807
chr10	129767498	129768436	+	258930	Olfr808
chr10	129775871	129776857	+	258321	Olfr809
chr10	129790649	129791587	-	258543	Olfr810
chr10	129801564	129802523	-	258545	Olfr811
chr10	129842108	129843040	-	258791	Olfr812
chr10	129856520	129857452	+	258252	Olfr813
chr10	129873823	129874755	-	259165	Olfr814
chr10	129901776	129902726	-	258665	Olfr815
chr10	129911338	129912276	-	258667	Olfr816
chr10	129945104	129946060	-	258773	Olfr818
chr10	129965736	129966698	-	100043200	Olfr819
chr10	129974605	129975549	-	258266	Olfr247
chr10	130017363	130018301	+	258670	Olfr820
chr10	130033628	130034560	+	258772	Olfr821
chr10	130074412	130075350	+	258666	Olfr822
chr10	130111841	130112788	-	258668	Olfr823
chr10	130126108	130127055	-	258669	Olfr824
chr10	130162362	130163324	-	258672	Olfr825
chr10	130179937	130180878	-	258671	Olfr826
chr10	130210160	130211128	-	258297	Olfr827
chr10	130268152	130280240	-	11923	Neurod4
chr10	130322852	130364111	+	67596	Tespa1
chr10	130385800	130394241	-	625068	Vmn2r84
chr10	130418261	130429612	-	623734	Vmn2r85
chr10	130446199	130455894	-	625109	Vmn2r86
chr10	130471821	130497379	-	625131	Vmn2r87
chr11	3124021	3131945	+	236604	Pisd-ps1
chr11	3131850	3193463	-	78887	Sfi1
chr11	3202353	3244588	+	74203	Eif4enif1
chr11	3249922	3266386	-	13494	Drg1
chr11	3289131	3309083	+	56218	Patz1
chr11	3309000	3320722	+	100302648	Gm11944
chr11	3330731	3342971	+	216505	Pik3ip1
chr11	3343297	3409238	-	16886	Limk2
chr11	3415973	3452956	-	193670	Rnf185
chr11	3452437	3479831	+	71523	8430429K09Rik
chr11	3488227	3494166	+	237625	Pla2g3
chr11	3494272	3504821	-	170835	Inpp5j
chr11	3514702	3517351	+	114679	Selenom
chr11	3517522	3539292	-	29856	Smtn
chr11	3639785	3648814	-	544752	Tug1
chr11	3649494	3690372	+	74522	Morc2a
chr11	3703731	3863903	-	74309	Osbp2
chr11	3886088	3895126	-	67430	4921536K21Rik
chr11	3895240	3901296	+	75219	Dusp18
chr11	3907022	3914664	-	103710	Slc35e4
chr11	3917077	3932078	-	21452	Tcn2
chr11	3963975	3980004	+	64934	Pes1
chr11	3983636	3999328	+	53897	Gal3st1
chr11	4031782	4048023	+	103655	Sec14l4
chr11	4064853	4078990	+	380683	Sec14l3
chr11	4091481	4095431	-	67900	Mtfp1
chr11	4097039	4118729	-	67815	Sec14l2
chr11	4135160	4141193	+	71673	Rnf215
chr11	4139364	4139446	+	100526466	Mir3060
chr11	4141123	4160293	-	216516	Ccdc157
chr11	4160354	4182541	+	67465	Sf3a1
chr11	4186833	4215505	+	103724	Tbc1d10a
chr11	4218251	4222409	+	71962	Castor1
chr11	4236785	4241026	+	18413	Osm
chr11	4257568	4272514	+	16878	Lif
chr11	4346383	4441103	-	75828	Hormad2
chr11	4480868	4594815	-	74302	Mtmr3
chr11	4620275	4630011	-	327860	Gm11961
chr11	4637793	4683385	+	75452	Ascc2
chr11	4701968	4704344	-	66152	Uqcr10
chr11	4704671	4737666	+	67178	Zmat5
chr11	4738821	4746778	-	192650	Cabp7
chr11	4765845	4849544	-	18016	Nf2
chr11	4874003	4894200	+	18082	Nipsnap1
chr11	4891345	4891402	+	102466764	Mir6918
chr11	4895343	4928865	+	107829	Thoc5
chr11	4918516	4918918	+	100359413	AA413626
chr11	4938754	4948064	-	380684	Nefh
chr11	4947521	5042794	+	11764	Ap1b1
chr11	5054131	5065327	-	78926	Gas2l1
chr11	5058128	5060383	+	75668	Rasl10a
chr11	5069687	5099088	-	14030	Ewsr1
chr11	5099273	5106100	+	279766	Rhbdd3
chr11	5106266	5152222	-	140703	Emid1
chr11	5191552	5261610	-	84035	Kremen1
chr11	5276329	5444847	-	407821	Znrf3
chr11	5520641	5525993	+	22433	Xbp1
chr11	5528887	5542217	-	104479	Ccdc117
chr11	5569684	5689337	+	76389	Ankrd36
chr11	5703983	5707699	-	64660	Mrps24
chr11	5713417	5762376	-	72046	Urgcp
chr11	5762150	5784710	+	76508	Ube2d-ps
chr11	5788483	5800980	+	13169	Dbnl
chr11	5801637	5803796	-	56012	Pgam2
chr11	5827860	5838016	-	54125	Polm
chr11	5861866	5872248	+	11568	Aebp1
chr11	5872180	5878256	-	18972	Pold2
chr11	5896637	5898782	-	17898	Myl7
chr11	5900820	5950081	-	103988	Gck
chr11	5955758	5967780	+	56418	Ykt6
chr11	5969642	6065748	-	12323	Camk2b
chr11	6105691	6200451	-	209586	Nudcd3
chr11	6172508	6173331	-	100042173	Rps15a-ps6
chr11	6211011	6230245	-	237636	Npc1l1
chr11	6257545	6267729	-	52513	Ddx56
chr11	6270714	6274837	-	103694	Tmed4
chr11	6291597	6359094	+	18293	Ogdh
chr11	6395125	6406162	+	52915	Zmiz2
chr11	6401630	6401693	+	102465759	Mir7651
chr11	6415870	6419810	+	268373	Ppia
chr11	6427226	6444443	-	77605	H2afv
chr11	6467599	6476076	-	19291	Purb
chr11	6506548	6520958	-	246177	Myo1g
chr11	6525591	6528760	-	100041286	Snhg15
chr11	6546887	6596761	+	216527	Ccm2
chr11	6597823	6606054	-	192950	Nacad
chr11	6615598	6626067	-	21379	Tbrg4
chr11	6620319	6620419	-	100217467	Snora5c
chr11	6635483	6638649	-	22373	Wap
chr11	6650148	6660236	-	100041311	Gm11978
chr11	6658533	6677475	+	56089	Ramp3
chr11	6716001	6720037	-	626419	Gm11981
chr11	7063489	7178506	+	432530	Adcy1
chr11	7183157	7188569	-	100041347	Gm11985
chr11	7197787	7202546	+	16006	Igfbp1
chr11	7206086	7213923	-	16009	Igfbp3
chr11	8431652	8664535	-	319939	Tns3
chr11	8993137	9011191	-	15574	Hus1
chr11	9016054	9048991	-	194974	Sun3
chr11	9048592	9069354	+	626870	Gm11992
chr11	9118008	9136170	+	22271	Upp1
chr11	9191942	9684259	+	268379	Abca13
chr11	11114016	11267721	+	319922	Vwc2
chr11	11280040	11462419	-	53604	Zpbp
chr11	11489266	11515190	+	73862	Spata48
chr11	11589223	11627838	-	102631730	4930512M02Rik
chr11	11685925	11772926	+	22778	Ikzf1
chr11	11787431	11808962	-	60530	Fignl1
chr11	11814101	11898144	-	13195	Ddc
chr11	11868123	11885321	+	73321	1700042O10Rik
chr11	11930499	12037420	-	14783	Grb10
chr11	12236676	12464960	-	12808	Cobl
chr11	14072103	14179041	-	75280	4930554G24Rik
chr11	14560336	14599225	-	73307	1700046C09Rik
chr11	14599240	14600316	+	432536	Pom121l12
chr11	16257724	16284551	+	211739	Vstm2a
chr11	16501638	16508484	-	20335	Sec61g
chr11	16752203	16913907	+	13649	Egfr
chr11	16934709	16951282	-	72735	Eldr
chr11	16951375	16954772	+	319701	Fbxo48
chr11	16971206	17052381	-	56193	Plek
chr11	17051584	17079372	+	380686	Cnrip1
chr11	17151139	17200380	+	19058	Ppp3r1
chr11	17203198	17211589	-	66249	Pno1
chr11	17211893	17235200	+	103784	Wdr92
chr11	17257618	17269176	+	57316	C1d
chr11	17938749	17953875	-	68145	Etaa1
chr11	17953970	17959582	+	102633673	Etaa1os
chr11	18095986	18103385	+	327872	Gm12018
chr11	18880428	19018969	-	17268	Meis1
chr11	19065275	19075740	+	74059	4933406G16Rik
chr11	19924442	20022597	+	114716	Spred2
chr11	20062304	20112951	-	66713	Actr2
chr11	20201602	20226856	+	19324	Rab1a
chr11	20227037	20249424	-	216543	Cep68
chr11	20302180	20332713	-	55963	Slc1a4
chr11	20543253	20653023	+	58172	Sertad2
chr11	20685084	20741556	-	216549	Aftph
chr11	20823355	20831108	-	216551	Lgalsl
chr11	21091324	21150327	+	67245	Peli1
chr11	21239032	21321133	+	245944	Vps54
chr11	21321126	21371267	-	216558	Ugp2
chr11	21344588	21344675	-	100316753	Mir1933
chr11	21494730	21511180	-	237694	4932414J04Rik
chr11	21556692	21571934	-	17449	Mdh1
chr11	21572281	21898686	+	216560	Wdpcp
chr11	21994764	22001651	-	18423	Otx1
chr11	22005825	22342292	-	216565	Ehbp1
chr11	22512283	22519231	+	103765	Tmem17
chr11	22834739	22956692	-	53625	B3gnt2
chr11	22899728	22982284	-	17846	Commd1
chr11	22972005	22976496	+	22183	Zrsr1
chr11	22990593	23003336	+	12464	Cct4
chr11	23008347	23030788	+	73873	Fam161a
chr11	23152140	23166375	+	76993	1700061J23Rik
chr11	23256041	23297597	+	103573	Xpo1
chr11	23306895	23490560	+	17847	Usp34
chr11	23487882	23498039	-	268390	Ahsa2
chr11	23516203	23519942	-	67358	1700093K21Rik
chr11	23558058	23558842	-	100134990	Selenok-ps1
chr11	23564961	23633631	-	71675	0610010F05Rik
chr11	23646479	23665935	-	72129	Pex13
chr11	23665674	23732876	+	74467	Pus10
chr11	23741729	23770970	-	19696	Rel
chr11	23862646	23895270	-	216578	Papolg
chr11	24078056	24173558	+	14025	Bcl11a
chr11	24481909	24569951	+	71316	4933430M04Rik
chr11	24721006	24730722	-	100038617	Gm10466
chr11	25326107	25367137	+	71234	4933427E13Rik
chr11	25616846	26210576	-	70626	5730522E02Rik
chr11	26202240	26202348	+	102466154	Mir6372
chr11	26387084	26471883	+	67030	Fancl
chr11	26471401	26593920	-	69922	Vrk2
chr11	26785108	26787860	+	654472	Gm12070
chr11	28385684	28584324	-	216613	Ccdc85a
chr11	28681564	28693276	+	72818	2810471M01Rik
chr11	28746191	28746276	+	735308	Mir216b
chr11	28746198	28746266	-	102465785	Mir216c
chr11	28757012	28757083	+	387212	Mir216a
chr11	28763728	28763835	+	387213	Mir217
chr11	28853205	28926743	+	216616	Efemp1
chr11	29130751	29161828	+	71701	Pnpt1
chr11	29172907	29220797	+	104570	Ppp4r3b
chr11	29221536	29247272	-	216618	Cfap36
chr11	29374172	29510808	+	108686	Ccdc88a
chr11	29511757	29515033	-	67939	Prorsd1
chr11	29526397	29545452	+	76784	Mtif2
chr11	29545842	29548040	-	78294	Rps27a
chr11	29547950	29578352	+	73324	Clhc1
chr11	29692898	29744414	+	68585	Rtn4
chr11	29743051	30026033	-	237711	Eml6
chr11	29822395	29825668	-	216622	4931440F15Rik
chr11	30099395	30219772	-	20742	Sptbn1
chr11	30426006	30471829	-	75087	4930505A04Rik
chr11	30505992	30649396	-	75572	Acyp2
chr11	30771775	30880361	+	103554	Psme4
chr11	30885358	30893729	+	237716	Gpr75
chr11	30929784	30954131	-	66753	Erlec1
chr11	30954398	31102704	+	65257	Asb3
chr11	30976707	30986365	-	68044	Chac2
chr11	31359441	31370061	-	20856	Stc2
chr11	31665150	31671862	-	69556	Bod1
chr11	31790081	31824547	-	414116	D630024D03Rik
chr11	31870940	31935635	+	67579	Cpeb4
chr11	31965633	31979651	+	67592	4930524B15Rik
chr11	32000419	32059211	+	18197	Nsg2
chr11	32095259	32101228	-	104692	Gm12108
chr11	32188997	32200279	-	16199	Il9r
chr11	32205415	32208996	+	78372	Snrnp25
chr11	32209585	32222293	-	13650	Rhbdf1
chr11	32225628	32267707	-	17168	Nprl3
chr11	32226505	32232702	+	268395	Mpg
chr11	32276600	32278116	+	15126	Hba-x
chr11	32283672	32284486	+	15122	Hba-a1
chr11	32286964	32287912	+	544763	Hbq1b
chr11	32296492	32297310	+	110257	Hba-a2
chr11	32300069	32300873	+	216635	Hbq1a
chr11	32347811	32428183	+	268396	Sh3pxd2b
chr11	32455372	32518709	+	327900	Ubtd2
chr11	32522733	32527574	-	69306	Efcab9
chr11	32533266	32624595	+	20868	Stk10
chr11	32642555	32746816	+	103583	Fbxw11
chr11	32820376	32824594	-	69351	Smim23
chr11	33116970	33147400	-	14172	Fgf18
chr11	33152498	33163206	-	18148	Npm1
chr11	33200752	33203588	-	27140	Tlx3
chr11	33211794	33513746	-	66011	Ranbp17
chr11	33550781	33578957	-	216643	Gabrp
chr11	33629339	33993193	-	70357	Kcnip1
chr11	33963013	33973638	+	16533	Kcnmb1
chr11	34047201	34092280	+	16822	Lcp2
chr11	34204341	34208089	-	14233	Foxi1
chr11	34226815	34783905	-	94176	Dock2
chr11	34314822	34422640	+	574403	Fam196b
chr11	34809185	34833641	-	70385	Spdl1
chr11	35121456	35708507	+	20564	Slit3
chr11	35616816	35616925	+	723924	Mir218-2
chr11	35769495	35791285	+	211347	Pank3
chr11	35782396	35782481	+	723824	Mir103-1
chr11	35797380	35798884	-	237730	Fbll1
chr11	35808381	35834528	-	104458	Rars
chr11	35839178	35980089	-	211652	Wwc1
chr11	36006656	36944241	-	23964	Tenm2
chr11	37658989	37673166	+	100039148	Gm12128
chr11	38491548	38520045	-	100502917	Gm12130
chr11	39307703	39390225	-	75315	4930553C11Rik
chr11	40679314	40695203	-	108645	Mat2b
chr11	40701388	40733437	-	15366	Hmmr
chr11	40733661	40740046	+	52653	Nudcd2
chr11	40748552	40755286	-	12450	Ccng1
chr11	41910190	42000714	-	14406	Gabrg2
chr11	42130939	42182930	-	14394	Gabra1
chr11	42306437	42321072	-	14399	Gabra6
chr11	42419757	42632591	+	14401	Gabrb2
chr11	43149877	43262285	+	319767	Atp10b
chr11	43374397	43374461	-	387164	Mir146
chr11	43420248	43426248	-	30939	Pttg1
chr11	43433731	43447981	+	193116	Slu7
chr11	43474306	43491525	+	69183	C1qtnf2
chr11	43528749	43586999	+	380694	Ccnjl
chr11	43596040	43601562	-	16204	Fabp6
chr11	43681998	43722633	+	70802	Pwwp2a
chr11	43730006	43747973	-	66827	Ttc1
chr11	43774605	43901237	-	11548	Adra1b
chr11	44400063	44414677	+	16160	Il12b
chr11	44454571	44470548	-	79560	Ublcp1
chr11	44518964	44565520	+	74315	Rnf145
chr11	44586317	44591229	+	75389	4930597A21Rik
chr11	44618100	45008096	+	13591	Ebf1
chr11	45102866	45116928	-	100504255	Gm12159
chr11	45808083	45842880	+	100009664	F630206G17Rik
chr11	45851964	45910625	+	216705	Clint1
chr11	45928269	45944935	-	72290	Lsm11
chr11	45945305	45955503	-	66628	Thg1l
chr11	45980310	46017992	+	214105	Sox30
chr11	46054502	46147347	+	11492	Adam19
chr11	46102270	46102390	+	102465996	Mir8100
chr11	46148155	46166359	-	214112	Nipal4
chr11	46170087	46170143	+	102465715	Mir7239
chr11	46193849	46312859	-	76884	Cyfip2
chr11	46235557	46239871	+	320116	Fndc9
chr11	46325148	46389515	-	16428	Itk
chr11	46404728	46407985	+	432552	Fam71b
chr11	46436947	46442721	+	66213	Med7
chr11	46454931	46481255	+	171285	Havcr2
chr11	46524251	46538156	+	210535	Gm12169
chr11	46548413	46556068	+	675689	Gm12171
chr11	46571513	46589232	+	407814	BC053393
chr11	46607010	46629274	-	347708	Dppa1
chr11	46636506	46645006	-	237749	Gm4926
chr11	46668960	46707104	-	171284	Timd2
chr11	46740223	46779578	+	171283	Havcr1
chr11	46810799	46844333	+	276891	Timd4
chr11	46896253	47988969	-	24052	Sgcd
chr11	48800360	48806241	+	14694	Rack1
chr11	48802033	48803206	+	100216534	Snord96a
chr11	48806404	48817391	-	211007	Trim41
chr11	48826138	48850195	+	94089	Trim7
chr11	48865249	48871346	-	15944	Irgm1
chr11	48887422	48902152	-	432555	Gm5431
chr11	48904656	48992246	-	620913	Gm12185
chr11	48945345	48946410	-	621823	Psme2b
chr11	48946150	48979381	-	667214	9930111J21Rik1
chr11	48965817	49051242	-	245240	9930111J21Rik2
chr11	48985329	48992246	-	21822	Tgtp1
chr11	49050733	49135387	+	15953	Ifi47
chr11	49057196	49064212	-	100039796	Tgtp2
chr11	49112777	49113757	-	258334	Olfr1396
chr11	49134290	49135141	+	18356	Olfr56
chr11	49148259	49149212	+	258877	Olfr1395
chr11	49160016	49160954	+	258273	Olfr1394
chr11	49168325	49187089	-	237754	Btnl9
chr11	49203327	49218816	+	22720	Zfp62
chr11	49244191	49263027	+	17308	Mgat1
chr11	49280150	49281085	+	258463	Olfr1393
chr11	49293297	49294322	+	258462	Olfr1392
chr11	49317548	49318483	+	18307	Olfr10
chr11	49327413	49328348	+	258460	Olfr1391
chr11	49340534	49341469	+	259068	Olfr1390
chr11	49430427	49431499	+	259069	Olfr1389
chr11	49443853	49444788	+	258459	Olfr1388
chr11	49459681	49460616	+	258465	Olfr1387
chr11	49470054	49471181	+	257888	Olfr1386
chr11	49494535	49495464	+	258027	Olfr1385
chr11	49513618	49514651	+	258464	Olfr1384
chr11	49523725	49524660	+	404337	Olfr1383
chr11	49535187	49536122	+	257971	Olfr1382
chr11	49551749	49552684	+	258461	Olfr1381
chr11	49563923	49564858	+	404336	Olfr1380
chr11	49609679	49652739	+	14257	Flt4
chr11	49663595	49665118	+	68662	Scgb3a1
chr11	49671497	49712722	-	104625	Cnot6
chr11	49794155	49838620	+	14584	Gfpt2
chr11	49846751	49886421	+	26420	Mapk9
chr11	49901835	49980223	+	74563	Rasgef1c
chr11	50025331	50125719	+	59044	Rnf130
chr11	50069702	50069799	+	723845	Mir340
chr11	50131360	50172785	+	76795	Tbc1d9b
chr11	50174444	50200115	+	68067	Mrnip
chr11	50200152	50210820	-	18412	Sqstm1
chr11	50225335	50235103	+	103534	Mgat4b
chr11	50232245	50232306	+	102466765	Mir6919
chr11	50236461	50238532	-	17001	Ltc4s
chr11	50255634	50292336	-	103806	Maml1
chr11	50293957	50325673	-	12330	Canx
chr11	50357785	50357879	-	100049547	Mir804
chr11	50377094	50386528	+	59013	Hnrnph1
chr11	50389303	50431111	-	216724	Rufy1
chr11	50602085	50807573	+	216725	Adamts2
chr11	50811085	50827731	-	30944	Zfp354c
chr11	50832031	50841552	-	214779	Zfp879
chr11	50850685	50866208	+	108072	Grm6
chr11	50872722	50887501	-	237758	Zfp454
chr11	50898712	50916176	-	22678	Zfp2
chr11	50921786	50931635	-	27274	Zfp354b
chr11	50950806	50953632	-	19127	Prop1
chr11	50969020	50969967	+	258912	Olfr1378
chr11	50984703	50985626	+	258913	Olfr1377
chr11	51006974	51007897	+	18351	Olfr51
chr11	51027004	51027945	+	18354	Olfr54
chr11	51048109	51049050	+	258509	Olfr1375
chr11	51059225	51072799	+	21408	Zfp354a
chr11	51085087	51091835	+	619293	9230009I02Rik
chr11	51189833	51220418	-	71297	Platr20
chr11	51253651	51263046	-	193286	BC049762
chr11	51263114	51281770	+	12750	Clk4
chr11	51289920	51583925	+	237759	Col23a1
chr11	51584757	51603269	+	72947	Phykpl
chr11	51600100	51606881	-	15384	Hnrnpab
chr11	51619773	51623714	+	52530	Nhp2
chr11	51623673	51635896	-	66089	Rmnd5b
chr11	51643089	51651073	-	212706	N4bp3
chr11	51650954	51657681	+	97775	D930048N14Rik
chr11	51685385	51688634	-	66050	0610009B22Rik
chr11	51692263	51763634	-	77371	Sec24a
chr11	51763663	51791953	+	66397	Sar1b
chr11	51813456	51857481	-	76901	Jade2
chr11	51967631	51977336	+	52626	Cdkn2aipnl
chr11	51985146	52000466	-	22210	Ube2b
chr11	52004221	52084667	+	213084	Cdkl3
chr11	52098824	52122749	+	19052	Ppp2ca
chr11	52126746	52126836	+	100526467	Mir3061
chr11	52144593	52145528	-	211472	Olfr1373
chr11	52154876	52157907	-	257871	Olfr1372-ps1
chr11	52213052	52213987	-	276865	Olfr1371
chr11	52231995	52246858	+	21402	Skp1a
chr11	52252283	52283014	-	21414	Tcf7
chr11	52360862	52389397	+	22333	Vdac1
chr11	52396428	52408723	+	213673	9530068E07Rik
chr11	52764706	53187347	+	320027	Fstl4
chr11	53111451	53120056	-	790909	Gm11186
chr11	53259814	53300479	-	15525	Hspa4
chr11	53324689	53333301	+	67966	Zcchc10
chr11	53350767	53421830	+	93736	Aff4
chr11	53409197	53409267	+	102465554	Mir6920
chr11	53422181	53423136	-	259301	Leap2
chr11	53427922	53430831	-	22272	Uqcrq
chr11	53433286	53437903	+	14566	Gdf9
chr11	53457205	53467766	+	71774	Shroom1
chr11	53476578	53480195	-	237761	Sowaha
chr11	53519736	53548459	+	20362	Sept8
chr11	53567369	53604246	+	16568	Kif3a
chr11	53612460	53618665	-	16189	Il4
chr11	53631323	53634702	-	16163	Il13
chr11	53649519	53707319	-	19360	Rad50
chr11	53720794	53725103	+	16191	Il5
chr11	53763597	53763654	-	102465772	Mir7671
chr11	53770014	53778374	+	16362	Irf1
chr11	53785489	53859256	-	622459	Gm12216
chr11	53864542	53891703	-	20520	Slc22a5
chr11	53950824	53980027	-	56517	Slc22a21
chr11	53983126	54028090	-	30805	Slc22a4
chr11	54054928	54069017	-	30794	Pdlim4
chr11	54100924	54131667	+	18452	P4ha2
chr11	54177772	54213288	-	71056	4933405E24Rik
chr11	54247270	54249899	-	12981	Csf2
chr11	54265085	54267279	-	16187	Il3
chr11	54303824	54361539	+	216739	Acsl6
chr11	54370652	54426790	+	74847	Meikin
chr11	54438179	54518241	+	216742	Fnip1
chr11	54522845	54699286	+	192786	Rapgef6
chr11	54717415	54787703	-	72729	Cdc42se2
chr11	54819919	54824967	+	432562	Lyrm7os
chr11	54826868	54860591	-	75530	Lyrm7
chr11	54866438	54870496	+	15254	Hint1
chr11	54902854	54910382	+	14778	Gpx3
chr11	54910787	54962940	-	57783	Tnip1
chr11	54978962	55033471	-	11749	Anxa6
chr11	55049738	55078131	-	52570	Ccdc69
chr11	55097985	55113029	+	14667	Gm2a
chr11	55124823	55151706	-	215332	Slc36a3
chr11	55158468	55185077	-	246049	Slc36a2
chr11	55191719	55197682	-	74045	Slc36a1os
chr11	55204340	55236330	+	215335	Slc36a1
chr11	55250610	55312257	-	245827	Fat2
chr11	55394159	55420080	-	20692	Sparc
chr11	55446643	55461138	-	11927	Atox1
chr11	55469752	55500887	+	27041	G3bp1
chr11	55482706	55482829	+	100303747	Gm12238
chr11	55501226	55501281	+	102465760	Mir7652
chr11	55514239	55608198	-	14654	Glra1
chr11	56024990	56040987	-	216749	Nmur2
chr11	57011618	57330244	+	14799	Gria1
chr11	57482990	57518644	-	67726	Fam114a2
chr11	57518665	57533817	+	216760	Mfap3
chr11	57623698	57649061	-	78762	4933424L21Rik
chr11	57645442	57787501	+	171212	Galnt10
chr11	57795499	57801467	-	76516	2010001A14Rik
chr11	57801637	57810615	+	50724	Sap30l
chr11	57828713	57832147	-	15110	Hand1
chr11	58009064	58062034	+	73158	Larp1
chr11	58104153	58118594	+	69125	Cnot8
chr11	58120001	58168539	-	216766	Gemin5
chr11	58171654	58179580	+	216767	Mrpl22
chr11	58183843	58190198	+	631323	Gm12250
chr11	58199556	58207592	+	16145	Igtp
chr11	58199556	58222783	+	54396	Irgm2
chr11	58307069	58314613	+	103836	Zfp692
chr11	58315114	58330339	-	319475	Zfp672
chr11	58330707	58347728	+	79566	Sh3bp5l
chr11	58379032	58390541	+	70163	Lypd8
chr11	58421111	58426023	+	69864	1810065E05Rik
chr11	58432559	58441622	+	624860	Gm12253
chr11	58446143	58452966	-	403200	4930504O13Rik
chr11	58454915	58455980	-	18329	Olfr30
chr11	58489719	58492499	-	257932	Olfr332
chr11	58501598	58502572	-	100502887	Olfr331
chr11	58528929	58534825	-	258879	Olfr330
chr11	58542447	58543483	-	259148	Olfr329-ps
chr11	58551305	58552237	-	258495	Olfr328
chr11	58566399	58567343	-	258198	Olfr224
chr11	58580837	58581877	+	258261	Olfr325
chr11	58597345	58598466	+	257892	Olfr324
chr11	58608204	58613492	-	78354	2210407C18Rik
chr11	58625073	58626044	-	258373	Olfr323
chr11	58640465	58652404	+	216781	Trim58
chr11	58665561	58666544	+	404346	Olfr322
chr11	58683875	58684795	+	216783	Olfr320
chr11	58701703	58702623	+	258493	Olfr319
chr11	58720069	58721094	-	258494	Olfr318
chr11	58732096	58733223	-	257931	Olfr317
chr11	58757667	58758587	+	258064	Olfr316
chr11	58778089	58779086	+	258531	Olfr315
chr11	58786139	58787269	+	257917	Olfr314
chr11	58792802	58801960	-	75429	Fam183b
chr11	58816928	58818001	+	258529	Olfr313
chr11	58831156	58832082	+	258065	Olfr312
chr11	58841116	58842042	+	258530	Olfr311
chr11	58867240	58884338	+	69944	2810021J22Rik
chr11	58888153	58904225	-	22698	Zfp39
chr11	58918057	58926965	+	192194	Btnl10
chr11	58932288	58938906	-	108660	Rnf187
chr11	58948911	58949372	+	78303	Hist3h2ba
chr11	58954048	58954512	-	382522	Hist3h2bb-ps
chr11	58954685	58955192	+	319162	Hist3h2a
chr11	58954685	58971729	+	56631	Trim17
chr11	58961711	58962273	+	382523	Gm12260
chr11	58978093	58991462	+	94091	Trim11
chr11	58994256	59136375	-	380698	Obscn
chr11	59155369	59163745	-	216792	Iba57
chr11	59175564	59183213	-	118454	Gjc2
chr11	59183855	59191952	-	14923	Guk1
chr11	59197793	59202431	-	72203	2610507I01Rik
chr11	59202486	59206135	+	67212	Mrpl55
chr11	59208361	59210736	+	67862	2310033P09Rik
chr11	59211412	59228267	-	11840	Arf1
chr11	59248036	59290751	-	22416	Wnt3a
chr11	59306930	59333552	+	216795	Wnt9a
chr11	59372669	59375653	-	216797	Prss38
chr11	59407150	59449956	-	67826	Snap47
chr11	59450045	59458567	+	194952	Jmjd4
chr11	59461197	59472474	-	237775	Zfp867
chr11	59485520	59506640	-	268417	Zkscan17
chr11	59505653	59511385	+	74476	4933439C10Rik
chr11	59541585	59566956	+	216799	Nlrp3
chr11	59570782	59571738	-	257962	Olfr222
chr11	59589128	59590087	-	258421	Olfr223
chr11	59612966	59614225	+	257886	Olfr225
chr11	59662495	59780860	+	26936	Mprip
chr11	59725917	59740154	-	69320	1700007J10Rik
chr11	59783893	59787657	-	194908	Pld6
chr11	59791408	59810039	-	216805	Flcn
chr11	59810080	59818362	+	100504104	Gm16062
chr11	59817804	59839767	-	26572	Cops3
chr11	59839458	59880968	+	103850	Nt5m
chr11	59921499	59921889	+	69854	1810063I02Rik
chr11	59946892	59948147	-	100504121	Med9os
chr11	59948214	59963306	+	192191	Med9
chr11	59963181	59964944	-	19416	Rasd1
chr11	59970614	60046489	-	18618	Pemt
chr11	60105013	60199195	+	19377	Rai1
chr11	60199084	60220627	-	20787	Srebf1
chr11	60200538	60200617	-	102465555	Mir6921
chr11	60202262	60202327	-	102465556	Mir6922
chr11	60226714	60352905	-	216810	Tom1l2
chr11	60353380	60394333	+	74665	Drc3
chr11	60400624	60417099	-	246782	Atpaf2
chr11	60417145	60445277	+	66771	Gid4
chr11	60454617	60468705	+	13495	Drg2
chr11	60469339	60528369	+	17910	Myo15
chr11	60537683	60558512	+	268420	Alkbh5
chr11	60699690	60714188	+	16897	Llgl1
chr11	60714143	60727263	-	14248	Flii
chr11	60728398	60732951	+	237781	Mief2
chr11	60728663	60728726	+	100628625	Mir5100
chr11	60740059	60777365	-	21975	Top3a
chr11	60777525	60788287	+	237782	Smcr8
chr11	60788897	60811265	-	20425	Shmt1
chr11	60830631	60858423	+	216820	Dhrs7b
chr11	60864452	60879038	-	216821	Tmem11
chr11	60902246	60913792	-	24083	Natd1
chr11	60920941	60931867	-	24082	Map2k3os
chr11	60932057	60952803	+	26397	Map2k3
chr11	61022564	61073267	+	16515	Kcnj12
chr11	61126755	61147642	+	57916	Tnfrsf13b
chr11	61151781	61175059	-	216825	Usp22
chr11	61208742	61218418	+	11670	Aldh3a1
chr11	61244752	61267186	-	11671	Aldh3a2
chr11	61301631	61342860	-	380701	Slc47a2
chr11	61343400	61378075	-	67473	Slc47a1
chr11	61448417	61453992	-	22671	Rnf112
chr11	61485444	61488704	+	76293	Mfap4
chr11	61488812	61494266	-	23939	Mapk7
chr11	61505172	61512927	+	27078	B9d1
chr11	61517249	61579687	-	13855	Epn2
chr11	61653321	61672777	+	71520	Grap
chr11	61672782	61720799	-	109342	Slc5a10
chr11	61684410	61709950	+	69640	Fam83g
chr11	61729650	61762088	-	212627	Prpsap2
chr11	61775598	61855092	-	29869	Ulk2
chr11	61871307	61930257	-	56697	Akap10
chr11	61956763	62223013	+	432572	Specc1
chr11	62248984	62266452	+	11541	Adora2b
chr11	62267224	62281395	-	69747	Zswim7
chr11	62281473	62316441	+	72795	Ttc19
chr11	62316426	62457806	-	20185	Ncor1
chr11	62458460	62513900	+	327942	Pigl
chr11	62524944	62539261	-	73139	Cenpv
chr11	62551171	62553213	+	22187	Ubb
chr11	62574486	62600305	+	22368	Trpv2
chr11	62602877	62604806	+	69221	2410006H16Rik
chr11	62603086	62603148	+	100217426	Snord49b
chr11	62603460	62603521	+	100217455	Snord49a
chr11	62604530	62604586	+	100217444	Snord65
chr11	62604884	62648523	-	192976	Lrrc75a
chr11	62648664	62666359	+	216829	Mmgt2
chr11	62700356	62731905	-	170740	Zfp287
chr11	62778387	62789417	-	192651	Zfp286
chr11	62820253	62851316	+	94092	Trim16
chr11	62847123	62877462	+	213980	Fbxw10
chr11	62879490	62895184	+	67510	Tvp23b
chr11	62951193	62993095	+	66338	Cdrt4
chr11	62990453	63004134	-	74884	Cdrt4os1
chr11	63061659	63094960	+	71062	Tekt3
chr11	63128982	63159547	+	18858	Pmp22
chr11	63884693	63922284	-	54710	Hs3st3b1
chr11	63962627	64079472	-	70383	Cox10
chr11	63964226	63968040	+	78883	9630013K17Rik
chr11	64079484	64083259	+	66456	2810001G20Rik
chr11	64433135	64436674	-	654805	F930015N05Rik
chr11	64435332	64522835	+	15478	Hs3st3a1
chr11	64979035	65002076	+	68626	Elac2
chr11	65002039	65162961	-	216831	Arhgap44
chr11	65176561	65269989	-	214384	Myocd
chr11	65277654	65287833	-	327946	Gm12295
chr11	65688244	65788359	-	26398	Map2k4
chr11	65734733	65734832	-	791070	Mir744
chr11	65807175	65829239	+	52712	Zkscan6
chr11	65831324	66168551	-	237806	Dnah9
chr11	66168013	66301237	+	100093714	Gm12296
chr11	66211725	66526126	-	380702	Shisa6
chr11	66905632	66947086	-	100038666	Gm12298
chr11	66911991	66928700	+	193003	Pirt
chr11	66956638	66965014	+	71576	Tmem238l
chr11	67025154	67035312	+	338369	Tmem220
chr11	67037880	67052618	-	66358	Adprm
chr11	67052670	67067440	+	52892	Sco1
chr11	67078300	67102291	+	17883	Myh3
chr11	67099804	67099875	+	102466766	Mir6923
chr11	67112461	67120080	-	74184	2310065F04Rik
chr11	67171027	67197517	+	17882	Myh2
chr11	67200114	67224575	+	17879	Myh1
chr11	67237812	67260447	+	17884	Myh4
chr11	67277124	67308634	+	17885	Myh8
chr11	67327103	67371502	+	544791	Myh13
chr11	67532998	67688992	+	14457	Gas7
chr11	67661502	67771153	-	93896	Glp2r
chr11	67695326	67703355	+	19674	Rcvrn
chr11	67774608	67789613	+	544792	Gsg1l2
chr11	67798271	67816002	+	68460	Dhrs7c
chr11	67854523	67922153	-	216835	Usp43
chr11	67924806	67965642	-	71860	Cfap52
chr11	67966483	68207148	+	55943	Stx8
chr11	68209364	68386826	-	18208	Ntn1
chr11	68220892	68221011	+	102465219	Mir6406
chr11	68432125	68497846	+	320207	Pik3r5
chr11	68503019	68552695	+	104709	Pik3r6
chr11	68556186	68558245	+	215723	Mfsd6l
chr11	68587037	68597951	+	276920	Ccdc42
chr11	68691915	68816624	+	77579	Myh10
chr11	68821434	68871855	-	83431	Ndel1
chr11	68888553	68895015	+	320040	Rnf222
chr11	68901566	68904534	+	19941	Rpl26
chr11	68901635	68904534	+	100034726	Gm15772
chr11	68921835	68927081	-	252868	Odf4
chr11	68943154	68956858	-	442801	Arhgef15
chr11	68968131	68972515	+	71998	Slc25a35
chr11	68972484	68975185	-	57785	Rangrf
chr11	68985701	69008460	-	237823	Pfas
chr11	69015911	69036473	+	68964	Ctc1
chr11	69045637	69051664	+	20877	Aurkb
chr11	69059775	69061576	+	71923	Borcs6
chr11	69070809	69073293	+	66910	Tmem107
chr11	69073426	69073562	+	100216530	Snord118
chr11	69088528	69092381	+	22318	Vamp2
chr11	69095254	69109960	+	18626	Per1
chr11	69120453	69123259	+	84653	Hes7
chr11	69126377	69149115	+	23801	Aloxe3
chr11	69157072	69169791	+	11686	Alox12b
chr11	69183885	69197843	-	11688	Alox8
chr11	69218117	69237022	-	14919	Gucy2e
chr11	69299496	69323873	-	216846	Cntrob
chr11	69323986	69325793	+	245828	Trappc1
chr11	69326258	69333041	+	16499	Kcnab3
chr11	69340769	69342647	+	80515	Rnf227
chr11	69343273	69369426	-	216848	Chd3
chr11	69393616	69395346	-	327951	Cyb5d1
chr11	69395791	69396671	+	78304	Naa38
chr11	69396516	69398234	-	67020	Tmem88
chr11	69398508	69413673	-	216850	Kdm6b
chr11	69420809	69549108	-	327954	Dnah2
chr11	69554092	69560237	-	13643	Efnb3
chr11	69561754	69579324	-	216853	Wrap53
chr11	69580359	69591873	+	22059	Trp53
chr11	69599750	69605960	-	11932	Atp1b2
chr11	69614816	69617905	-	20415	Shbg
chr11	69622052	69623869	+	69215	Sat2
chr11	69632971	69653297	+	23879	Fxr2
chr11	69635400	69635519	-	100316749	Mir467f
chr11	69655037	69656727	+	20670	Sox15
chr11	69656697	69662649	-	24070	Mpdu1
chr11	69663043	69663125	+	100316840	Mir1934
chr11	69664213	69666170	-	12514	Cd68
chr11	69666936	69672423	-	13681	Eif4a1
chr11	69673110	69682084	-	80886	Senp3
chr11	69682577	69685554	-	69583	Tnfsf13
chr11	69682577	69696098	-	619441	Tnfsfm13
chr11	69686240	69696098	-	21944	Tnfsf12
chr11	69733997	69758633	-	20020	Polr2a
chr11	69759884	69761844	-	56293	Slc35g3
chr11	69765912	69784026	+	75580	Zbtb4
chr11	69784036	69795937	-	11443	Chrnb1
chr11	69796068	69801716	-	14166	Fgf11
chr11	69803595	69805624	-	380705	Tmem102
chr11	69803669	69806038	+	74341	G630025P09Rik
chr11	69816566	69818440	-	108803	Spem2
chr11	69820871	69822165	-	74288	Spem1
chr11	69823123	69837784	-	216856	Nlgn2
chr11	69838525	69839558	+	69186	Tmem256
chr11	69846372	69852058	+	70310	Plscr3
chr11	69850563	69858730	-	83813	Tnk1
chr11	69876684	69878018	-	100503361	Tmem95
chr11	69878264	69880985	-	216858	Kctd11
chr11	69881567	69895539	-	216859	Acap1
chr11	69882032	69882094	-	102466208	Mir6924
chr11	69897358	69900986	-	70419	2810408A11Rik
chr11	69901816	69913824	+	216860	Neurl4
chr11	69914050	69916591	+	56310	Gps2
chr11	69916712	69921958	-	276770	Eif5a
chr11	69935899	69941599	+	53422	Ybx2
chr11	69942286	69948190	-	20528	Slc2a4
chr11	69964779	69967886	+	53624	Cldn7
chr11	69968224	69981235	-	54351	Elp5
chr11	69981168	69990601	+	67181	Ctdnep1
chr11	69991370	69994949	+	56486	Gabarap
chr11	69995766	70000011	+	78246	Phf23
chr11	70000626	70012301	+	13543	Dvl2
chr11	70010183	70015428	-	11370	Acadvl
chr11	70012043	70012131	+	723896	Mir324
chr11	70018605	70045532	+	13385	Dlg4
chr11	70054124	70057895	+	11889	Asgr1
chr11	70092644	70106187	+	11890	Asgr2
chr11	70130357	70137548	+	216864	Mgl2
chr11	70166623	70170836	+	17312	Clec10a
chr11	70213910	70216414	+	216867	Slc16a11
chr11	70216792	70220994	-	69309	Slc16a13
chr11	70224127	70229798	-	12029	Bcl6b
chr11	70234692	70234816	-	102465891	Mir497b
chr11	70234717	70234800	+	751537	Mir497
chr11	70235042	70235135	+	387190	Mir195a
chr11	70235204	70239830	-	104457	0610010K14Rik
chr11	70237784	70239852	-	52898	Rnasek
chr11	70241455	70255341	-	11684	Alox12
chr11	70315613	70322518	-	11685	Alox12e
chr11	70344147	70352031	-	11687	Alox15
chr11	70392881	70410031	-	75273	Pelp1
chr11	70432580	70440828	+	216869	Arrb2
chr11	70438255	70438318	+	102465670	Mir7115
chr11	70451931	70453727	+	66172	Med11
chr11	70454234	70459984	-	66102	Cxcl16
chr11	70459622	70466199	+	574428	Zmynd15
chr11	70505274	70511183	+	75604	Tm4sf5
chr11	70513516	70514616	-	327956	Vmo1
chr11	70519209	70520736	+	216871	Gltpd2
chr11	70525357	70527858	+	19175	Psmb6
chr11	70540272	70558110	+	18806	Pld2
chr11	70562881	70614482	+	50932	Mink1
chr11	70614883	70619194	-	11448	Chrne
chr11	70615894	70616890	+	668433	4930544D05Rik
chr11	70639122	70642058	+	14723	Gp1ba
chr11	70644019	70647039	-	67863	Slc25a11
chr11	70647287	70651421	+	70510	Rnf167
chr11	70651847	70654650	-	18643	Pfn1
chr11	70657176	70662513	+	13808	Eno3
chr11	70663769	70669416	-	216873	Spag7
chr11	70669463	70688105	-	216874	Camta2
chr11	70688361	70700155	-	103844	Inca1
chr11	70700548	70731970	+	16562	Kif1c
chr11	70705990	70706059	+	102465557	Mir6925
chr11	70764447	70772928	+	193043	Zfp3
chr11	70790932	70812561	-	327957	Scimp
chr11	70844761	70943105	+	54189	Rabep1
chr11	70943058	70969973	-	19069	Nup88
chr11	70970200	70977933	+	69723	Rpain
chr11	70977846	70983026	-	12261	C1qbp
chr11	70984091	71004432	-	216877	Dhx33
chr11	71007164	71019841	-	116891	Derl2
chr11	71019611	71027134	+	67139	Mis12
chr11	71031941	71033617	-	103712	6330403K07Rik
chr11	71091197	71144704	-	195046	Nlrp1a
chr11	71153102	71230733	-	637515	Nlrp1b
chr11	71242430	71285232	-	627984	Nlrp1c-ps
chr11	71750703	71789647	+	216881	Wscd1
chr11	71928471	71940122	-	73816	4930401O10Rik
chr11	72028717	72037509	-	114230	Aipl1
chr11	72042502	72047370	+	109212	Pimreg
chr11	72047528	72135889	-	327958	Pitpnm3
chr11	72154097	72207431	-	74477	4933427D14Rik
chr11	72207554	72210487	+	52700	Txndc17
chr11	72211724	72215592	-	67279	Med31
chr11	72215138	72218450	+	75304	4930563E22Rik
chr11	72241994	72267222	-	237831	Slc13a5
chr11	72266844	72268556	+	73366	1700051A21Rik
chr11	72301629	72313733	+	327959	Xaf1
chr11	72314444	72319419	+	628100	Fbxo39
chr11	72344717	72362442	-	21689	Tekt1
chr11	72388756	72388864	+	102465172	Mir6338
chr11	72390114	72411713	-	276829	Smtnl2
chr11	72435526	72438407	+	71522	Ggt6
chr11	72441378	72451550	+	18432	Mybbp1a
chr11	72451638	72489920	-	216892	Spns2
chr11	72498156	72550246	-	77577	Spns3
chr11	72607261	72686481	+	67128	Ube2g1
chr11	72690002	72772146	+	11736	Ankfy1
chr11	72777232	72796040	-	192986	Cyb5d2
chr11	72796226	72927120	+	195018	Zzef1
chr11	72961169	72993043	+	53313	Atp2a3
chr11	72999145	73015197	+	18436	P2rx1
chr11	73015865	73018841	-	100043309	4732414G09Rik
chr11	73019008	73042073	+	55984	Camkk1
chr11	73047867	73083579	+	66874	Ncbp3
chr11	73090595	73147449	+	16407	Itgae
chr11	73135484	73138294	-	14841	Haspin
chr11	73160530	73172687	+	94045	P2rx5
chr11	73175503	73177042	-	66048	Emc6
chr11	73177083	73183162	+	76281	Tax1bp3
chr11	73183133	73199019	-	83429	Ctns
chr11	73199482	73224506	+	74637	Shpk
chr11	73234149	73261322	+	193034	Trpv1
chr11	73267620	73297200	+	246788	Trpv3
chr11	73304988	73324637	-	11484	Aspa
chr11	73329741	73354699	+	380709	Spata22
chr11	73350859	73354699	+	258925	Olfr20
chr11	73371246	73375704	+	258924	Olfr376
chr11	73395076	73399495	-	258923	Olfr1
chr11	73405450	73409858	-	258186	Olfr75-ps1
chr11	73425037	73428477	-	259026	Olfr378
chr11	73453275	73454210	-	259027	Olfr380
chr11	73485887	73486822	-	259024	Olfr381
chr11	73516259	73517197	-	258435	Olfr382
chr11	73588798	73589736	-	259025	Olfr385
chr11	73602582	73603520	+	193053	Olfr384
chr11	73688778	73713808	+	76390	Zfp735
chr11	73776387	73780589	-	259011	Olfr389
chr11	73786940	73787875	+	258344	Olfr390
chr11	73798753	73802984	-	258236	Olfr391-ps
chr11	73814142	73816877	-	259008	Olfr392
chr11	73847185	73848123	-	259010	Olfr393
chr11	73887438	73888370	-	259009	Olfr394
chr11	73906552	73907490	-	259007	Olfr395
chr11	73940248	73941225	+	18321	Olfr23
chr11	73964610	73965557	+	258343	Olfr397
chr11	73983662	73984606	-	258705	Olfr398
chr11	74044325	74045272	-	259005	Olfr139
chr11	74053776	74054778	-	259006	Olfr399
chr11	74060897	74087301	+	327963	Zfp616
chr11	74121291	74122238	+	258701	Olfr401
chr11	74155156	74156103	+	258703	Olfr402
chr11	74195505	74196446	+	404316	Olfr403
chr11	74206198	74207289	-	258706	Olfr43
chr11	74269391	74270362	+	258181	Olfr406
chr11	74283809	74289646	+	18359	Olfr59
chr11	74334282	74335229	-	258702	Olfr410
chr11	74346624	74347672	-	258704	Olfr411
chr11	74364671	74365609	+	258153	Olfr412
chr11	74383483	74610915	-	380711	Rap1gap2
chr11	74619605	74641516	+	432582	Ccdc92b
chr11	74649495	74670847	+	74148	Cluh
chr11	74673949	74724384	-	18472	Pafah1b1
chr11	74770863	74818692	+	67493	Mettl16
chr11	74830924	74845725	+	17428	Mnt
chr11	74849264	74897080	-	97761	Sgsm2
chr11	74868127	74868194	-	102465558	Mir6926
chr11	74898080	74909340	+	104662	Tsr1
chr11	74904028	74925798	-	27364	Srr
chr11	74905446	74905505	+	100217469	Snord91a
chr11	74925872	75164448	+	103677	Smg6
chr11	75164565	75170255	-	15248	Hic1
chr11	75173388	75173478	+	387208	Mir212
chr11	75173682	75173747	+	387150	Mir132
chr11	75175943	75190483	-	246257	Ovca2
chr11	75193993	75267762	+	237847	Rtn4rl1
chr11	75300259	75348383	-	68275	Rpa1
chr11	75348433	75405705	+	319822	Smyd4
chr11	75410029	75422623	-	20317	Serpinf1
chr11	75431736	75439501	-	18816	Serpinf2
chr11	75440943	75454717	-	192652	Wdr81
chr11	75461539	75466690	+	100042498	Mir22hg
chr11	75463716	75463810	+	387141	Mir22
chr11	75468050	75470899	+	380712	Tlcd2
chr11	75486777	75509447	+	192159	Prpf8
chr11	75510094	75513168	+	280408	Rilp
chr11	75513541	75526580	+	380713	Scarf1
chr11	75531694	75577572	+	215113	Slc43a2
chr11	75551429	75551511	+	100628624	Mir3971
chr11	75588079	75628804	+	18738	Pitpna
chr11	75599634	75600231	-	654359	Gm12338
chr11	75631020	75648865	+	19062	Inpp5k
chr11	75651509	75674643	+	17913	Myo1c
chr11	75679259	75708428	+	12928	Crk
chr11	75732887	75765841	+	22627	Ywhae
chr11	75768270	75796060	-	13447	Doc2b
chr11	75795809	75853912	+	102641247	Gm12339
chr11	75830992	75925891	-	380714	Rph3al
chr11	75999912	76003569	+	74230	1700016K19Rik
chr11	76019194	76027782	-	76566	Rflnb
chr11	76046226	76179630	-	68299	Vps53
chr11	76120987	76243699	-	67201	Glod4
chr11	76179671	76214827	+	116972	Fam57a
chr11	76210571	76243699	-	276919	Gemin4
chr11	76217613	76218665	+	13168	Dbil5
chr11	76243736	76250622	+	67390	Mrm3
chr11	76257226	76399141	-	18230	Nxn
chr11	76406925	76416313	+	56322	Timm22
chr11	76416732	76577739	-	109934	Abr
chr11	76672470	76673676	+	320522	Bhlha9
chr11	76679873	76698664	+	237858	Trarg1
chr11	76726602	76763555	-	53334	Gosr1
chr11	76777208	76847008	-	12874	Cpd
chr11	76902159	76916586	+	66601	Tmigd1
chr11	76945656	76987389	+	104184	Blmh
chr11	76998597	77032343	+	15567	Slc6a4
chr11	77044292	77078437	-	237859	Nsrp1
chr11	77078064	77078172	-	751519	Mir423
chr11	77089915	77188968	-	319634	Efcab5
chr11	77216425	77460220	+	237860	Ssh2
chr11	77462384	77469601	+	216961	Coro6
chr11	77470487	77489678	-	268445	Ankrd13b
chr11	77493412	77507774	+	216963	Git1
chr11	77508099	77513273	-	216964	Trp53i13
chr11	77515117	77520628	+	67477	Abhd15
chr11	77529162	77607815	-	216965	Taok1
chr11	77686139	77717966	+	68564	Nufip2
chr11	77718614	77725293	-	12957	Cryba1
chr11	77777235	77865988	+	360013	Myo18a
chr11	77880615	77893872	-	19193	Pipox
chr11	77912127	77929288	-	791423	Gm11190
chr11	77930839	77979052	+	20370	Sez6
chr11	77982816	78030536	+	268448	Phf12
chr11	78032313	78037864	+	70451	Dhrs13
chr11	78037941	78060432	+	14252	Flot2
chr11	78073005	78073241	+	723870	Mir451a
chr11	78073170	78073241	-	102466649	Mir451b
chr11	78073376	78080383	-	57837	Eral1
chr11	78094673	78157339	+	216971	Fam222b
chr11	78158423	78165550	-	22032	Traf4
chr11	78166106	78176666	-	140859	Nek8
chr11	78176956	78180820	+	68385	Tlcd1
chr11	78178827	78178887	+	102465761	Mir7653
chr11	78180935	78183584	-	268449	Rpl23a
chr11	78181302	78181346	-	100529076	Snord42a
chr11	78181687	78181756	-	100216539	Snord4a
chr11	78183059	78183113	-	100529077	Snord42b
chr11	78188427	78192193	+	19376	Rab34
chr11	78193392	78205763	+	216974	Proca1
chr11	78206749	78245703	-	20926	Supt6
chr11	78245746	78255496	+	20316	Sdf2
chr11	78261754	78290625	+	72503	2610507B11Rik
chr11	78290841	78296805	+	216976	BC030499
chr11	78301591	78322454	+	54141	Spag5
chr11	78323073	78327781	+	11676	Aldoc
chr11	78328422	78342776	+	276846	Pigs
chr11	78343495	78349164	+	22248	Unc119
chr11	78357577	78386608	-	15218	Foxn1
chr11	78394485	78405657	+	790911	Slc13a2os
chr11	78397276	78422185	-	20500	Slc13a2
chr11	78465701	78471945	+	52466	Slc46a1
chr11	78472330	78497754	-	237868	Sarm1
chr11	78499120	78502325	+	22370	Vtn
chr11	78503499	78505081	+	18292	Sebox
chr11	78507055	78512168	-	195040	Tmem199
chr11	78512296	78522736	+	67811	Poldip2
chr11	78522850	78536260	-	21927	Tnfaip1
chr11	78536436	78541473	+	55978	Ift20
chr11	78541817	78550735	-	69071	Tmem97
chr11	78567168	78697425	-	18099	Nlk
chr11	78750506	78751729	-	69109	Ccnq
chr11	78826595	78843899	+	66274	Lyrm9
chr11	78920787	78960226	+	18126	Nos2
chr11	78962979	78984924	-	16859	Lgals9
chr11	79014801	79146354	-	16706	Ksr1
chr11	79023597	79035005	+	790910	Gm11201
chr11	79239382	79254695	-	78889	Wsb1
chr11	79339892	79581609	+	18015	Nf1
chr11	79481723	79484031	-	104522	AU040972
chr11	79500982	79504082	-	18377	Omg
chr11	79513385	79523762	-	216984	Evi2b
chr11	79513385	79530609	-	101488212	Evi2
chr11	79526560	79530609	-	14017	Evi2a
chr11	79591212	79694012	+	268451	Rab11fip4
chr11	79607079	79623163	-	790912	Rab11fip4os1
chr11	79670373	79675086	-	72218	Rab11fip4os2
chr11	79711969	79712034	+	387188	Mir193a
chr11	79726400	79726511	+	723853	Mir365-2
chr11	79933956	79962387	-	216987	Utp6
chr11	79993106	80034123	+	52615	Suz12
chr11	80046493	80080991	-	54394	Crlf3
chr11	80089400	80135791	+	237877	Atad5
chr11	80136678	80142153	-	68550	Tefm
chr11	80154162	80178924	+	216991	Adap2
chr11	80183872	80199753	+	71956	Rnf135
chr11	80209055	80267907	+	59040	Rhot1
chr11	80300912	80355986	+	246104	Rhbdl3
chr11	80360492	80378015	-	70591	5730455P16Rik
chr11	80383279	80405874	+	22680	Zfp207
chr11	80428615	80472133	+	69077	Psmd11
chr11	80477046	80481179	+	12569	Cdk5r1
chr11	80482127	80780025	-	338367	Myo1d
chr11	80507410	80509106	-	77417	C030013C21Rik
chr11	80810415	80822033	+	103743	Tmem98
chr11	80850381	80858300	-	75043	4930507D10Rik
chr11	80858389	80867814	+	75622	Spaca3
chr11	80880163	81968396	-	11418	Asic2
chr11	81572502	81573539	-	237880	1700071K01Rik
chr11	81860677	81894582	+	71388	5530401A14Rik
chr11	82035577	82037452	+	20296	Ccl2
chr11	82045712	82047525	+	20306	Ccl7
chr11	82057832	82062955	+	20292	Ccl11
chr11	82101845	82103399	+	20293	Ccl12
chr11	82115185	82116799	+	20307	Ccl8
chr11	82176666	82179812	-	20290	Ccl1
chr11	82388900	82446361	+	270893	Tmem132e
chr11	82633353	82636309	+	791422	Gm11426
chr11	82719248	82764321	-	12467	Cct6b
chr11	82764345	82767622	+	66983	Zfp830
chr11	82779601	82781042	-	100503272	Gm11423
chr11	82781109	82804274	+	16882	Lig3
chr11	82803819	82871210	-	67338	Rffl
chr11	82871960	82890624	-	19364	Rad51d
chr11	82892145	82900737	+	78919	Fndc8
chr11	82900768	82908395	-	217011	Nle1
chr11	82911253	82943406	+	217012	Unc45b
chr11	82942341	82960681	-	76392	Slfn5os
chr11	82952102	82964850	+	327978	Slfn5
chr11	82980303	82991830	-	237886	Slfn9
chr11	82985003	82985065	-	102466846	Mir7679
chr11	83002158	83020810	-	276950	Slfn8
chr11	83028123	83040533	-	237887	Slfn10-ps
chr11	83065112	83070678	+	20556	Slfn2
chr11	83116845	83122659	+	20555	Slfn1
chr11	83175186	83190216	+	20558	Slfn4
chr11	83191330	83215154	+	20557	Slfn3
chr11	83223576	83226584	+	100043636	AI662270
chr11	83275112	83286726	-	237890	Slfn14
chr11	83291699	83294637	+	613254	AA465934
chr11	83293430	83294929	+	103729	AI450353
chr11	83294645	83298977	-	103737	Pex12
chr11	83302697	83405035	+	71770	Ap2b1
chr11	83409317	83421038	+	276952	Rasl10b
chr11	83421635	83429521	-	237891	Gas2l2
chr11	83437694	83441232	+	66330	1700020L24Rik
chr11	83440768	83463040	-	118453	Mmp28
chr11	83473108	83506740	+	70439	Taf15
chr11	83511679	83522099	-	629303	Heatr9
chr11	83525778	83530518	-	20304	Ccl5
chr11	83572917	83578636	-	20308	Ccl9
chr11	83582061	83623693	+	100504464	E230016K23Rik
chr11	83587886	83593087	-	20305	Ccl6
chr11	83647843	83649378	-	20302	Ccl3
chr11	83662584	83664683	+	20303	Ccl4
chr11	83704056	83706269	+	100034251	Wfdc17
chr11	83709004	83711360	+	14038	Wfdc18
chr11	83746940	83752646	+	66107	Wfdc21
chr11	83753637	83786841	+	217026	Heatr6
chr11	83850869	83905917	+	21410	Hnf1b
chr11	83942090	83963088	+	78394	Ddx52
chr11	83964431	84044578	+	217030	Synrg
chr11	84048045	84068577	-	56405	Dusp14
chr11	84078920	84129568	-	217031	Tada2a
chr11	84129672	84401651	+	107476	Acaca
chr11	84148361	84167476	-	628813	Gm11437
chr11	84422856	84513501	-	56321	Aatf
chr11	84519379	84525534	-	16869	Lhx1
chr11	84525660	84535831	+	78365	Lhx1os
chr11	84716976	84720432	-	78471	1700109G15Rik
chr11	84813061	84819515	-	217038	Mrm1
chr11	84820728	84829003	-	192970	Dhrs11
chr11	84829178	84830868	+	74995	4930502E09Rik
chr11	84832361	84870779	-	217039	Ggnbp2
chr11	84870005	84871631	+	102635561	Ggnbp2os
chr11	84876313	84880285	-	70325	Pigw
chr11	84880220	84911131	+	66196	Myo19
chr11	84910955	84916356	-	448850	Znhit3
chr11	84957754	84966054	+	12351	Car4
chr11	84984488	85139955	-	237898	Usp32
chr11	85170404	85181154	+	73634	1700125H20Rik
chr11	85191308	85235120	-	66884	Appbp2
chr11	85235166	85238304	+	654810	Appbp2os
chr11	85311254	85347071	+	53892	Ppm1d
chr11	85353164	85826058	+	192197	Bcas3
chr11	85702200	85719744	-	71489	Bcas3os1
chr11	85760616	85760702	-	100628627	Mir5110
chr11	85766833	85775680	-	78420	Bcas3os2
chr11	85791660	85832388	-	69909	2610027K06Rik
chr11	85832615	85841948	+	21385	Tbx2
chr11	85890063	85916097	+	21387	Tbx4
chr11	86002658	86024350	-	629393	Gm20759
chr11	86058136	86201193	-	237911	Brip1
chr11	86201360	86304443	+	74038	Brip1os
chr11	86210683	86257568	-	70422	Ints2
chr11	86265715	86357525	-	327987	Med13
chr11	86484657	86499007	+	76892	Rnft1
chr11	86499009	86544807	-	72508	Rps6kb1
chr11	86544991	86567360	+	56427	Tubd1
chr11	86583865	86683822	-	75909	Vmp1
chr11	86584067	86584158	-	387140	Mir21a
chr11	86683983	86692457	+	217057	Ptrh2
chr11	86694653	86757492	-	67300	Cltc
chr11	86768849	86807660	-	67487	Dhx40
chr11	86936425	86993762	-	77864	Ypel2
chr11	87033794	87074137	-	66569	Gdpd1
chr11	87077732	87086777	-	74133	Smg8
chr11	87089156	87108714	-	270906	Prr11
chr11	87109261	87124635	+	66140	Ska2
chr11	87113004	87113089	+	723834	Mir301
chr11	87127075	87220686	+	68729	Trim37
chr11	87226906	87358994	-	320472	Ppm1e
chr11	87377607	87404954	-	114714	Rad51c
chr11	87405065	87555823	+	83560	Tex14
chr11	87578389	87590539	+	18952	Sept4
chr11	87592217	87616296	+	170749	Mtmr4
chr11	87617164	87659542	+	327992	Hsf5
chr11	87662722	87735539	+	207742	Rnf43
chr11	87699524	87705327	+	68690	1110028F11Rik
chr11	87737565	87743617	+	20922	Supt4a
chr11	87756841	87756955	-	102466883	Mir142b
chr11	87756864	87756927	+	387160	Mir142
chr11	87760541	87785928	+	207777	Tspoap1
chr11	87793784	87804412	+	17523	Mpo
chr11	87806428	87826114	-	76113	Lpo
chr11	87853225	87863679	+	380718	Mks1
chr11	87863998	87875536	-	13861	Epx
chr11	87888959	87889894	-	258406	Olfr462
chr11	87892987	87893922	-	258408	Olfr463
chr11	87913920	87915003	-	258407	Olfr464
chr11	87979525	87998298	-	68097	Dynll2
chr11	88047373	88053757	+	110809	Srsf1
chr11	88068279	88084729	+	22344	Vezf1
chr11	88098058	88100107	+	70393	2210416O15Rik
chr11	88099146	88194140	+	103841	Cuedc1
chr11	88194106	88211507	+	64656	Mrps23
chr11	88294043	88295261	+	74297	Ccdc182
chr11	88339382	88718267	-	76626	Msi2
chr11	88352773	88352864	+	100628571	Mir378b
chr11	88619251	88623426	+	68397	0610039H22Rik
chr11	88718643	88728572	+	193280	C030037D09Rik
chr11	88830792	88864586	-	11640	Akap1
chr11	88851604	88881395	+	75285	4930556N13Rik
chr11	88905928	88936061	+	73921	Scpep1os
chr11	88924020	88955442	-	74617	Scpep1
chr11	88964665	88966917	-	217066	Elobl
chr11	88972638	88973014	+	72381	2210409E12Rik
chr11	88973864	88991613	+	12812	Coil
chr11	88999403	89020293	+	217069	Trim25
chr11	89037582	89061031	-	56077	Dgke
chr11	89060751	89067884	+	414094	Dgkeos
chr11	89073841	89093064	+	217071	Gm525
chr11	89300638	89302559	-	18121	Nog
chr11	89390223	89696936	-	382543	Ankfn1
chr11	89982544	90002894	-	18559	Pctp
chr11	90030348	90036505	+	67888	Tmem100
chr11	90187683	90278573	+	67468	Mmd
chr11	90336535	90390917	-	217082	Hlf
chr11	90476492	90638108	-	20913	Stxbp4
chr11	90638184	90645977	+	69802	Cox11
chr11	90645691	90687601	-	71943	Tom1l1
chr11	90804691	90895152	+	73922	4930405D11Rik
chr11	91575286	91577555	-	73470	Kif2b
chr11	93098410	93601751	+	72605	Car10
chr11	93859243	93885766	-	217109	Utp18
chr11	93886106	93946984	+	103537	Mbtd1
chr11	93949814	93956256	-	18103	Nme2
chr11	93958925	93968521	-	18102	Nme1
chr11	93996091	94126083	+	70834	Spag9
chr11	94211454	94215495	+	22057	Tob1
chr11	94235952	94242579	-	278507	Wfikkn2
chr11	94291139	94321911	-	67684	Luc7l3
chr11	94328001	94341847	+	71452	Ankrd40
chr11	94343295	94392976	-	76408	Abcc3
chr11	94408391	94474198	-	12291	Cacna1g
chr11	94478904	94485310	-	217116	Spata20
chr11	94489599	94499974	-	71889	Epn3
chr11	94501347	94521502	-	104601	Mycbpap
chr11	94539798	94549207	-	237926	Rsad1
chr11	94557102	94601786	-	264895	Acsf2
chr11	94565074	94569127	+	12643	Chad
chr11	94629824	94645216	+	98238	Lrrc59
chr11	94645002	94653754	-	268465	Eme1
chr11	94653791	94660087	+	94064	Mrpl27
chr11	94663847	94677493	-	217119	Xylt2
chr11	94694498	94704499	-	432589	Gm11541
chr11	94755136	94761182	-	217122	Gm11545
chr11	94777217	94782703	-	544806	Tmem92
chr11	94844831	94849593	-	432591	Gm11544
chr11	94936224	94953042	+	12842	Col1a1
chr11	94962777	94976327	-	20391	Sgca
chr11	94967593	94968456	+	54388	Hils1
chr11	94991212	95006898	+	217124	Ppp1r9b
chr11	95009879	95026087	+	217125	Samd14
chr11	95026258	95041371	-	18604	Pdk2
chr11	95044475	95076811	-	16400	Itga3
chr11	95120117	95125293	+	13393	Dlx3
chr11	95140447	95145801	-	13394	Dlx4
chr11	95145053	95159047	+	320453	Dlx4os
chr11	95261529	95269262	+	93670	Tac4
chr11	95271853	95310246	-	217127	Kat7
chr11	95310429	95324496	+	102640811	Gm11520
chr11	95337018	95381872	+	215512	Fam117a
chr11	95384922	95391652	+	110172	Slc35b1
chr11	95414083	95493410	+	20747	Spop
chr11	95509846	95514565	-	104079	Nxph3
chr11	95568818	95587698	-	18053	Ngfr
chr11	95666957	95680773	+	18673	Phb
chr11	95700106	95712754	-	432396	Zfp652os
chr11	95713008	95835115	+	237928	Phospho1
chr11	95723586	95726773	+	320616	B130006D01Rik
chr11	95749000	95764715	+	268469	Zfp652
chr11	95830072	95842476	-	66610	Abi3
chr11	95842295	95845731	+	14710	Gngt2
chr11	95858817	95861046	+	73906	4833417C18Rik
chr11	95863559	95914871	-	14422	B4galnt2
chr11	95957163	96005944	-	140486	Igf2bp1
chr11	95963292	95963383	-	100526468	Mir3063
chr11	96024545	96030828	+	14607	Gip
chr11	96034917	96047405	+	27681	Snf8
chr11	96047431	96065364	-	268470	Ube2z
chr11	96072793	96075694	-	11951	Atp5g1
chr11	96098916	96111962	-	76815	Calcoco2
chr11	96133786	96165452	+	237930	Ttll6
chr11	96194361	96196599	+	15408	Hoxb13
chr11	96203454	96205480	+	432593	Gm11538
chr11	96251660	96264484	+	193022	Gm53
chr11	96265164	96265265	+	387191	Mir196a-1
chr11	96271330	96276595	+	15417	Hoxb9
chr11	96281905	96285325	+	15416	Hoxb8
chr11	96286646	96290163	+	15415	Hoxb7
chr11	96291037	96306910	-	75395	Hoxb5os
chr11	96299171	96301569	+	15414	Hoxb6
chr11	96303512	96306121	+	15413	Hoxb5
chr11	96317165	96317274	+	723893	Mir10a
chr11	96318267	96321638	+	15412	Hoxb4
chr11	96323126	96347930	+	15410	Hoxb3
chr11	96351632	96354016	+	103889	Hoxb2
chr11	96365758	96368253	+	15407	Hoxb1
chr11	96446899	96464547	-	100038600	Gm11529
chr11	96464591	96759622	+	78473	Skap1
chr11	96767549	96777555	-	74479	Snx11
chr11	96789136	96808640	+	12412	Cbx1
chr11	96795332	96798156	-	629750	Gm11517
chr11	96817414	96829968	-	18023	Nfe2l1
chr11	96849876	96861203	+	56358	Copz2
chr11	96850393	96850465	+	387170	Mir152
chr11	96907425	96916514	-	80280	Cdk5rap3
chr11	96929324	96935648	+	217138	Prr15l
chr11	96937816	96944019	-	103711	Pnpo
chr11	96944146	96965060	+	319371	D030028A08Rik
chr11	96953337	96977688	-	78912	Sp2
chr11	97013569	97024738	+	83395	Sp6
chr11	97020508	97026418	-	100127433	Gm11532
chr11	97029952	97033960	+	217140	Scrn2
chr11	97034602	97041369	-	69297	Lrrc46
chr11	97041586	97049213	+	107732	Mrpl10
chr11	97050628	97068904	+	71240	Osbpl7
chr11	97063768	97063874	+	102465893	Mir8103
chr11	97098007	97115331	-	57765	Tbx21
chr11	97136171	97149712	-	73174	Tbkbp1
chr11	97146364	97146419	-	102466822	Mir7235
chr11	97159710	97187892	-	16211	Kpnb1
chr11	97205854	97280576	-	19155	Npepps
chr11	97315716	97329920	+	67036	Mrpl45
chr11	97332109	97352073	-	217143	Gpr179
chr11	97362551	97398542	+	192157	Socs7
chr11	97450160	97502400	+	58996	Arhgap23
chr11	97490783	97500340	-	100141474	4933428G20Rik
chr11	97509340	97575126	-	56013	Srcin1
chr11	97598511	97622893	+	69729	2410003L11Rik
chr11	97627387	97629716	-	103551	Epop
chr11	97663412	97685458	+	246198	Mllt6
chr11	97677060	97677130	+	102465559	Mir6927
chr11	97685596	97688625	+	217149	Cisd3
chr11	97688823	97700497	-	22658	Pcgf2
chr11	97703434	97713500	+	26446	Psmb3
chr11	97715157	97744704	-	108083	Pip4k2b
chr11	97744897	97745035	+	102466256	Mir8102
chr11	97745470	97766613	-	67480	Cwc25
chr11	97771481	97775918	-	72215	1700001P01Rik
chr11	97777526	97782439	-	65019	Rpl23
chr11	97781639	97781766	-	100302498	Snora21
chr11	97799672	97838764	+	16796	Lasp1
chr11	97840780	97843043	+	68127	B230217C12Rik
chr11	97854307	97884154	-	72973	Fbxo47
chr11	97923237	97986446	-	72324	Plxdc1
chr11	97989578	97996173	-	217151	Arl5c
chr11	98001508	98022627	-	12295	Cacnb1
chr11	98026710	98030493	+	19921	Rpl19
chr11	98036624	98053462	-	217154	Stac2
chr11	98082554	98150163	-	72194	Fbxl20
chr11	98152154	98193293	-	19014	Med1
chr11	98203305	98278531	+	69131	Cdk12
chr11	98262606	98262662	+	100628613	Mir5119
chr11	98325417	98329645	-	18013	Neurod2
chr11	98348406	98357796	+	19049	Ppp1r1b
chr11	98350718	98358283	-	69338	1700003D09Rik
chr11	98358368	98381112	+	59045	Stard3
chr11	98383811	98384953	+	21393	Tcap
chr11	98386632	98388097	+	18948	Pnmt
chr11	98388672	98400490	-	320655	Pgap3
chr11	98412484	98437716	+	13866	Erbb2
chr11	98437708	98438988	-	103742	Mien1
chr11	98446834	98455373	+	14786	Grb7
chr11	98464693	98546031	-	22780	Ikzf3
chr11	98551097	98558665	+	69376	Zpbp2
chr11	98581294	98587245	-	66612	Ormdl3
chr11	98598291	98599586	+	192852	Lrrc3c
chr11	98626360	98638089	+	450219	Gsdma3
chr11	98646759	98657957	+	76758	Gsdma2
chr11	98664351	98677708	+	57911	Gsdma
chr11	98682554	98695978	+	22123	Psmd3
chr11	98701313	98703629	+	12985	Csf3
chr11	98704591	98729435	-	23989	Med24
chr11	98741785	98769006	+	21833	Thra
chr11	98767932	98775377	-	217166	Nr1d1
chr11	98795769	98807859	+	74026	Msl1
chr11	98798309	98810089	-	100037262	Gm12359
chr11	98809808	98833807	+	192160	Casc3
chr11	98836785	98853005	+	268480	Rapgefl1
chr11	98863598	98905578	+	68524	Wipf2
chr11	98907889	98923942	+	23834	Cdc6
chr11	98937696	98974942	+	19401	Rara
chr11	98982180	98983016	-	353155	Gjd3
chr11	98992947	99024189	-	21973	Top2a
chr11	99041260	99052646	+	16010	Igfbp4
chr11	99065678	99089306	-	217169	Tns4
chr11	99144199	99155077	-	12775	Ccr7
chr11	99209047	99231017	-	57376	Smarce1
chr11	99233098	99244085	-	268481	Krt222
chr11	99280093	99285238	-	75706	Krt24
chr11	99315844	99322941	-	70810	Krt25
chr11	99328484	99337965	-	320864	Krt26
chr11	99345565	99351118	-	16675	Krt27
chr11	99365007	99374903	-	70843	Krt28
chr11	99385254	99389364	-	16661	Krt10
chr11	99415664	99422259	-	268482	Krt12
chr11	99417243	99423098	+	353123	A830036E02Rik
chr11	99428385	99438153	-	66809	Krt20
chr11	99477973	99493110	-	94179	Krt23
chr11	99514624	99521258	-	237934	Krt39
chr11	99537485	99543158	-	406221	Krt40
chr11	99550132	99550863	-	66380	Krtap3-3
chr11	99555823	99556853	-	66708	Krtap3-2
chr11	99566027	99566630	-	69473	Krtap3-1
chr11	99579977	99581016	-	69664	Krtap1-5
chr11	99582549	99583677	-	629873	Krtap1-4
chr11	99590461	99591377	-	435273	Krtap1-3
chr11	99597348	99598106	-	75586	Krtap9-3
chr11	99602646	99603308	-	100041412	Gm11938
chr11	99609794	99610189	-	100041488	Gm11937
chr11	99614017	99614846	-	71453	Krtap2-4
chr11	99619598	99620404	-	100502803	Gm11562
chr11	99627229	99628239	-	665891	Krtap4-1
chr11	99634114	99635084	-	68673	Krtap4-2
chr11	99643112	99644089	-	76444	Krtap4-7
chr11	99657942	99658959	-	100040248	Gm11563
chr11	99665043	99665960	-	68768	Krtap4-6
chr11	99771714	99772913	-	100040276	Gm11595
chr11	99780014	99780643	-	665992	Krtap4-8
chr11	99785200	99786257	+	665998	Krtap4-9
chr11	99792675	99793292	-	670464	Gm11596
chr11	99803670	99804446	-	670482	Gm11554
chr11	99809078	99809896	-	69464	Krtap4-13
chr11	99814976	99815666	-	670496	Gm11564
chr11	99837148	99838066	-	100502865	2300003K06Rik
chr11	99850655	99851605	-	435285	Krtap4-16
chr11	99857917	99859060	+	432600	Gm11568
chr11	99864476	99865571	+	100415785	Gm11559
chr11	99873389	99874000	+	16705	Krtap9-1
chr11	99879187	99880229	+	670533	Gm11567
chr11	99907920	99908890	+	70831	Krtap31-1
chr11	99914751	99915671	+	670550	Gm11565
chr11	99936291	99937225	+	432602	Krtap31-2
chr11	99948475	99949551	+	435286	Krtap9-5
chr11	99984703	99986593	-	100504183	Krtap16-1
chr11	99993232	99993994	-	77914	Krtap17-1
chr11	100011199	100016212	-	71888	Krt33a
chr11	100023634	100029868	-	16671	Krt33b
chr11	100037347	100041554	-	16672	Krt34
chr11	100046646	100050551	-	16660	Krt31
chr11	100080848	100088226	-	16670	Krt32
chr11	100092192	100096224	-	53617	Krt35
chr11	100102012	100105626	-	16673	Krt36
chr11	100117327	100121566	-	16663	Krt13
chr11	100131759	100135949	-	16665	Krt15
chr11	100140810	100145926	-	16669	Krt19
chr11	100186781	100193246	-	107656	Krt9
chr11	100203162	100207510	-	16664	Krt14
chr11	100246091	100248902	-	16666	Krt16
chr11	100256215	100261029	-	16667	Krt17
chr11	100262882	100269871	-	68239	Krt42
chr11	100319949	100322099	+	20918	Eif1
chr11	100334407	100336997	+	14459	Gast
chr11	100347327	100356141	-	15114	Hap1
chr11	100368856	100397790	-	16480	Jup
chr11	100398116	100403865	+	102635937	Gm12348
chr11	100408748	100414819	-	66180	P3h4
chr11	100415694	100424840	+	14230	Fkbp10
chr11	100422321	100441182	-	68106	Nt5c3b
chr11	100441924	100457024	+	66720	Klhl10
chr11	100462612	100472782	-	217194	Klhl11
chr11	100476352	100528000	-	104112	Acly
chr11	100478411	100478480	-	102465671	Mir7116
chr11	100545632	100572566	+	74407	Ttc25
chr11	100574939	100581739	+	12799	Cnp
chr11	100582836	100620168	-	56354	Dnajc7
chr11	100620284	100627602	+	71966	Nkiras2
chr11	100626219	100650693	-	278304	Zfp385c
chr11	100694884	100704271	-	80861	Dhx58
chr11	100704746	100712467	-	14534	Kat2a
chr11	100713850	100714575	+	75482	Hspb9
chr11	100715003	100738215	-	19345	Rab5c
chr11	100740378	100759778	-	380728	Kcnh4
chr11	100761693	100762931	-	15171	Hcrt
chr11	100766332	100770957	-	80860	Ghdc
chr11	100780731	100850585	-	20851	Stat5b
chr11	100859351	100885169	+	20850	Stat5a
chr11	100886806	100939540	-	20848	Stat3
chr11	100956736	100970617	-	19285	Cavin1
chr11	101009452	101063719	+	11975	Atp6v0a1
chr11	101030340	101030409	+	102466767	Mir6928
chr11	101069877	101077672	+	27419	Naglu
chr11	101078411	101080505	+	15485	Hsd17b1
chr11	101082565	101086619	+	71743	Coasy
chr11	101087290	101092207	+	21428	Mlx
chr11	101092141	101095435	-	19183	Psmc3ip
chr11	101096322	101119843	-	67998	Retreg3
chr11	101120131	101126419	+	103733	Tubg1
chr11	101155884	101161787	+	103768	Tubg2
chr11	101162679	101171302	-	217198	Plekhh3
chr11	101172998	101175443	-	12777	Ccr10
chr11	101176117	101190720	+	53321	Cntnap1
chr11	101191115	101226463	-	14055	Ezh1
chr11	101246334	101248251	+	54409	Ramp2
chr11	101246334	101259547	+	28084	Vps25
chr11	101260567	101277409	+	69847	Wnk4
chr11	101277970	101278948	-	52469	Coa3
chr11	101279012	101288701	+	68107	Cntd1
chr11	101288267	101302267	-	56208	Becn1
chr11	101316251	101323531	+	19192	Psme3
chr11	101325063	101329699	+	237940	Aoc2
chr11	101330606	101341938	+	11754	Aoc3
chr11	101367716	101377903	+	14377	G6pc
chr11	101406839	101417433	-	69684	Aarsd1
chr11	101418814	101425333	-	73635	Ptges3l
chr11	101419187	101419253	-	102465560	Mir6929
chr11	101425085	101435666	+	217201	Rundc1
chr11	101442245	101445596	+	19942	Rpl27
chr11	101448412	101458701	+	70110	Ifi35
chr11	101456910	101466199	-	26949	Vat1
chr11	101465040	101471306	+	11858	Rnd2
chr11	101488764	101551955	-	12189	Brca1
chr11	101552107	101581951	+	17966	Nbr1
chr11	101582242	101591785	+	217203	Tmem106a
chr11	101610700	101615956	+	666331	LOC666331
chr11	101627949	101636081	+	66599	Rdm1
chr11	101665541	101667832	+	80981	Arl4d
chr11	101732956	101767358	+	217207	Dhx8
chr11	101769748	101785310	-	18612	Etv4
chr11	101877510	101894354	-	17285	Meox1
chr11	101952421	101960574	+	73887	4930417O22Rik
chr11	101962458	101967015	-	74499	Sost
chr11	101971143	101984791	-	72349	Dusp3
chr11	101987056	101992264	+	75437	Cfap97d1
chr11	101999652	102026955	-	13384	Mpp3
chr11	102041511	102055617	+	52685	Cd300lg
chr11	102057017	102088515	-	50997	Mpp2
chr11	102099931	102101300	-	19064	Ppy
chr11	102106676	102107776	-	217212	Pyy
chr11	102145513	102149528	+	217214	Nags
chr11	102152547	102156407	-	76547	Tmem101
chr11	102163489	102185256	-	268490	Lsm12
chr11	102189620	102194081	+	68401	G6pc3
chr11	102195747	102230172	-	15184	Hdac5
chr11	102230040	102230150	-	102465892	Mir8101
chr11	102248882	102265183	+	217216	BC030867
chr11	102268823	102278061	+	217217	Asb16
chr11	102284820	102289427	+	72053	Tmub2
chr11	102289300	102296629	-	217218	Atxn7l3
chr11	102304563	102319096	-	21429	Ubtf
chr11	102348820	102365281	-	20533	Slc4a1
chr11	102375551	102377020	-	105463053	Bloodlinc
chr11	102393403	102402939	+	51799	Rundc3a
chr11	102402969	102407823	-	68066	Slc25a39
chr11	102404920	102404987	-	102465561	Mir6930
chr11	102430322	102436809	+	14824	Grn
chr11	102436981	102447663	-	217219	Fam171a2
chr11	102453297	102469883	-	16399	Itga2b
chr11	102475915	102556158	-	237943	Gpatch8
chr11	102576399	102579119	-	100040792	Gm11627
chr11	102604431	102608058	+	57265	Fzd2
chr11	102619507	102624416	-	77132	2810433D01Rik
chr11	102665585	102682238	+	268491	Meioc
chr11	102684688	102697725	-	52715	Ccdc43
chr11	102761435	102780262	+	11488	Adam11
chr11	102799478	102819686	-	14615	Gjc1
chr11	102836296	102838040	+	75689	Higd1b
chr11	102838472	102880975	-	20624	Eftud2
chr11	102881244	102885215	+	73293	Ccdc103
chr11	102885169	102886731	+	66784	Fam187a
chr11	102887336	102897200	-	14580	Gfap
chr11	102905518	102925124	-	70218	Kif18b
chr11	102939264	102946461	-	23829	C1ql1
chr11	102958300	102964154	-	69739	2410004I01Rik
chr11	102994056	103017147	-	68087	Dcakd
chr11	102999848	102999921	-	102466988	Mir6931
chr11	103028562	103066105	+	18107	Nmt1
chr11	103070296	103101658	-	72469	Plcd3
chr11	103101688	103112199	+	67131	Acbd4
chr11	103116325	103119725	+	192231	Hexim1
chr11	103133339	103139908	+	71059	Hexim2
chr11	103171138	103198900	+	57778	Fmnl1
chr11	103198944	103208548	-	69441	1700023F06Rik
chr11	103208127	103218432	-	328019	Spata32
chr11	103219764	103267401	-	53859	Map3k14
chr11	103331484	103363692	-	544817	Arhgap27
chr11	103344753	103350126	+	653030	Arhgap27os3
chr11	103365092	103412664	-	353047	Plekhm1
chr11	103534577	103614739	-	380730	Gm884
chr11	103631073	103638874	-	69444	Lyzl6
chr11	103638936	103649013	+	78629	1700072I22Rik
chr11	103649509	103650580	+	104582	Rprml
chr11	103676849	103697710	-	56494	Gosr2
chr11	103697724	103725573	+	399609	C130046K22Rik
chr11	103727363	103749821	-	22412	Wnt9b
chr11	103774175	103818021	+	22415	Wnt3
chr11	103821782	103954056	-	18195	Nsf
chr11	103966725	103985350	+	11841	Arf2
chr11	104132781	104175523	+	12921	Crhr1
chr11	104186327	104191166	+	237958	Sppl2c
chr11	104231436	104332090	+	17762	Mapt
chr11	104333229	104469434	-	76719	Kansl1
chr11	104502524	104550620	-	217232	Cdc27
chr11	104550663	104587219	+	17896	Myl4
chr11	104556789	104562198	-	100415912	Gm11665
chr11	104608000	104670473	+	16416	Itgb3
chr11	105066835	105117537	+	70894	Efcab3
chr11	105126425	105141146	+	52686	Mettl2
chr11	105178807	105283959	+	24086	Tlk2
chr11	105179020	105181433	-	73431	1700052K11Rik
chr11	105292646	105351145	+	17534	Mrc2
chr11	105360798	105456735	-	632687	March10
chr11	105589986	105929304	+	77097	Tanc2
chr11	105933704	105944147	-	13056	Cyb561
chr11	105965607	105985694	-	100379610	Gm11651
chr11	105967945	105989964	+	11421	Ace
chr11	105994675	106005443	+	217246	Ace3
chr11	106008203	106034064	+	192775	Kcnh6
chr11	106036872	106059324	+	71833	Dcaf7
chr11	106066107	106073612	+	70207	Taco1
chr11	106084902	106155446	+	26406	Map3k3
chr11	106156256	106160729	-	67803	Limd2
chr11	106162974	106202178	-	72149	Strada
chr11	106199354	106216367	-	67163	Ccdc47
chr11	106216926	106249140	+	72047	Ddx42
chr11	106249144	106255802	-	56095	Ftsj3
chr11	106256185	106263112	+	19184	Psmc5
chr11	106263171	106272972	-	83796	Smarcd2
chr11	106276672	106288143	+	75870	Tcam1
chr11	106300261	106301896	-	14599	Gh
chr11	106311341	106314562	-	15985	Cd79b
chr11	106318593	106349390	-	110880	Scn4a
chr11	106365474	106377114	+	75573	Prr29
chr11	106377656	106382641	-	15896	Icam2
chr11	106397620	106487796	-	78943	Ern1
chr11	106500991	106501063	+	100216537	Snord104
chr11	106502139	106612930	-	21763	Tex2
chr11	106654213	106750628	-	18613	Pecam1
chr11	106751226	106768794	+	380732	Milr1
chr11	106768204	106779537	-	50776	Polg2
chr11	106780356	106788865	-	13207	Ddx5
chr11	106782693	106782759	-	100526469	Mir3064
chr11	106789252	106818861	+	320162	Cep95
chr11	106820064	106920715	-	66313	Smurf2
chr11	106988629	106999525	-	16647	Kpna2
chr11	107028223	107030443	+	69066	1810010H24Rik
chr11	107033081	107131922	-	207165	Bptf
chr11	107157408	107167125	+	105734734	Gm11715
chr11	107166346	107189381	-	68979	Nol11
chr11	107207892	107470720	-	71795	Pitpnc1
chr11	107479528	107498036	+	66997	Psmd12
chr11	107547960	107686943	+	78455	Helz
chr11	107637722	107637779	+	102465562	Mir6932
chr11	107703218	107716476	-	12299	Cacng1
chr11	107734780	107794464	-	54377	Cacng4
chr11	107874605	107915055	-	140723	Cacng5
chr11	107933387	108343888	-	18750	Prkca
chr11	107996848	107996916	+	102465705	Mir7223
chr11	108395297	108414396	+	11818	Apoh
chr11	108425266	108860615	+	76380	Cep112
chr11	108920349	108950783	+	12006	Axin2
chr11	109139291	109144369	-	268498	E030025P04Rik
chr11	109225355	109304176	-	19739	Rgs9
chr11	109346867	109353651	+	67927	1700096J18Rik
chr11	109354778	109363654	-	100036768	Gm11696
chr11	109362794	109401369	+	14674	Gna13
chr11	109425946	109438148	+	13929	Amz2
chr11	109425946	109453359	+	100503496	Gm45916
chr11	109450855	109473596	-	104681	Slc16a6
chr11	109473374	109573330	+	74008	Arsg
chr11	109573521	109611389	-	52639	Wipi1
chr11	109649405	109669663	+	19084	Prkar1a
chr11	109669749	109722256	-	208659	Fam20a
chr11	109788291	109828046	-	69324	1700012B07Rik
chr11	109845878	109848476	+	73257	1700023C21Rik
chr11	109933406	109995816	-	27404	Abca8b
chr11	110025634	110095937	-	217258	Abca8a
chr11	110100822	110168153	-	217262	Abca9
chr11	110176820	110251776	-	76184	Abca6
chr11	110269369	110337716	-	217265	Abca5
chr11	110399122	110513637	+	26399	Map2k6
chr11	110968033	111027968	+	16517	Kcnj16
chr11	111066164	111076825	+	16518	Kcnj2
chr11	112663927	112781976	-	217294	BC006965
chr11	112782210	112787757	+	20682	Sox9
chr11	112792731	112799008	-	100038732	Gm11681
chr11	112822965	112825128	-	76393	1700012H19Rik
chr11	113043906	113201838	-	72386	2610035D17Rik
chr11	113203315	113209669	-	319871	4732490B19Rik
chr11	113244854	113650071	-	69806	Slc39a11
chr11	113619481	113625895	+	20606	Sstr2
chr11	113649529	113662401	+	16834	Cog1
chr11	113661319	113684151	-	28081	Fam104a
chr11	113684406	113726467	+	276852	D11Wsu47e
chr11	113698171	113710017	-	52670	Cpsf4l
chr11	113726850	113751815	-	56699	Cdc42ep4
chr11	113780790	114065951	-	237979	Sdk2
chr11	114198258	114199199	+	73536	1700092K14Rik
chr11	114413405	114448860	-	319819	4932435O22Rik
chr11	114668543	114672331	+	67671	Rpl38
chr11	114675468	114720984	+	117160	Ttyh2
chr11	114727412	114757886	+	432611	Dnaic2
chr11	114765389	114790575	+	286942	Kif19a
chr11	114790669	114795892	-	72014	Btbd17
chr11	114798924	114806745	+	217302	Gpr142
chr11	114851532	114872617	+	70355	Gprc5c
chr11	114890041	114904651	+	217303	Cd300a
chr11	114922781	114934386	-	217304	Cd300lb
chr11	114956278	114960417	-	387565	Cd300c
chr11	114982443	114989886	-	217305	Cd300ld
chr11	114996769	115001880	-	140497	Cd300c2
chr11	115020689	115048295	-	100043123	Cd300ld4
chr11	115042131	115048295	-	382551	Cd300ld3
chr11	115051917	115062038	-	217306	Cd300e
chr11	115091431	115162240	+	58222	Rab37
chr11	115116214	115133992	-	246746	Cd300lf
chr11	115163341	115181178	+	26941	Slc9a3r1
chr11	115182832	115187316	-	66176	Nat9
chr11	115187487	115247025	+	320534	Tmem104
chr11	115249169	115267243	-	14813	Grin2c
chr11	115268025	115276969	-	14149	Fdxr
chr11	115283366	115297664	-	328035	Fads6
chr11	115307163	115332303	+	237987	Otop2
chr11	115315192	115321918	-	16470	Ush1g
chr11	115334734	115346926	+	69602	Otop3
chr11	115347709	115367719	-	217310	Hid1
chr11	115381916	115396132	+	237988	Cdr2l
chr11	115403766	115410913	+	68572	Mrpl58
chr11	115415697	115419919	-	71679	Atp5h
chr11	115420126	115431274	+	70382	Kctd2
chr11	115440545	115448268	+	432613	Trim80
chr11	115447961	115448060	-	100628623	Mir3968
chr11	115462473	115474398	+	217316	Slc16a5
chr11	115475677	115490466	+	276905	Armc7
chr11	115490425	115491814	-	50773	Nt5c
chr11	115491529	115493361	+	102634812	LOC102634812
chr11	115497353	115514370	-	15374	Jpt1
chr11	115523109	115536230	-	170930	Sumo2
chr11	115564444	115583924	+	445007	Nup85
chr11	115584255	115603916	-	260302	Gga3
chr11	115604151	115607624	+	50529	Mrps7
chr11	115607918	115615531	-	69674	Mif4gd
chr11	115614181	115628295	-	67283	Slc25a19
chr11	115644045	115708597	-	14784	Grb2
chr11	115765433	115799033	+	71947	Tmem94
chr11	115795824	115795886	+	100885833	Mir5621
chr11	115799352	115813592	-	140721	Caskin2
chr11	115814710	115823102	+	76265	Tsen54
chr11	115824058	115855780	+	217325	Llgl2
chr11	115892595	115933492	-	170472	Recql5
chr11	115900139	115906269	+	66528	Smim5
chr11	115912017	115913917	+	68528	Smim6
chr11	115933659	115965534	+	57230	Sap30bp
chr11	115974725	116008411	+	192897	Itgb4
chr11	115987998	115993715	-	100038636	B230344G16Rik
chr11	116008357	116012719	-	14635	Galk1
chr11	116021961	116024504	-	15081	H3f3b
chr11	116030316	116061214	+	217331	Unk
chr11	116062096	116077961	-	70450	Unc13d
chr11	116078573	116086964	-	22378	Wbp2
chr11	116105750	116110235	-	217333	Trim47
chr11	116124282	116131128	-	338364	Trim65
chr11	116131817	116138868	-	60441	Mrpl38
chr11	116142285	116168178	-	217335	Fbf1
chr11	116171883	116199045	-	11430	Acox1
chr11	116198855	116215318	+	69535	Ten1
chr11	116216002	116220287	+	69681	Cdk3-ps
chr11	116220559	116238091	-	14027	Evpl
chr11	116245166	116274217	-	217337	Srp68
chr11	116280939	116283938	+	14428	Galr2
chr11	116287998	116306738	-	53413	Exoc7
chr11	116330704	116336390	-	15223	Foxj1
chr11	116336345	116413032	-	217340	Rnf157
chr11	116434094	116439077	+	319370	Ubald2
chr11	116441325	116454347	-	217341	Qrich2
chr11	116470816	116490346	-	67763	Prpsap1
chr11	116531911	116536675	+	20698	Sphk1
chr11	116537753	116581447	-	217342	Ube2o
chr11	116593687	116597680	+	11298	Aanat
chr11	116598165	116627019	-	217344	Rhbdf2
chr11	116645595	116654313	-	114886	Cygb
chr11	116653534	116668389	+	100038570	Prcd
chr11	116671660	116675798	+	66293	1810032O08Rik
chr11	116672505	116672582	+	100216536	Snord1c
chr11	116674147	116674223	+	100216531	Snord1b
chr11	116674597	116674672	+	100216538	Snord1a
chr11	116676705	116694660	-	20446	St6galnac2
chr11	116738994	116775507	-	20445	St6galnac1
chr11	116752167	116757883	+	193217	BC018473
chr11	116803400	116828046	-	67622	Mxra7
chr11	116837432	116843449	-	107817	Jmjd6
chr11	116843515	116850360	+	74319	Mettl23
chr11	116849897	116853094	-	20382	Srsf2
chr11	116853295	116875660	+	69900	Mfsd11
chr11	116918863	116986944	+	268510	Mgat5b
chr11	117076783	117078955	+	76972	Snhg20
chr11	117077348	117077457	+	102465258	Mir6516
chr11	117115172	117159268	+	74136	Sec14l1
chr11	117199661	117362325	+	53860	Sept9
chr11	117414389	117415368	+	105827746	Gm11729
chr11	117420640	117421717	-	667423	Gm8624
chr11	117484368	117489014	+	432615	Gm11733
chr11	117611247	117613417	+	78403	2900041M22Rik
chr11	117654289	117763439	+	217351	Tnrc6c
chr11	117765985	117780683	-	217353	Tmc6
chr11	117782297	117793137	+	217356	Tmc8
chr11	117797660	117807308	+	77727	6030468B19Rik
chr11	117809667	117814286	+	20973	Syngr2
chr11	117809667	117839908	+	71562	Afmid
chr11	117815519	117826014	-	21877	Tk1
chr11	117849237	117855743	+	11799	Birc5
chr11	117860752	117865543	+	546519	Tmem235
chr11	117867949	117873526	-	71776	Tha1
chr11	117966079	117969366	-	12702	Socs3
chr11	117986857	118024011	+	74451	Pgs1
chr11	118002270	118002350	+	102466768	Mir6933
chr11	118021723	118129219	-	69926	Dnah17
chr11	118164166	118248592	-	19157	Cyth1
chr11	118259653	118290244	-	72344	Usp36
chr11	118301061	118355411	-	21858	Timp2
chr11	118332360	118342542	-	58251	Cep295nl
chr11	118392752	118401931	-	19039	Lgals3bp
chr11	118406289	118419118	-	76025	Cant1
chr11	118428457	118451782	+	56745	C1qtnf1
chr11	118444200	118454995	-	100126224	Gm11747
chr11	118476960	118489198	+	217364	Engase
chr11	118489760	118911597	-	52897	Rbfox3
chr11	118988188	118993221	+	238011	Enpp7
chr11	119023021	119031275	+	12416	Cbx2
chr11	119038436	119040913	-	30951	Cbx8
chr11	119077571	119086237	-	12418	Cbx4
chr11	119143043	119228499	-	207592	Tbc1d16
chr11	119154076	119154137	-	102465563	Mir6934
chr11	119228572	119265212	+	207607	Ccdc40
chr11	119267963	119285458	+	14387	Gaa
chr11	119288363	119300043	-	192170	Eif4a3
chr11	119314709	119345375	+	170720	Card14
chr11	119343489	119355510	-	27029	Sgsh
chr11	119355557	119381076	+	268512	Slc26a11
chr11	119390472	119390561	+	100316690	Mir1932
chr11	119461201	119491235	-	78439	A930037H05Rik
chr11	119491347	119511465	+	338371	Endov
chr11	119538719	119547820	-	18164	Nptx1
chr11	119548630	119569046	+	100503830	Gm11762
chr11	119602905	119899591	+	74370	Rptor
chr11	119820811	119834365	-	319454	Rptoros
chr11	119913810	119919552	+	208092	Chmp6
chr11	119943092	120006782	+	108100	Baiap2
chr11	120007313	120047145	-	11302	Aatk
chr11	120014765	120014862	-	723844	Mir338
chr11	120014767	120014853	+	100526518	Mir3065
chr11	120064430	120086827	-	12009	Cep131
chr11	120090522	120098731	-	78777	Tepsin
chr11	120098934	120100424	+	208501	Ndufaf8
chr11	120103951	120151351	-	72055	Slc38a10
chr11	120186650	120189856	-	100042332	2810410L24Rik
chr11	120229803	120231585	-	102640779	2900052L18Rik
chr11	120232947	120292297	+	268515	Bahcc1
chr11	120345687	120348495	-	11465	Actg1
chr11	120347350	120347413	-	102465564	Mir6935
chr11	120348678	120351190	+	66838	0610009L18Rik
chr11	120361534	120368173	+	238021	Fscn2
chr11	120369562	120378746	-	71885	Faap100
chr11	120379798	120437700	-	217365	Nploc4
chr11	120442631	120447321	+	208634	Tspan10
chr11	120447607	120453500	-	18588	Pde6g
chr11	120456604	120458063	-	66431	Oxld1
chr11	120458129	120464354	+	67291	Ccdc137
chr11	120464326	120467600	-	70317	Arl16
chr11	120467635	120483984	+	15239	Hgs
chr11	120484669	120488754	+	56282	Mrpl12
chr11	120491837	120501161	+	27376	Slc25a10
chr11	120530727	120538984	+	14527	Gcgr
chr11	120542888	120549727	-	192173	Mcrip1
chr11	120549975	120551132	-	68701	Ppp1r27
chr11	120560304	120572936	-	18453	P4hb
chr11	120577235	120581620	-	192662	Arhgdia
chr11	120594516	120598365	-	21681	Alyref
chr11	120598421	120608198	+	66156	Anapc11
chr11	120608477	120609100	+	208990	Npb
chr11	120610087	120617890	-	68671	Pcyt2
chr11	120618372	120625002	-	209011	Sirt7
chr11	120624823	120624876	-	102465565	Mir6936
chr11	120628348	120633547	-	17134	Mafg
chr11	120635712	120643695	-	209027	Pycr1
chr11	120646031	120648337	-	68515	Myadml2
chr11	120653788	120660837	-	77583	Notum
chr11	120672973	120709447	+	68938	Aspscr1
chr11	120710941	120713767	-	20892	Cenpx
chr11	120713953	120721128	+	217366	Lrrc45
chr11	120721468	120723969	+	170758	Rac3
chr11	120724546	120727281	-	67880	Dcxr
chr11	120729485	120732021	-	12409	Cbr2
chr11	120780745	120784204	-	19719	Rfng
chr11	120784272	120789102	+	209318	Gps1
chr11	120789202	120796395	-	68730	Dus1l
chr11	120805958	120824547	-	14104	Fasn
chr11	120826542	120932872	-	71276	Ccdc57
chr11	120948484	120959000	+	80879	Slc16a3
chr11	120958465	120991333	-	104318	Csnk1d
chr11	121036747	121039478	-	12516	Cd7
chr11	121053423	121063569	-	58210	Sectm1b
chr11	121067403	121081139	-	209588	Sectm1a
chr11	121116215	121118677	-	70956	Tex19.2
chr11	121146143	121148314	+	73679	Tex19.1
chr11	121160271	121161973	+	217369	Uts2r
chr11	121177593	121204648	-	66179	Ogfod3
chr11	121204433	121222656	+	238023	Hexdc
chr11	121222588	121229309	-	217370	Cybc1
chr11	121237236	121255856	+	67608	Narf
chr11	121259683	121309896	+	68837	Foxk2
chr11	121327203	121354447	-	66840	Wdr45b
chr11	121356121	121388251	-	217371	Rab40b
chr11	121387145	121387204	-	102465713	Mir7236
chr11	121421373	121430768	+	238024	Fn3krp
chr11	121434953	121450490	+	63828	Fn3k
chr11	121451949	121617170	+	108903	Tbcd
chr11	121510976	121519342	-	319530	Zfp750
chr11	121616208	121673151	-	210004	B3gntl1
chr11	121702427	121717389	+	210029	Metrnl
chr11	121830218	121843914	+	74675	Ptchd3
chr12	3235526	3250374	+	74173	Rab10os
chr12	3247428	3309969	-	19325	Rab10
chr12	3365132	3406494	+	16570	Kif3c
chr12	3403883	3426747	-	100043040	1110002L01Rik
chr12	3426857	3506852	+	75302	Asxl2
chr12	3572391	3781398	+	13528	Dtnb
chr12	3806523	3914443	+	13435	Dnmt3a
chr12	3859293	3862244	-	100038522	Dnmt3aos
chr12	3954945	3960643	+	18976	Pomc
chr12	3962554	4038915	-	668212	Efr3b
chr12	4082574	4110612	+	217378	Dnajc27
chr12	4133397	4213524	+	104111	Adcy3
chr12	4211672	4234294	-	52504	Cenpo
chr12	4234027	4240123	+	69709	Ptrhd1
chr12	4247362	4477182	-	17977	Ncoa1
chr12	4524113	4529122	+	102634330	Gm31938
chr12	4593008	4713952	+	20403	Itsn2
chr12	4713805	4738430	-	74855	Fam228a
chr12	4746216	4769267	-	207921	Fam228b
chr12	4769295	4778808	+	382562	Pfn4
chr12	4817608	4827659	+	66055	Sf3b6
chr12	4833174	4841595	-	14226	Fkbp1b
chr12	4843303	4856974	+	238037	Wdcp
chr12	4862438	4874359	-	432628	Mfsd2b
chr12	4879032	4907520	-	217379	Ubxn2a
chr12	4917353	5047410	+	320817	Atad2b
chr12	5077465	5375682	-	208439	Klhl29
chr12	5375870	5416305	+	72669	2810032G03Rik
chr12	7372039	7380330	-	73575	1700101O22Rik
chr12	7977677	8016839	+	238055	Apob
chr12	8208107	8285759	+	68832	Ldah
chr12	8297918	8301954	-	238057	Gdf7
chr12	8313433	8343824	+	58240	Hs1bp3
chr12	8497758	8499985	-	11852	Rhob
chr12	8528483	8599066	-	328059	Slc7a15
chr12	8674134	8752583	+	80913	Pum2
chr12	8771396	8793688	+	20969	Sdc1
chr12	8921307	8938742	+	17775	Laptm4a
chr12	8947929	8972028	+	17182	Matn3
chr12	8974001	9028847	+	74682	Wdr35
chr12	9029997	9036397	+	75516	Ttc32
chr12	9565236	9570585	-	69420	1700022H16Rik
chr12	9574442	9581500	+	23967	Osr1
chr12	10369971	10390174	+	70881	Nt5c1b
chr12	10390780	10395562	+	105014	Rdh14
chr12	10446388	10531303	+	328061	Gm38407
chr12	11047813	11078741	+	71457	7420701I03Rik
chr12	11090202	11150842	-	238076	Kcns3
chr12	11185993	11204502	-	77442	9530020I12Rik
chr12	11208382	11208948	-	56184	Msgn1
chr12	11240926	11265787	-	209334	Gen1
chr12	11265886	11319785	+	67241	Smc6
chr12	11299887	11299944	+	102465775	Mir7675
chr12	11325245	11436649	-	26950	Vsnl1
chr12	11438233	11444812	+	74712	4930511A02Rik
chr12	11456079	11462928	+	209550	Rad51ap2
chr12	11882196	11882899	-	627110	Tubb2a-ps2
chr12	12262139	12376363	+	76820	Fam49a
chr12	12351522	12392475	-	70858	4921511I17Rik
chr12	12667732	12669917	-	102637952	Gm34637
chr12	12936093	12941836	-	18109	Mycn
chr12	13219307	13249174	-	104721	Ddx1
chr12	13269127	13583811	+	71169	Nbas
chr12	13607789	13627646	-	102639399	Gm35725
chr12	14147598	14152038	-	105005	Fam84a
chr12	14261534	14285684	+	791361	Gm16497
chr12	14996389	15050389	-	73972	4930448C13Rik
chr12	15791727	15816785	-	217410	Trib2
chr12	15800994	15801101	-	102465204	Mir6387
chr12	16535669	16589770	-	14245	Lpin1
chr12	16653470	16660236	+	18217	Ntsr2
chr12	16670615	16800886	-	268527	Greb1
chr12	16810965	16826752	+	50496	E2f6
chr12	16894978	16988274	+	19878	Rock2
chr12	16988648	17000118	-	217430	Pqlc3
chr12	17004958	17011727	-	73667	2410004P03Rik
chr12	17172100	17176888	-	382571	Kcnf1
chr12	17266595	17284770	+	71853	Pdia6
chr12	17284721	17324730	-	68775	Atp6v1c2
chr12	17348493	17430095	+	217431	Nol10
chr12	17355392	17355474	+	100526470	Mir3066
chr12	17544873	17551502	+	18263	Odc1
chr12	17690814	17791926	+	53602	Hpcal1
chr12	18514510	18535254	+	236366	5730507C01Rik
chr12	20804389	20815779	-	69513	1700030C10Rik
chr12	21111756	21270171	+	211914	Asap2
chr12	21269806	21286237	-	16413	Itgb1bp1
chr12	21286297	21315056	+	54451	Cpsf3
chr12	21316392	21323607	+	67732	Iah1
chr12	21323509	21373632	-	11491	Adam17
chr12	21390329	21417581	-	22630	Ywhaq
chr12	22115756	22156646	-	100043416	Gm4425
chr12	22953997	23010243	-	69732	2410018L13Rik
chr12	24043202	24097269	-	66808	9030624G23Rik
chr12	24498581	24558571	+	21340	Taf1b
chr12	24572287	24617391	+	195733	Grhl1
chr12	24651371	24662782	+	194655	Klf11
chr12	24665838	24681795	-	12879	Cys1
chr12	24708254	24714146	+	20135	Rrm2
chr12	24831599	24960301	+	67216	Mboat2
chr12	24974932	25063145	+	77480	Kidins220
chr12	25093799	25096092	-	15902	Id2
chr12	25129174	25132274	+	432641	Gm17746
chr12	26091962	26210505	-	629481	Gm29687
chr12	26211267	26240707	+	74930	4930480M12Rik
chr12	26235530	26252545	-	102631696	Gm29968
chr12	26306794	26415262	-	108089	Rnf144a
chr12	26346710	26371748	+	75243	4930549C15Rik
chr12	26414901	26415010	-	102466676	Mir6538
chr12	26442743	26456452	-	58185	Rsad2
chr12	26469215	26479837	+	22169	Cmpk2
chr12	26820097	26834873	-	74668	4933409F18Rik
chr12	27090237	27114995	-	100504347	Gm20187
chr12	27140796	27160516	-	636791	Gm9866
chr12	27334268	27342718	-	20666	Sox11
chr12	28437795	28548337	-	68511	Dcdc2c
chr12	28553755	28582483	-	94041	Allc
chr12	28594172	28623330	-	71693	Colec11
chr12	28630847	28635953	-	20115	Rps7
chr12	28649602	28659591	+	19819	Rnaseh1
chr12	28675207	28682175	+	104923	Adi1
chr12	28679325	28679389	+	102465980	Mir6937
chr12	28690628	28750453	-	217449	Trappc12
chr12	28751828	28867491	+	380752	Eipr1
chr12	29528384	29923209	+	17933	Myt1l
chr12	29675630	29686445	-	328075	C630031E19Rik
chr12	29938036	30017658	+	69675	Pxdn
chr12	30054661	30132624	-	22018	Tpo
chr12	30174482	30373376	-	268534	Sntg2
chr12	30410559	30467358	-	69566	2310016D03Rik
chr12	30584443	30591219	+	211986	Tmem18
chr12	30884324	30893854	+	100294583	Alkal2
chr12	30893326	30911612	-	11431	Acp1
chr12	30911669	30960160	+	24057	Sh3yl1
chr12	31073968	31079940	+	104943	Fam110c
chr12	31168862	31185922	+	100043065	6030469F06Rik
chr12	31265294	31329639	+	16777	Lamb1
chr12	31331562	31351471	-	13382	Dld
chr12	31438219	31473920	+	13487	Slc26a3
chr12	31484829	31499616	-	104836	Cbll1
chr12	31519819	31559969	-	23985	Slc26a4
chr12	31595354	31634658	-	12033	Bcap29
chr12	31640055	31654826	-	71916	Dus4l
chr12	31654869	31937630	+	238123	Cog5
chr12	31706867	31713926	-	73010	Gpr22
chr12	31926455	31950535	-	73389	Hbp1
chr12	31958476	32061279	-	19088	Prkar2b
chr12	32173397	32208649	-	30955	Pik3cg
chr12	32378789	32382943	+	72123	Ccdc71l
chr12	32820335	32853369	+	59027	Nampt
chr12	32824116	32826919	+	100504486	Gdap10
chr12	32919384	32953789	-	74076	4933406C10Rik
chr12	32953945	32979502	+	19027	Sypl
chr12	33033796	33092875	-	68764	Cdhr3
chr12	33111711	33147597	-	320046	F730043M19Rik
chr12	33147686	33372357	+	380753	Atxn7l1
chr12	33358243	33394760	-	75836	Atxn7l1os2
chr12	33394854	33401269	+	75040	Efcab10
chr12	33429624	33439380	+	28071	Twistnb
chr12	33928425	33929310	+	114712	Ferd3l
chr12	33957671	33959831	+	22160	Twist1
chr12	34047582	34917095	-	79221	Hdac9
chr12	34984761	34986436	+	75456	Prps1l1
chr12	35047189	35147477	+	217463	Snx13
chr12	35194811	35194897	-	751520	Mir680-3
chr12	35497979	35534989	-	11622	Ahr
chr12	35672290	35695118	-	71581	9130015A21Rik
chr12	35925621	35949730	+	403205	Agr3
chr12	35992925	36004081	+	23795	Agr2
chr12	36014555	36042478	-	66109	Tspan13
chr12	36090379	36091829	+	432649	Gm5434
chr12	36091835	36156825	-	66912	Bzw2
chr12	36157124	36197291	+	217473	Ankmy2
chr12	36208345	36253398	-	71156	Lrrc72
chr12	36314169	36318452	+	66042	Sostdc1
chr12	36381450	36689503	+	75847	Ispd
chr12	36816205	36816278	+	100628578	Mir5099
chr12	37108546	37179528	+	17286	Meox2
chr12	37241639	37581932	+	319660	Agmo
chr12	37880174	38633410	+	217480	Dgkb
chr12	38552809	38614521	-	73867	4930428E07Rik
chr12	38780258	38868215	+	14009	Etv1
chr12	40005447	40037987	-	11861	Arl4a
chr12	40059769	40134228	-	20259	Scin
chr12	40176386	40199315	-	380755	Lsmem1
chr12	40203129	40223189	-	15982	Ifrd1
chr12	40222712	40222811	-	100316693	Mir1938
chr12	40223364	40229183	+	629820	Gm7008
chr12	40315046	40445790	-	246196	Zfp277
chr12	40446053	40846495	+	238130	Dock4
chr12	41024090	41955588	+	93757	Immp2l
chr12	41451668	41486057	-	16981	Lrrn3
chr12	44205897	44210068	-	27362	Dnajb9
chr12	44210313	44210373	+	100885842	Mir5627
chr12	44221356	44224380	+	100039062	Gm2027
chr12	44221371	44313437	+	67452	Pnpla8
chr12	44328885	44601846	+	319504	Nrcam
chr12	44852486	45074483	-	217517	Stxbp6
chr12	46694517	46818775	-	664883	Nova1
chr12	49382883	49386867	+	15228	Foxg1
chr12	49385174	49407346	+	67293	3110039M20Rik
chr12	49476993	49480862	-	69054	1810007C17Rik
chr12	50341231	50649223	-	18760	Prkd1
chr12	51005156	51062543	+	75494	1700008C04Rik
chr12	51348230	51376986	+	217558	G2e3
chr12	51377513	51450102	+	76983	Scfd1
chr12	51593341	51605773	+	12810	Coch
chr12	51608541	51691914	-	94186	Strn3
chr12	51690966	51738939	+	11782	Ap4s1
chr12	51743722	51829536	-	207304	Hectd1
chr12	51875873	51971321	-	320487	Heatr5a
chr12	51988807	52006501	-	328092	Dtd2
chr12	52023003	52028063	-	14762	Gpr33
chr12	52097746	52310959	+	76826	Nubpl
chr12	52475739	52480609	-	102638611	Gm35135
chr12	52503972	52567852	+	11855	Arhgap5
chr12	52599984	52602322	-	73278	1700031P21Rik
chr12	52699383	53151015	+	238161	Akap6
chr12	53248677	54072175	+	27386	Npas3
chr12	54178981	54203874	-	112407	Egln3
chr12	54233615	54242320	+	73592	1700104L18Rik
chr12	54387733	54391318	-	665239	Gm7550
chr12	54645374	54656572	-	104725	Sptssa
chr12	54645933	54646012	-	100316682	Mir1892
chr12	54673467	54695865	-	66266	Eapp
chr12	54746357	54795662	-	72183	Snx6
chr12	54858817	54862877	-	12632	Cfl2
chr12	54892989	54986336	-	217578	Baz1a
chr12	55045661	55080110	-	72658	2700097O09Rik
chr12	55080496	55115367	+	24067	Srp54a
chr12	55124528	55217168	+	100101807	1700047I17Rik2
chr12	55155104	55189213	+	665155	Srp54b
chr12	55230478	55279329	+	100101806	Srp54c
chr12	55280814	55303000	-	59032	Ppp2r3c
chr12	55302637	55382491	+	66132	1110008L16Rik
chr12	55384222	55418459	+	26443	Psma6
chr12	55489409	55492647	-	18035	Nfkbia
chr12	55565205	55566896	+	79459	Aldoart2
chr12	55598917	55602018	+	56856	Insm2
chr12	55602890	55821516	-	56784	Ralgapa1
chr12	55836366	55869736	+	52592	Brms1l
chr12	56253243	56266381	+	100503961	Gm19990
chr12	56328306	56345894	-	217588	Mbip
chr12	56490428	56529420	-	104798	Sfta3-ps
chr12	56531935	56536908	-	21869	Nkx2-1
chr12	56591059	56594554	+	97836	C87198
chr12	56611393	56613284	-	18094	Nkx2-9
chr12	56695471	56712822	+	18511	Pax9
chr12	56712634	57197472	-	217593	Slc25a21
chr12	57230412	57242168	+	328099	Prps1l3
chr12	57230412	57467041	+	73490	Mipol1
chr12	57540631	57546121	-	15375	Foxa1
chr12	57564115	57737904	+	70846	Ttc6
chr12	57585975	57618602	-	78758	4921518K17Rik
chr12	57661458	57662911	-	217601	BC042761
chr12	58211804	58216036	+	20605	Sstr1
chr12	58264720	58269258	-	66864	Clec14a
chr12	58958384	59012017	-	20334	Sec23a
chr12	59013391	59028470	+	66603	Gemin2
chr12	59043092	59061472	-	78232	Trappc6b
chr12	59066919	59074017	+	18949	Pnn
chr12	59095800	59190220	+	338320	Mia2
chr12	59200655	59219483	-	70611	Fbxo33
chr12	61499660	61521820	-	100504101	Gm20063
chr12	61523167	61857928	+	238205	Lrfn5
chr12	62687787	62688336	+	73309	Spanxn4
chr12	64471333	64474898	-	623046	Fscb
chr12	64917911	64924591	+	217648	Gm527
chr12	64942440	64965536	-	66689	Klhl28
chr12	64965742	65022573	+	328108	Togaram1
chr12	65036334	65063386	+	328110	Prpf39
chr12	65062432	65073938	-	30795	Fkbp3
chr12	65075606	65132058	+	104806	Fancm
chr12	65132734	65172580	-	217653	Mis18bp1
chr12	65225517	65228454	+	70948	Wdr20rt
chr12	66283379	66284401	-	238217	Rpl10l
chr12	66466059	67222549	-	320772	Mdga2
chr12	69157722	69159186	-	20090	Rps29
chr12	69168814	69179010	+	69706	Lrr1
chr12	69182734	69184067	-	66483	Rpl36al
chr12	69182734	69198429	-	109065	Dnaaf2
chr12	69184158	69186773	+	217664	Mgat2
chr12	69197211	69199868	+	414085	9330151L19Rik
chr12	69201779	69228190	-	18974	Pole2
chr12	69241832	69283961	+	271005	Klhdc1
chr12	69296681	69310687	+	69554	Klhdc2
chr12	69311543	69357176	-	66244	Nemf
chr12	69372150	69375980	+	11845	Arf6
chr12	69464787	69475550	-	76062	5830428M24Rik
chr12	69577628	69583028	-	207965	Vcpkmt
chr12	69583761	69681852	-	20663	Sos2
chr12	69690436	69724874	-	217666	L2hgdh
chr12	69724962	69744658	+	68055	Atp5s
chr12	69746848	69790707	-	71091	Cdkl1
chr12	69763835	69763944	-	751538	Mir681
chr12	69790344	69841880	+	74724	4930512B01Rik
chr12	69803757	69893163	-	399510	Map4k5
chr12	69843686	69853671	+	70934	4931403G20Rik
chr12	69893105	69964085	+	73991	Atl1
chr12	69963409	69969744	+	100040999	Gm3086
chr12	69965012	69987002	-	64010	Sav1
chr12	70011435	70112035	-	18080	Nin
chr12	70154171	70183206	+	100504285	Abhd12b
chr12	70190815	70227683	-	110095	Pygl
chr12	70227841	70234165	+	414124	F730035M05Rik
chr12	70244533	70347614	-	94090	Trim9
chr12	70453154	70467624	+	72736	Tmx1
chr12	70825514	70902234	+	319710	Frmd6
chr12	70937857	70964718	+	56444	Actr10
chr12	70974623	70995877	+	19167	Psma3
chr12	70991615	71015823	-	73204	3110056K07Rik
chr12	71015967	71099351	+	238247	Arid4a
chr12	71111428	71123222	+	75266	Tomm20l
chr12	71123172	71136675	-	30056	Timm9
chr12	71136848	71243303	+	76967	2700049A03Rik
chr12	71309884	71320107	+	59036	Dact1
chr12	71383154	71384208	-	67348	1700083H02Rik
chr12	71540607	71556133	+	73815	4930404H11Rik
chr12	71831068	71992376	+	208846	Daam1
chr12	72069618	72070991	-	238252	Gpr135
chr12	72073428	72085313	-	67217	L3hypdh
chr12	72085839	72101527	+	104771	Jkamp
chr12	72101292	72185029	-	73936	Ccdc175
chr12	72211749	72409054	-	104001	Rtn1
chr12	72441866	72510565	+	78257	Lrrc9
chr12	72536357	72580213	+	67708	Pcnx4
chr12	72650353	72664828	-	66375	Dhrs7
chr12	72761211	72794940	+	19042	Ppm1a
chr12	72881109	72940772	-	75801	4930447C04Rik
chr12	72939882	72944899	+	20476	Six6
chr12	73041827	73046712	-	20471	Six1
chr12	73100259	73113245	-	20474	Six4
chr12	73123717	73273988	+	17420	Mnat1
chr12	73280410	73286711	-	76357	Trmt5
chr12	73286848	73354045	+	625098	Slc38a6
chr12	73364075	73409563	-	380765	D830013O20Rik
chr12	73543114	73546395	-	238257	Tmem30b
chr12	73548483	73551986	+	73644	2210039B01Rik
chr12	73584796	73778185	+	18755	Prkch
chr12	73901324	73947554	+	15251	Hif1a
chr12	73964530	73984820	+	75627	Snapc1
chr12	73997761	74267916	+	238266	Syt16
chr12	74284276	74295950	+	74284	1700086L19Rik
chr12	74297474	74300468	+	386753	Dbpht2
chr12	74897217	75177332	-	238271	Kcnh5
chr12	75308313	75401455	+	80837	Rhoj
chr12	75411720	75416781	-	217674	Gphb5
chr12	75450881	75596200	-	26932	Ppp2r5e
chr12	75630594	75669537	-	72338	Wdr89
chr12	75630918	75631749	-	665931	Rplp2-ps1
chr12	75714248	75735729	-	81535	Sgpp1
chr12	75818318	76110928	+	319565	Syne2
chr12	75909103	75909185	+	100628610	Mir5101
chr12	76120419	76177259	-	13983	Esr2
chr12	76198687	76246746	-	80384	Tex21
chr12	76255232	76319820	+	108156	Mthfd1
chr12	76324891	76334151	+	238276	Akap5
chr12	76348900	76369560	-	109929	Zbtb25
chr12	76370266	76388747	+	268564	Zbtb1
chr12	76404176	76406938	+	15512	Hspa2
chr12	76417599	76439491	+	210762	Ppp1r36
chr12	76444497	76451336	+	100041694	Gm10451
chr12	76533134	76533212	-	100628604	Mir5135
chr12	76533560	76579039	+	263406	Plekhg3
chr12	76546972	76547925	-	100504549	AI463170
chr12	76580488	76710547	-	20741	Sptb
chr12	76765573	76783180	+	211151	Churc1
chr12	76792335	76795554	-	14776	Gpx2
chr12	76797963	76822524	-	104886	Rab15
chr12	76837467	76921412	+	110606	Fntb
chr12	76937269	76962248	-	17187	Max
chr12	77238104	77475996	+	53618	Fut8
chr12	78226655	78684772	+	268566	Gphn
chr12	78691535	78734519	+	70897	Fam71d
chr12	78748911	78840714	+	56217	Mpp5
chr12	78842982	78861638	-	73834	Atp6v1d
chr12	78862072	78887010	+	13665	Eif2s1
chr12	78888697	78906938	-	27260	Plek2
chr12	78961795	79007339	-	268567	Tmem229b
chr12	79029163	79114381	+	211945	Plekhh1
chr12	79080669	79089670	-	110417	Pigh
chr12	79088705	79103939	-	321017	9230116L04Rik
chr12	79130788	79156301	+	11847	Arg2
chr12	79156017	79172458	-	53612	Vti1b
chr12	79175551	79191819	-	17252	Rdh11
chr12	79208913	79222664	+	77974	Rdh12
chr12	79232347	79296282	-	211978	Zfyve26
chr12	79297282	79814690	+	19363	Rad51b
chr12	79917019	79936264	-	77290	9430078K24Rik
chr12	80107760	80113013	-	12192	Zfp36l1
chr12	80120546	80132844	-	69548	2310015A10Rik
chr12	80167542	80260371	-	109711	Actn1
chr12	80335847	80436601	-	320808	Dcaf5
chr12	80391613	80391737	-	100217447	Scarna3b
chr12	80463095	80498135	+	97827	Exd2
chr12	80507206	80517954	+	69522	2310002D06Rik
chr12	80518471	80603896	+	108760	Galnt16
chr12	80634023	80643861	-	13877	Erh
chr12	80644215	80683342	+	328133	Slc39a9
chr12	80686375	80693952	-	68354	Plekhd1os
chr12	80692601	80724216	+	217682	Plekhd1
chr12	80755447	80760715	-	380768	Ccdc177
chr12	80790532	80880833	+	217684	Susd6
chr12	80923432	80924447	-	67340	1700052I22Rik
chr12	80942652	80945399	-	100504661	Gm20337
chr12	80945504	80950507	+	20384	Srsf5
chr12	80953185	80968079	-	20493	Slc10a1
chr12	81026808	81186414	+	64075	Smoc1
chr12	81166151	81166234	+	100526532	Mir3067
chr12	81197915	81333180	-	110893	Slc8a3
chr12	81228284	81243258	+	100042143	Gm3693
chr12	81358852	81485137	-	66272	Cox16
chr12	81358852	81532911	-	105940408	Gm20498
chr12	81376991	81379486	-	214321	Gm4787
chr12	81419443	81422039	-	11498	Adam4
chr12	81492194	81532911	-	24071	Synj2bp
chr12	81558575	81568474	-	56622	Adam21
chr12	81573564	81594961	-	69792	Med6
chr12	81631249	81667557	+	69480	Ttc9
chr12	81714950	81781170	-	338372	Map3k9
chr12	81860030	82000924	+	54604	Pcnx
chr12	82169420	82451786	+	217692	Sipa1l1
chr12	82616925	83162056	+	50779	Rgs6
chr12	82932520	82939155	-	74283	1700085C21Rik
chr12	83213751	83487736	-	70127	Dpf3
chr12	83520466	83541994	+	73828	Dcaf4
chr12	83546941	83597147	-	217695	Zfyve1
chr12	83631236	83683123	+	67039	Rbm25
chr12	83688203	83735199	+	19164	Psen1
chr12	83763634	83792384	+	170721	Papln
chr12	83794034	83921934	-	18222	Numb
chr12	83950608	83952953	+	71952	Riox1
chr12	83987861	83993877	+	171210	Acot2
chr12	84009502	84017670	+	26897	Acot1
chr12	84038379	84044723	+	171282	Acot4
chr12	84052151	84059565	+	171281	Acot3
chr12	84069325	84076019	+	217698	Acot5
chr12	84100654	84109783	+	217700	Acot6
chr12	84114328	84143517	+	105000	Dnal1
chr12	84146131	84148489	-	70481	Pnma1
chr12	84149168	84218881	-	238317	Elmsan1
chr12	84285296	84315832	+	77219	Ptgr2
chr12	84316859	84344439	+	52708	Zfp410
chr12	84345314	84361821	-	217705	Fam161b
chr12	84361968	84373796	+	217707	Coq6
chr12	84373875	84409029	-	12499	Entpd5
chr12	84409068	84433780	+	72873	Bbof1
chr12	84417200	84418578	+	66381	Rnf113a2
chr12	84430717	84451024	-	104776	Aldh6a1
chr12	84451508	84531533	+	217708	Lin52
chr12	84569828	84595457	+	12677	Vsx2
chr12	84602531	84617466	-	19300	Abcd4
chr12	84641019	84651455	+	432677	Vrtn
chr12	84677278	84698807	-	627191	Syndig1l
chr12	84754559	84773112	-	67963	Npc2
chr12	84773270	84775089	+	74316	Isca2
chr12	84783212	84876495	-	16997	Ltbp2
chr12	84875802	84879755	+	100303738	D030025P21Rik
chr12	84918148	84970886	-	68497	Arel1
chr12	84970930	84983303	+	73736	Fcf1
chr12	84996321	85070515	+	56531	Ylpm1
chr12	85086814	85106431	-	73422	Prox2
chr12	85110833	85134091	+	78920	Dlst
chr12	85135596	85151264	-	238323	Rps6kl1
chr12	85166639	85177313	-	18654	Pgf
chr12	85219481	85226628	+	217715	Eif2b2
chr12	85234466	85270599	-	217716	Mlh3
chr12	85245923	85245985	-	102466769	Mir6938
chr12	85272398	85280435	-	66204	Acyp1
chr12	85288591	85299358	+	72350	Zc2hc1c
chr12	85299514	85339362	-	217718	Nek9
chr12	85340614	85374717	-	68581	Tmed10
chr12	85473901	85477269	+	14281	Fos
chr12	85599105	85639878	+	81703	Jdp2
chr12	85686720	85709087	+	53314	Batf
chr12	85746539	85813585	+	217721	Flvcr2
chr12	85815455	85824545	-	58520	Erg28
chr12	85824673	86061893	+	320244	Ttll5
chr12	86056743	86079041	-	21809	Tgfb3
chr12	86082561	86162459	+	76411	Ift43
chr12	86169341	86195102	+	328136	Gm805
chr12	86241858	86291785	+	70373	Gpatch2l
chr12	86361117	86521628	+	26380	Esrrb
chr12	86678700	86695681	+	238328	Vash1
chr12	86700502	86726460	-	68737	Angel1
chr12	86726307	86727577	+	102635405	Gm32755
chr12	86734369	86763795	+	627607	Lrrc74a
chr12	86880703	86884814	-	238330	Irf2bpl
chr12	86947041	86965364	+	217732	Cipc
chr12	86983381	86988676	-	238331	Zdhhc22
chr12	87021340	87090041	+	217733	Tmem63c
chr12	87097531	87102539	-	64242	Ngb
chr12	87106861	87147902	-	217734	Pomt2
chr12	87147165	87164723	+	14874	Gstz1
chr12	87149475	87155485	-	625237	Gm6566
chr12	87166242	87200229	-	382620	Tmed8
chr12	87200543	87213538	+	238333	Samd15
chr12	87221123	87238601	-	71275	Noxred1
chr12	87238875	87266286	-	104799	Vipas39
chr12	87266728	87273952	+	217737	Ahsa1
chr12	87278638	87299705	-	217738	Ism2
chr12	87305058	87388355	-	20773	Sptlc2
chr12	87428077	87443839	-	211064	Alkbh1
chr12	87437679	87437757	-	100526546	Mir3068
chr12	87442848	87444017	-	654309	Nrp
chr12	87443896	87449924	+	380773	Slirp
chr12	87449910	87472299	-	66354	Snw1
chr12	87514316	87518265	+	666806	Gm8300
chr12	87602665	87608845	+	193322	Oog1
chr12	87602665	87960682	+	100039087	Gm2042
chr12	87618909	87622143	+	100042776	Gm4027
chr12	87644118	87648983	-	100042786	Gm16381
chr12	87772425	87775755	-	100861908	Gm21319
chr12	87816577	87820676	+	544881	BB287469
chr12	87861350	87865690	+	100038982	Gm1995
chr12	87874072	87877859	+	100039042	Gm2016
chr12	87892834	87896722	+	100039052	Gm2022
chr12	88175589	88181894	-	100039315	Gm10436
chr12	88270635	88274497	-	435337	Gm5662
chr12	88282867	88287070	-	633093	Gm7104
chr12	88320122	88321762	-	266459	Gm5039
chr12	88360514	88461726	+	72113	Adck1
chr12	88365314	88377323	-	71818	3200001D21Rik
chr12	88722876	90334935	+	18191	Nrxn3
chr12	90724552	90739037	-	13371	Dio2
chr12	90998492	91384409	-	75216	Cep128
chr12	91045848	91056636	+	71349	5430427M07Rik
chr12	91400993	91540509	+	22095	Tshr
chr12	91555262	91590487	-	83602	Gtf2a1
chr12	91633009	91786436	-	108800	Ston2
chr12	91806043	91849157	-	20338	Sel1l
chr12	93416457	93444823	-	75295	4930559C10Rik
chr12	95692226	95785215	+	399558	Flrt2
chr12	96046621	96047222	-	69423	1700019M22Rik
chr12	98202300	98259459	-	14420	Galc
chr12	98268635	98276722	+	14744	Gpr65
chr12	98429437	98578213	-	72258	Kcnk10
chr12	98523844	98526583	+	105245437	Gm40893
chr12	98628142	98669819	+	104871	Spata7
chr12	98676741	98737405	-	24000	Ptpn21
chr12	98746968	98787774	+	75553	Zc3h14
chr12	98786604	98901484	-	319670	Eml5
chr12	98920574	98983238	+	76260	Ttc8
chr12	99161277	99162808	-	67639	4930474N09Rik
chr12	99195094	99450074	-	71375	Foxn3
chr12	99563841	99620038	+	102639404	Gm26839
chr12	99626053	99627974	-	73457	1700064M15Rik
chr12	99693047	99883442	-	78767	Efcab11
chr12	99884515	99955219	+	104884	Tdp1
chr12	99964499	100062682	+	217826	Kcnk13
chr12	100110202	100123364	+	19179	Psmc1
chr12	100125450	100159653	-	217827	Nrde2
chr12	100187968	100193538	+	100038378	Gm10433
chr12	100199435	100209824	+	12313	Calm1
chr12	100276609	100300908	+	100038713	Gm10432
chr12	100300770	100520822	-	104718	Ttc7b
chr12	100549778	100726983	-	73086	Rps6ka5
chr12	100779123	100896980	+	217830	Dglucy
chr12	100876682	100908198	-	238377	Gpr68
chr12	100912700	101028983	-	68339	Ccdc88c
chr12	101021673	101021768	-	100316805	Mir1190
chr12	101039409	101083702	-	68734	Ppp4r3a
chr12	101082451	101088927	+	319760	D130020L05Rik
chr12	101145609	101149273	+	74947	Kif4-ps
chr12	101404673	101626009	+	271036	Catsperb
chr12	101645446	101718523	-	74413	Tc2n
chr12	101746565	101819119	-	23876	Fbln5
chr12	101837372	101913171	-	109181	Trip11
chr12	101918901	101958243	-	110616	Atxn3
chr12	101975974	102005993	+	51786	Cpsf2
chr12	102129419	102267091	+	238384	Slc24a4
chr12	102283074	102390854	+	217835	Rin3
chr12	102394098	102439697	-	19141	Lgmn
chr12	102469134	102497907	+	27277	Golga5
chr12	102554941	102565027	+	12652	Chga
chr12	102568583	102704869	-	217837	Itpk1
chr12	102684928	102685020	-	100316812	Mir1936
chr12	102739830	102743661	-	64113	Moap1
chr12	102739830	102757810	-	100859931	Gm20604
chr12	102743712	102745406	+	320351	Tmem251
chr12	102753275	102757810	-	100233175	Gon7
chr12	102757975	102777701	+	66622	Ubr7
chr12	102784648	102878406	-	238386	Btbd7
chr12	102899306	102900534	+	75483	Cox8c
chr12	102948859	103183997	+	217843	Unc79
chr12	103196908	103242146	-	170952	Prima1
chr12	103312368	103314769	-	102632488	Gm29508
chr12	103314959	103317065	+	100504156	Fam181a
chr12	103321142	103356001	-	65256	Asb2
chr12	103376894	103406350	+	68149	Otub2
chr12	103407976	103425867	-	27225	Ddx24
chr12	103433873	103443680	-	76933	Ifi27l2a
chr12	103434189	103440245	+	52668	Ifi27
chr12	103450898	103457223	-	217845	Ifi27l2b
chr12	103532565	103613832	+	74521	Ppp4r4
chr12	103616675	103631444	-	217847	Serpina10
chr12	103646630	103657218	-	12401	Serpina6
chr12	103668808	103676762	-	194604	Serpina16
chr12	103688044	103695529	-	68348	Serpina1f
chr12	103728156	103738189	-	20701	Serpina1b
chr12	103763587	103773633	-	20703	Serpina1d
chr12	103763587	103904950	-	20700	Serpina1a
chr12	103894926	103904950	-	20702	Serpina1c
chr12	103946931	103956897	-	20704	Serpina1e
chr12	103980243	103989957	-	380780	Serpina11
chr12	103996620	104013652	-	71907	Serpina9
chr12	104028769	104044443	-	68054	Serpina12
chr12	104077959	104086920	+	321018	Serpina4-ps1
chr12	104101113	104106137	+	268591	Serpina5
chr12	104112724	104121896	+	74069	Serpina3a
chr12	104127996	104139545	+	271047	Serpina3b
chr12	104146907	104153872	-	16625	Serpina3c
chr12	104214544	104221129	+	238393	Serpina3f
chr12	104236242	104241934	+	20715	Serpina3g
chr12	104236242	104254405	+	546546	Serpina3h
chr12	104263122	104269365	+	628900	Serpina3i
chr12	104314570	104320586	+	238395	Serpina3j
chr12	104338486	104345739	+	20714	Serpina3k
chr12	104340494	104394257	+	20717	Serpina3m
chr12	104406708	104414329	+	20716	Serpina3n
chr12	104471209	104473236	-	14836	Gsc
chr12	104687742	104751952	-	192119	Dicer1
chr12	104763114	104865076	-	94040	Clmn
chr12	104929933	105009809	-	212073	Syne3
chr12	105030617	105032279	-	69434	Snhg10
chr12	105031075	105031349	-	100306943	Scarna13
chr12	105032618	105040911	+	73046	Glrx5
chr12	105147033	105155225	+	27381	Tcl1b2
chr12	105159704	105166625	+	27379	Tcl1b1
chr12	105176358	105181145	+	27382	Tcl1b5
chr12	105190860	105195399	+	27378	Tcl1b3
chr12	105202422	105206993	+	27380	Tcl1b4
chr12	105216753	105222737	-	21432	Tcl1
chr12	105336594	105383932	+	69952	Tunar
chr12	105394856	105403760	-	100040339	Gm2721
chr12	105453856	105493095	+	268595	D430019H16Rik
chr12	105513433	105515249	+	104932	AU015791
chr12	105563172	105593071	+	12062	Bdkrb2
chr12	105604091	105605428	+	12061	Bdkrb1
chr12	105613539	105685241	-	76559	Atg2b
chr12	105685352	105703058	+	66787	Gskip
chr12	105705982	105782447	+	78801	Ak7
chr12	105784702	105838944	+	18789	Papola
chr12	106010263	106077410	+	22367	Vrk1
chr12	106442652	106447666	-	76639	1700121N20Rik
chr12	106685607	106716324	-	71033	4933406K04Rik
chr12	107723743	107735488	-	74968	4930465M20Rik
chr12	107910403	108003414	-	58208	Bcl11b
chr12	108106431	108179284	-	52690	Setd3
chr12	108178774	108203359	+	12454	Ccnk
chr12	108206345	108275417	-	668158	Ccdc85c
chr12	108306270	108328300	+	214305	Hhipl1
chr12	108334381	108362234	+	13116	Cyp46a1
chr12	108371153	108539564	+	68519	Eml1
chr12	108536402	108555618	-	100504467	Gm16596
chr12	108554720	108688516	+	14026	Evl
chr12	108658620	108658718	+	723909	Mir342
chr12	108686792	108702306	-	70059	Degs2
chr12	108793311	108816632	+	22632	Yy1
chr12	108825878	108835876	-	214663	Slc25a29
chr12	108836973	108837068	+	723946	Mir345
chr12	108851129	108856815	+	104910	Slc25a47
chr12	108860030	108894174	-	22375	Wars
chr12	108894272	109028452	+	212198	Wdr25
chr12	109032182	109068217	-	380785	Begain
chr12	109452823	109463336	+	13386	Dlk1
chr12	109540996	109571729	+	17263	Meg3
chr12	109563692	109563785	+	791079	Mir770
chr12	109571990	109572080	+	751547	Mir673
chr12	109580233	109580315	+	100124466	Mir493
chr12	109585789	109585885	+	723843	Mir337
chr12	109585813	109585873	-	100885823	Mir3544
chr12	109586080	109586146	+	723880	Mir540
chr12	109586314	109586407	+	751555	Mir665
chr12	109587943	109588031	+	100526472	Mir3070a
chr12	109588592	109588680	+	100526519	Mir3070b
chr12	109590169	109595403	-	353326	Rtl1
chr12	109590447	109590537	+	723866	Mir431
chr12	109591537	109592915	+	76880	6430411K18Rik
chr12	109594506	109594599	+	723867	Mir434
chr12	109594956	109595030	+	100316735	Mir432
chr12	109595327	109595388	+	387154	Mir136
chr12	109603945	109661716	+	75745	Rian
chr12	109611500	109611595	+	723846	Mir341
chr12	109611822	109611941	+	100316669	Mir1188
chr12	109618258	109618336	+	723854	Mir370
chr12	109636012	109636080	+	449562	AF357425
chr12	109642838	109642904	+	449561	AF357426
chr12	109649617	109651495	+	100861571	DQ267101
chr12	109654627	109654697	+	100303646	AF357355
chr12	109656345	109656415	+	100861572	DQ267102
chr12	109682197	109682273	+	100124461	Mir882
chr12	109709060	109709125	+	723858	Mir379
chr12	109710175	109710256	+	723936	Mir411
chr12	109710638	109710700	+	723927	Mir299a
chr12	109710645	109710693	-	100885824	Mir299b
chr12	109711803	109711863	+	723859	Mir380
chr12	109712317	109712436	+	100316751	Mir1197
chr12	109712508	109712593	+	723839	Mir323
chr12	109712810	109712890	+	791071	Mir758
chr12	109713481	109713577	+	723842	Mir329
chr12	109715318	109715402	+	723878	Mir494
chr12	109715577	109715650	+	751539	Mir679
chr12	109715671	109715791	+	100316673	Mir1193
chr12	109717085	109717183	+	751521	Mir666
chr12	109717258	109717333	+	723881	Mir543
chr12	109718754	109718816	+	751522	Mir495
chr12	109720006	109720097	+	751552	Mir667
chr12	109722718	109722803	+	723856	Mir376c
chr12	109723218	109723301	+	100124453	Mir654
chr12	109723458	109723539	+	723934	Mir376b
chr12	109723781	109723848	+	723855	Mir376a
chr12	109724313	109724391	+	723833	Mir300
chr12	109726822	109726896	+	723935	Mir381
chr12	109727333	109727414	+	723940	Mir487b
chr12	109728129	109728202	+	723917	Mir539
chr12	109729325	109729402	+	100124450	Mir544
chr12	109729764	109749458	+	100040724	Mirg
chr12	109733771	109733846	+	723912	Mir382
chr12	109734139	109734209	+	387152	Mir134
chr12	109734732	109734797	+	751523	Mir668
chr12	109734902	109734974	+	723875	Mir485
chr12	109735619	109735700	+	100124484	Mir453
chr12	109738433	109738498	+	387172	Mir154
chr12	109739119	109739197	+	751524	Mir496a
chr12	109740510	109740577	+	723857	Mir377
chr12	109742409	109742498	+	723941	Mir541
chr12	109743158	109743236	+	723862	Mir409
chr12	109743289	109743368	+	723913	Mir412
chr12	109743418	109743496	+	723933	Mir369
chr12	109743715	109743795	+	723863	Mir410
chr12	109747878	109747960	+	100499517	Mir3072
chr12	110151654	110158073	-	67280	3110009F21Rik
chr12	110275384	110278068	-	353504	Dio3os
chr12	110278048	110278129	-	100526515	Mir1247
chr12	110279230	110281097	+	107585	Dio3
chr12	110447179	110583075	+	26931	Ppp2r5c
chr12	110591374	110592679	+	319786	B930059L03Rik
chr12	110601395	110666944	+	13424	Dync1h1
chr12	110667689	110682619	-	66323	1700001K19Rik
chr12	110691036	110696395	-	15519	Hsp90aa1
chr12	110737949	110803458	+	69641	Wdr20
chr12	110807798	110840939	-	26448	Mok
chr12	110841029	110843804	+	66709	4921507G05Rik
chr12	110850279	110869998	+	72805	Zfp839
chr12	110872610	110889145	-	67236	Cinp
chr12	110889264	110972394	+	104859	Tecpr2
chr12	110975353	110979021	-	74251	Ankrd9
chr12	110994398	111013872	+	77878	6030440G07Rik
chr12	111039798	111113389	+	217864	Rcor1
chr12	111159850	111184491	-	78062	4930595D18Rik
chr12	111166370	111267155	+	22031	Traf3
chr12	111271096	111276426	+	93835	Amn
chr12	111292972	111377718	-	217866	Cdc42bpb
chr12	111406809	111412077	+	380787	Lbhd2
chr12	111417430	111431680	+	74190	Exoc3l4
chr12	111442661	111455018	+	21928	Tnfaip2
chr12	111484609	111485823	-	212539	Gm266
chr12	111538101	111546753	+	217869	Eif5
chr12	111540946	111541067	+	100316932	Snora28
chr12	111572317	111574402	-	100504687	2810029C07Rik
chr12	111574510	111656227	+	17169	Mark3
chr12	111669355	111672338	-	12709	Ckb
chr12	111678105	111683902	+	328162	Trmt61a
chr12	111709488	111713256	-	70369	Bag5
chr12	111713269	111755055	+	68020	Apopt1
chr12	111758849	111807844	+	16593	Klc1
chr12	111803192	111813879	-	74335	Xrcc3
chr12	111814170	111828388	+	68520	Zfyve21
chr12	111828458	111908055	-	21981	Ppp1r13b
chr12	111941991	111944482	-	77675	5033406O09Rik
chr12	111961376	111966977	-	70257	Atp5mpl
chr12	111971559	112068854	+	74691	Tdrd9
chr12	111979192	111981119	-	217874	Rd3l
chr12	112106683	112127573	+	104816	Aspg
chr12	112109238	112109322	+	100526547	Mir3073a
chr12	112109250	112109309	-	100885836	Mir3073b
chr12	112130880	112130955	+	387199	Mir203
chr12	112146208	112181747	+	668303	Kif26a
chr12	112411023	112423198	-	100504733	A730018C14Rik
chr12	112428284	112435338	-	100126692	B020018J22Rik
chr12	112489448	112499927	+	319942	A530016L24Rik
chr12	112500184	112511160	-	104885	Tmem179
chr12	112588784	112615557	+	70435	Inf2
chr12	112620047	112641355	+	11565	Adssl1
chr12	112644828	112649152	+	30954	Siva1
chr12	112653821	112674276	-	11651	Akt1
chr12	112659277	112659351	-	102465566	Mir6939
chr12	112678840	112682747	+	382639	Zbtb42
chr12	112722174	112746591	+	217882	Cep170b
chr12	112733322	112733391	+	102466989	Mir6940
chr12	112760655	112768986	+	104759	Pld4
chr12	112808975	112816245	+	217887	Clba1
chr12	112820234	112829423	-	71963	Cdca4
chr12	112850876	112860916	-	56696	Gpr132
chr12	112908590	112929495	-	16450	Jag2
chr12	112920483	112920541	-	102465567	Mir6941
chr12	112934291	112942142	-	66174	Nudt14
chr12	112959862	113000621	-	72308	Brf1
chr12	112976482	112978940	+	399566	Btbd6
chr12	113014508	113074401	+	217893	Pacs2
chr12	113074502	113088914	+	75671	Tex22
chr12	113098278	113137206	+	116870	Mta1
chr12	113140236	113145506	+	68337	Crip2
chr12	113152012	113153879	+	12925	Crip1
chr12	113156421	113165458	+	104732	Tedc1
chr12	113185903	113189523	+	69195	Tmem121
chr12	113489565	113491835	+	238405	Adam6b
chr12	113543908	113546414	+	238406	Adam6a
chr12	114469407	114469466	-	102465663	Mir7094-1
chr12	114513635	114513694	-	102465664	Mir7094-2
chr12	115695720	115695794	-	102465205	Mir6388
chr12	116047724	116063209	+	56220	Zfp386
chr12	116077726	116146261	+	22355	Vipr2
chr12	116207050	116263025	-	217935	Wdr60
chr12	116281222	116373098	+	52635	Esyt2
chr12	116401947	116405161	-	319545	D430020J02Rik
chr12	116405402	116463531	+	76044	Ncapg2
chr12	116485720	117278167	+	19276	Ptprn2
chr12	117144523	117151269	-	100038689	Gm10421
chr12	117234521	117337012	-	432713	Gm5441
chr12	117250817	117250885	+	387171	Mir153
chr12	117516479	117756978	+	217944	Rapgef5
chr12	117843861	117878706	+	217946	Cdca7l
chr12	117877982	118199043	-	13411	Dnah11
chr12	118231686	118301440	-	20688	Sp4
chr12	118518297	118530193	-	100384890	D230030E09Rik
chr12	118846329	118852578	+	320145	Sp8
chr12	118867824	118966421	-	77706	Abcb5
chr12	119162803	119238276	-	320910	Itgb8
chr12	119443410	119466934	+	238455	Macc1
chr12	119945962	120021245	+	217951	Tmem196
chr13	3149475	3189678	+	73266	Speer6-ps1
chr13	3478260	3498597	+	76937	2810429I04Rik
chr13	3497960	3501393	+	73270	1700024F13Rik
chr13	3538075	3566261	+	14569	Gdi2
chr13	3566035	3611108	-	105203	Fam208b
chr13	3634032	3651779	+	142688	Asb13
chr13	3802893	3804318	-	70405	Calml3
chr13	3837757	3838671	+	80796	Calm4
chr13	3854173	3854761	+	494124	Calm5
chr13	3882018	3918220	-	56349	Net1
chr13	3924695	3935277	+	238463	Tubal3
chr13	3940688	3945349	-	83428	Ucn3
chr13	4059591	4090422	+	105387	Akr1c14
chr13	4132627	4150631	-	105349	Akr1c18
chr13	4191187	4205603	+	27384	Akr1c13
chr13	4233740	4248359	+	432720	Akr1c19
chr13	4248735	4249777	+	111002	Marcksl1-ps4
chr13	4268172	4279399	-	622402	Akr1c12
chr13	4434343	4457530	+	83702	Akr1c6
chr13	4486856	4523344	-	116852	Akr1c20
chr13	4574075	4586543	+	77337	Akr1c21
chr13	4592490	4609164	-	56043	Akr1e1
chr13	5855509	5858092	-	71867	1700016G22Rik
chr13	5861489	5870393	+	23849	Klf6
chr13	6548157	6580158	+	69617	Pitrm1
chr13	6579874	6648771	-	56421	Pfkp
chr13	8202866	8768762	+	94191	Adarb2
chr13	8802966	8871736	-	207615	Wdr37
chr13	8885606	8892396	+	319554	Idi1
chr13	8952863	8960935	+	320581	Idi2
chr13	8972464	8996012	-	69237	Gtpbp4
chr13	9093881	9174451	+	217980	Larp4b
chr13	9276525	9668928	+	208440	Dip2c
chr13	9684836	9765314	-	66505	Zmynd11
chr13	9876613	10360803	-	12671	Chrm3
chr13	11522052	11525682	+	664793	Zp4-ps
chr13	11553103	12106945	-	20191	Ryr2
chr13	12182717	12186488	-	328186	Gm10336
chr13	12186538	12258113	-	238505	Mtr
chr13	12269426	12340732	-	11472	Actn2
chr13	12395375	12440289	+	217995	Heatr1
chr13	12439402	12464942	-	56048	Lgals8
chr13	12471209	12520450	-	171211	Edaradd
chr13	12565883	12611396	+	67475	Ero1lb
chr13	12614065	12650395	-	664862	Gpr137b-ps
chr13	12790821	12800079	-	18812	Prl2c3
chr13	12996124	13005330	-	18811	Prl2c2
chr13	13182716	13191925	+	107849	Prl2c5
chr13	13357620	13393624	-	83924	Gpr137b
chr13	13437602	13512275	+	18073	Nid1
chr13	13590409	13777440	+	17101	Lyst
chr13	13784059	13827895	+	14706	Gng4
chr13	13954674	13999103	+	97884	B3galnt2
chr13	13997951	14039638	-	70430	Tbce
chr13	14050929	14063401	-	14593	Ggps1
chr13	14063784	14199603	+	94246	Arid4b
chr13	14226438	14523226	-	94253	Hecw1
chr13	14610301	14613037	-	75398	Mrpl32
chr13	14613242	14625673	+	19166	Psma2
chr13	14630245	14638202	+	105351	AW209491
chr13	15463235	15730026	+	14634	Gli3
chr13	15781664	15802630	-	71071	4933412O06Rik
chr13	15807243	15827537	+	328190	A530046M15Rik
chr13	15813548	16023423	-	100503142	B230303A05Rik
chr13	16011851	16027211	+	16323	Inhba
chr13	16857472	17694765	-	192136	Sugct
chr13	17695413	17699105	+	66308	Mplkip
chr13	17715962	17805097	-	69562	Cdk13
chr13	17747473	17747593	+	100316665	Mir466i
chr13	17880575	17944217	-	56044	Rala
chr13	17986640	17993351	-	67008	Yae1d1
chr13	18084947	18100202	-	73992	4930448F12Rik
chr13	18124960	18382044	-	218030	Pou6f2
chr13	18717292	18866811	+	218035	Vps41
chr13	18948351	19150919	+	218038	Amph
chr13	19357676	19395813	-	76205	Stard3nl
chr13	19462847	19504367	-	319466	9330199G10Rik
chr13	19591708	19619830	-	105298	Epdr1
chr13	19623175	19632994	+	20379	Sfrp4
chr13	19645078	19697760	-	73412	Nme8
chr13	19727417	19732951	-	319293	Gpr141b
chr13	19749682	19824257	-	353346	Gpr141
chr13	20090507	20608353	+	140580	Elmo1
chr13	20794113	21024254	+	27052	Aoah
chr13	21072349	21073299	-	258528	Olfr1370
chr13	21132777	21133730	+	18341	Olfr263
chr13	21142111	21143055	-	258527	Olfr1368
chr13	21179931	21194723	+	19720	Trim27
chr13	21286429	21292686	-	14780	Gpx5
chr13	21312203	21319624	+	75512	Gpx6
chr13	21346930	21347880	+	258526	Olfr1367
chr13	21362820	21372302	+	22758	Zscan12
chr13	21387004	21402755	-	72739	Zkscan3
chr13	21396578	21396638	-	102465568	Mir6942
chr13	21421275	21441058	-	319207	Pgbd1
chr13	21442175	21453727	-	432731	Zscan26
chr13	21445160	21445240	+	100316752	Mir1896
chr13	21467047	21468501	-	66707	Nkapl
chr13	21478849	21485507	+	544922	Zkscan4
chr13	21504316	21506524	-	100038371	Zfp389
chr13	21513221	21531114	-	93681	Zkscan8
chr13	21536974	21538027	-	258280	Olfr1366
chr13	21555040	21556020	-	404335	Olfr1535
chr13	21573510	21574454	-	258533	Olfr1364
chr13	21611020	21612004	-	258739	Olfr1362
chr13	21638580	21639521	-	218066	Olfr11
chr13	21658368	21659321	-	258534	Olfr1361
chr13	21674001	21674980	-	258536	Olfr1360
chr13	21703003	21703944	+	258067	Olfr1359
chr13	21715713	21716143	-	319185	Hist1h2bl
chr13	21716412	21716859	+	319191	Hist1h2ai
chr13	21717628	21718115	+	319152	Hist1h3h
chr13	21722044	21722526	+	319186	Hist1h2bm
chr13	21735034	21735456	+	319159	Hist1h4j
chr13	21750145	21750553	-	319160	Hist1h4k
chr13	21753377	21753912	-	319169	Hist1h2ak
chr13	21754123	21754553	+	319187	Hist1h2bn
chr13	21779832	21780625	-	56702	Hist1h1b
chr13	21782915	21783397	-	319153	Hist1h3i
chr13	21786772	21787218	-	319170	Hist1h2an
chr13	21787488	21789213	+	319188	Hist1h2bp
chr13	21810367	21810918	+	665433	Hist1h2ao
chr13	21811746	21812150	+	100041230	Hist1h4m
chr13	21831793	21832158	-	319161	Hist1h4n
chr13	21833024	21833475	-	319171	Hist1h2ap
chr13	21896918	21897049	-	100316716	Mir1983
chr13	21945094	21960485	+	193452	Zfp184
chr13	21981181	21988734	+	195236	Pom121l2
chr13	22002176	22009741	-	54373	Prss16
chr13	22035122	22035643	-	319168	Hist1h2ah
chr13	22035821	22036320	+	319184	Hist1h2bk
chr13	22040960	22041362	-	319158	Hist1h4i
chr13	22042478	22042949	-	319167	Hist1h2ag
chr13	22043230	22043658	+	319183	Hist1h2bj
chr13	22087878	22088804	+	252912	Vmn1r188
chr13	22101727	22102665	-	252906	Vmn1r189
chr13	22178686	22179582	-	632534	Vmn1r191
chr13	22187146	22188048	-	252907	Vmn1r192
chr13	22218861	22219820	-	171259	Vmn1r193
chr13	22244215	22245105	+	626299	Vmn1r194
chr13	22278317	22279404	+	171257	Vmn1r195
chr13	22293193	22294098	+	100312484	Vmn1r196
chr13	22327911	22328807	+	171278	Vmn1r197
chr13	22354346	22355248	+	171254	Vmn1r198
chr13	22382538	22383641	+	171247	Vmn1r199
chr13	22395029	22395967	+	171246	Vmn1r200
chr13	22441272	22442243	+	171245	Vmn1r-ps103
chr13	22474618	22475520	+	171255	Vmn1r201
chr13	22501337	22502245	-	171258	Vmn1r202
chr13	22524051	22524986	+	171270	Vmn1r203
chr13	22556201	22557109	+	632793	Vmn1r204
chr13	22591980	22592930	-	171251	Vmn1r205
chr13	22620097	22621035	-	171250	Vmn1r206
chr13	22725684	22726622	-	432735	Vmn1r207-ps
chr13	22772399	22773325	-	171252	Vmn1r208
chr13	22805580	22806518	-	432736	Vmn1r209
chr13	22827194	22828114	-	171269	Vmn1r210
chr13	22851599	22852495	-	171277	Vmn1r211
chr13	22883088	22884161	-	171275	Vmn1r212
chr13	23011249	23012403	+	171249	Vmn1r213
chr13	23034338	23035441	+	171248	Vmn1r214
chr13	23075792	23076694	+	171253	Vmn1r215
chr13	23099149	23100045	+	171279	Vmn1r216
chr13	23113834	23114730	-	171273	Vmn1r217
chr13	23136485	23137381	+	171256	Vmn1r218
chr13	23162643	23163581	+	171272	Vmn1r219
chr13	23183628	23184524	-	171271	Vmn1r220
chr13	23217373	23218311	+	100312485	Vmn1r221
chr13	23232115	23233041	-	171274	Vmn1r222
chr13	23249238	23250323	+	100036518	Vmn1r223
chr13	23276204	23313407	-	75322	4930557F10Rik
chr13	23278350	23282267	+	74061	4933404K08Rik
chr13	23313525	23385799	+	75887	4930586N03Rik
chr13	23353103	23369208	-	218100	Zfp322a
chr13	23418361	23423866	-	30946	Abt1
chr13	23427976	23431017	-	320842	C230035I16Rik
chr13	23456992	23465901	-	12231	Btn1a1
chr13	23477063	23488857	-	238555	Btn2a2
chr13	23531044	23531478	+	69386	Hist1h4h
chr13	23533911	23534378	+	319173	Hist1h2af
chr13	23535418	23535909	+	97908	Hist1h3g
chr13	23542923	23543444	-	319182	Hist1h2bh
chr13	23544052	23544954	+	260423	Hist1h3f
chr13	23551286	23551643	-	319157	Hist1h4f
chr13	23555032	23555807	+	14957	Hist1h1d
chr13	23561896	23562365	-	319151	Hist1h3e
chr13	23570663	23571220	-	319166	Hist1h2ae
chr13	23571400	23571863	+	319181	Hist1h2bg
chr13	23573760	23574190	-	319180	Hist1h2bf
chr13	23574381	23576266	+	319165	Hist1h2ad
chr13	23581602	23581969	+	319156	Hist1h4d
chr13	23583670	23621124	-	319179	Hist1h2be
chr13	23621777	23622558	-	50709	Hist1h1e
chr13	23683473	23683959	-	319164	Hist1h2ac
chr13	23684199	23692480	+	68024	Hist1h2bc
chr13	23695811	23696545	+	107970	Hist1h1t
chr13	23698084	23698458	-	319155	Hist1h4c
chr13	23703841	23710811	-	15216	Hfe
chr13	23738807	23739531	+	50708	Hist1h1c
chr13	23745042	23745521	-	319148	Hist1h3c
chr13	23746734	23747223	+	319178	Hist1h2bb
chr13	23751088	23751592	+	319172	Hist1h2ab
chr13	23752380	23752840	+	319150	Hist1h3b
chr13	23756937	23757386	+	326620	Hist1h4b
chr13	23760795	23761249	-	326619	Hist1h4a
chr13	23761885	23762386	-	360198	Hist1h3a
chr13	23763668	23764412	+	80838	Hist1h1a
chr13	23782541	23791528	+	214158	Trim38
chr13	23807027	23823525	+	218103	Slc17a2
chr13	23839434	23860714	+	105355	Slc17a3
chr13	23869018	23895730	+	20504	Slc17a1
chr13	23897889	23915007	-	319848	Slc17a4
chr13	23933725	23934156	-	319177	Hist1h2ba
chr13	23934462	23934913	+	319163	Hist1h2aa
chr13	23953456	23991214	-	214189	Scgn
chr13	24012481	24280790	-	68732	Carmil1
chr13	24327404	24477289	+	12763	Cmah
chr13	24582189	24733806	+	193385	Ripor2
chr13	24598124	24604767	-	76024	Gm11346
chr13	24751845	24761937	-	57441	Gmnn
chr13	24801657	24812899	+	79555	BC005537
chr13	24817955	24831489	-	66834	Acot13
chr13	24831659	24842153	+	56196	Tdp2
chr13	24845131	24901439	+	210108	D130043K22Rik
chr13	24905600	24911780	+	73326	4932702P03Rik
chr13	24907579	24937661	-	214579	Aldh5a1
chr13	24937401	24939049	+	493800	9330162012Rik
chr13	24943152	24991936	+	14756	Gpld1
chr13	24992295	25020317	-	380836	Mrs2
chr13	25056004	25210706	+	195208	Dcdc2a
chr13	25252039	25269996	-	22360	Nrsn1
chr13	25921033	25966316	-	100503530	Gm11351
chr13	26283159	26312406	-	73576	1700092E19Rik
chr13	26768172	26770165	-	15192	Hdgfl1
chr13	27057570	27065204	+	19109	Prl
chr13	27094189	27100260	+	18775	Prl3d1
chr13	27121704	27127482	+	215028	Prl3d2
chr13	27156799	27162520	+	215029	Prl3d3
chr13	27196660	27203749	+	27372	Prl3c1
chr13	27242430	27249740	+	18776	Prl3b1
chr13	27259489	27276660	+	67000	Prl3a1
chr13	27312627	27319252	+	19111	Prl6a1
chr13	27345673	27354216	+	13529	Prl8a2
chr13	27383345	27390846	-	66392	Prl2b1
chr13	27432681	27438688	-	19112	Prl8a6
chr13	27506968	27513217	-	74188	Prl8a8
chr13	27557995	27564606	-	67310	Prl8a9
chr13	27573922	27582171	-	73244	Prl8a1
chr13	27601819	27610582	-	75596	Prl7b1
chr13	27633364	27642493	-	19113	Prl7a1
chr13	27658584	27668036	-	19114	Prl7a2
chr13	27708998	27716737	-	18814	Prl7d1
chr13	27773495	27780804	-	67505	Prl7c1
chr13	27801655	27808716	+	56635	Prl2a1
chr13	27849342	27857708	+	666317	Prl2c1
chr13	28016223	28023546	+	19110	Prl4a1
chr13	28142484	28151595	+	28078	Prl5a1
chr13	28460034	28885422	-	72518	2610307P16Rik
chr13	28710781	28710873	-	102466635	Mir6368
chr13	28950716	28953682	-	20677	Sox4
chr13	29014414	29040336	+	77920	A330102I10Rik
chr13	29191746	29855673	-	68916	Cdkal1
chr13	29906575	29986063	-	13557	E2f3
chr13	30136490	30246694	+	218121	Mboat1
chr13	30336356	30382867	+	11607	Agtr1a
chr13	30540312	30545316	-	66694	Uqcrfs1
chr13	30615043	30624258	+	75090	4930519D14Rik
chr13	30660059	30711232	+	105352	Dusp22
chr13	30749258	30766927	+	16364	Irf4
chr13	30813918	30974047	-	66482	Exoc2
chr13	30946576	30947761	-	210554	Hus1b
chr13	31213410	31241086	-	73924	4930401O12Rik
chr13	31558170	31560976	+	15220	Foxq1
chr13	31565492	31625792	-	71307	1700018A04Rik
chr13	31625816	31631406	+	14238	Foxf2
chr13	31806646	31810635	+	17300	Foxc1
chr13	31819586	32338544	-	218138	Gmds
chr13	32700827	32781779	-	238564	Mylk4
chr13	32802030	32822610	+	78903	Wrnip1
chr13	32842092	32851185	-	66222	Serpinb1a
chr13	32881397	32898140	-	380839	Serpinb1c
chr13	32965513	32979037	+	20708	Serpinb6b
chr13	33004541	33017955	+	20723	Serpinb9
chr13	33027414	33040559	+	20706	Serpinb9b
chr13	33084103	33094380	+	282663	Serpinb1b
chr13	33149275	33159754	-	20707	Serpinb9c
chr13	33192959	33203980	+	20726	Serpinb9d
chr13	33249610	33260846	+	20710	Serpinb9e
chr13	33324077	33335370	+	20709	Serpinb9f
chr13	33484790	33496002	+	93806	Serpinb9g
chr13	33562486	33569317	-	619715	Gm6093
chr13	33661405	33671585	+	238568	Serpinb6d
chr13	33832345	33843408	-	435350	Serpinb6e
chr13	33879816	33905708	-	97848	Serpinb6c
chr13	33917918	34002794	-	20719	Serpinb6a
chr13	33936032	33960181	+	68808	1110046J04Rik
chr13	33964659	33988465	+	18105	Nqo2
chr13	34002397	34035170	+	19766	Ripk1
chr13	34037641	34074074	+	68021	Bphl
chr13	34074278	34078008	-	22151	Tubb2a
chr13	34084155	34113272	-	432745	4930447K03Rik
chr13	34127008	34130354	-	73710	Tubb2b
chr13	34162964	34178172	+	69666	Psmg4
chr13	34179158	34345182	-	73102	Slc22a23
chr13	34627841	34652681	-	66895	Pxdc1
chr13	34652923	34666774	+	101056149	Gm15908
chr13	34734850	34747622	+	108161	Fam50b
chr13	34875494	34906064	+	19134	Prpf4b
chr13	34909964	34919992	-	71864	Fam217a
chr13	34924409	34955875	+	66761	4933417A18Rik
chr13	34946614	34963809	-	69123	Eci3
chr13	34977748	34994144	-	23986	Eci2
chr13	35167146	35167804	-	75197	4930529N20Rik
chr13	35181623	35188014	+	100503727	1700011B04Rik
chr13	35210660	35212048	-	75543	1700019C18Rik
chr13	35659862	35874064	+	12593	Cdyl
chr13	35895104	35906347	-	208366	Rpp40
chr13	35967906	35970388	+	76487	Ppp1r3g
chr13	35978797	36117357	-	380840	Lyrm4
chr13	36117643	36537595	+	69955	Fars2
chr13	36725622	36734477	-	68404	Nrn1
chr13	36867178	37050244	-	74145	F13a1
chr13	37345345	37419036	+	17084	Ly86
chr13	37826038	37952005	+	68750	Rreb1
chr13	37966605	37994190	-	107513	Ssr1
chr13	38006052	38037069	-	71213	Cage1
chr13	38036989	38061433	+	71340	Riok1
chr13	38151294	38198577	+	109620	Dsp
chr13	38204939	38227663	+	67797	Snrnp48
chr13	38345716	38500314	+	12161	Bmp6
chr13	38460240	38461793	-	75854	4930579J19Rik
chr13	38500266	38528824	-	105245	Txndc5
chr13	38602706	38635109	-	17828	Bloc1s5
chr13	38645691	38659028	-	66143	Eef1e1
chr13	38932140	38960875	-	108652	Slc35b3
chr13	38960619	38966297	+	75958	5033403F01Rik
chr13	40001882	40361450	-	218165	Ofcc1
chr13	40715303	40734920	-	21418	Tfap2a
chr13	40727808	40735162	+	102633805	Gm26688
chr13	40859768	40960892	+	14538	Gcnt2
chr13	40956416	41001151	-	102633880	A730081D07Rik
chr13	41001010	41013033	+	68083	Pak1ip1
chr13	41016250	41022582	+	66154	Tmem14c
chr13	41025120	41079706	-	17152	Mak
chr13	41101427	41110183	-	107889	Gcm2
chr13	41114419	41174351	+	637277	Sycp2l
chr13	41182382	41220403	-	54326	Elovl2
chr13	41249844	41276577	+	108934	Smim13
chr13	41309916	41487360	-	18003	Nedd9
chr13	41606216	41641357	+	621976	Tmem170b
chr13	41763148	41847616	-	109254	Adtrp
chr13	41865915	41913092	+	100038577	Gm10790
chr13	42052021	42185026	+	110521	Hivep1
chr13	42301476	42307990	+	13614	Edn1
chr13	42680799	43138526	+	218194	Phactr1
chr13	43151740	43171501	-	67046	Tbc1d7
chr13	43195519	43304172	-	328232	Gfod1
chr13	43365535	43395203	+	68346	Sirt5
chr13	43398376	43402858	+	70078	Nol7
chr13	43402673	43480973	-	56705	Ranbp9
chr13	43538406	43560191	-	76137	Mcur1
chr13	43615797	43670944	+	328234	Rnf182
chr13	43716791	43719038	+	622552	Gm20751
chr13	43785112	43803133	+	12522	Cd83
chr13	44121167	44125179	+	328235	Gm5083
chr13	44188549	44216487	-	100503592	A330076C08Rik
chr13	44439727	44457567	+	69491	1700029N11Rik
chr13	44730774	44921643	+	16468	Jarid2
chr13	44922079	45002096	-	94245	Dtnbp1
chr13	45389742	45411940	+	218203	Mylip
chr13	45507444	45546386	+	66355	Gmpr
chr13	45549755	45964991	-	20238	Atxn1
chr13	46273721	46300115	+	380842	Stmnd1
chr13	46418300	46431099	+	666794	Rbm24
chr13	46501903	46650281	+	67252	Cap2
chr13	46669522	46675773	+	97863	Fam8a1
chr13	46679902	46727849	-	218210	Nup153
chr13	46749087	46929718	-	16553	Kif13a
chr13	47012557	47014850	-	105193	Nhlrc1
chr13	47023543	47043217	-	22017	Tpmt
chr13	47043499	47085279	+	218214	Kdm1b
chr13	47084767	47106221	-	110052	Dek
chr13	47122720	47247991	+	218215	Rnf144b
chr13	47143940	47148670	-	319467	A930002C04Rik
chr13	47910435	47934301	+	619327	G630093K05Rik
chr13	47960330	48018608	-	70971	4931429P17Rik
chr13	48044231	48262623	-	320614	A330033J07Rik
chr13	48261427	48264036	+	15904	Id4
chr13	48272418	48273884	-	320315	A330048O09Rik
chr13	48487659	48513436	-	67911	Zfp169
chr13	48536012	48536114	-	387247	Mirlet7d
chr13	48537829	48537917	-	387252	Mirlet7f-1
chr13	48538179	48538272	-	387244	Mirlet7a-1
chr13	48577869	48625672	-	218232	Ptpdc1
chr13	48663036	48666507	+	12022	Barx1
chr13	48801750	48870885	-	18676	Phf2
chr13	48879216	48967828	-	218236	Fam120a
chr13	48968112	48972033	+	68128	Fam120aos
chr13	49036302	49148328	-	75607	Wnk2
chr13	49187547	49196251	+	18081	Ninj1
chr13	49202951	49216026	-	68480	Card19
chr13	49230829	49248706	-	66329	Susd3
chr13	49263110	49320311	-	30938	Fgd3
chr13	49341549	49387026	+	76895	Bicd2
chr13	49421223	49463060	+	75678	Ippk
chr13	49464059	49652731	-	66336	Cenpp
chr13	49504810	49532789	+	407800	Ecm2
chr13	49544443	49567565	+	66695	Aspn
chr13	49582747	49592609	+	27047	Omd
chr13	49608071	49624500	+	18295	Ogn
chr13	49653078	49679016	+	70930	Nol8
chr13	49682130	49734267	+	105148	Iars
chr13	50245181	50250308	-	380882	Gm906
chr13	50417877	50433769	+	109082	Fbxw17
chr13	50467307	50475355	+	328250	Nutm2
chr13	50544626	50601080	-	751559	Mir683-1
chr13	50643228	50645838	+	380845	Gm904
chr13	50698329	50703409	+	667693	Gm8765
chr13	50753393	50765248	-	71654	4930518P08Rik
chr13	51097738	51100727	-	77428	9430083A17Rik
chr13	51100880	51152562	+	20729	Spin1
chr13	51171025	51175187	+	75124	Nxnl2
chr13	51200084	51203066	-	667728	Hist1h2al
chr13	51408618	51422797	+	13610	S1pr3
chr13	51431041	51567084	-	20418	Shc3
chr13	51645232	51650662	+	66197	Cks2
chr13	51651708	51684044	+	75420	Secisbp2
chr13	51701248	51793747	-	20354	Sema4d
chr13	51846675	51848475	+	23882	Gadd45g
chr13	52096741	52124160	+	74050	4921525O09Rik
chr13	52504375	52530836	-	68203	Diras2
chr13	52569880	52573225	-	100040572	Gm2848
chr13	52583437	52648792	+	20963	Syk
chr13	52729370	52757205	-	105404	BB123696
chr13	52835110	52929677	-	11992	Auh
chr13	52967209	52981039	-	18030	Nfil3
chr13	53109317	53286109	-	26564	Ror2
chr13	53332748	53377361	-	268656	Sptlc1
chr13	53393689	53455630	+	100040421	Gm2762
chr13	53466881	53472780	-	17702	Msx2
chr13	53635892	53639201	-	77398	9530014B07Rik
chr13	53648585	53650081	+	75252	4930555G21Rik
chr13	54051183	54055658	-	13488	Drd1
chr13	54071845	54108346	+	14057	Sfxn1
chr13	54192129	54222432	+	15466	Hrh2
chr13	54371349	54383917	+	12890	Cplx2
chr13	54458837	54468840	-	73666	Thoc3
chr13	54503805	54551290	+	319719	Simc1
chr13	54551192	54565382	-	97820	4833439L19Rik
chr13	54575013	54581128	+	56795	Arl10
chr13	54584191	54590074	-	28126	Nop16
chr13	54590231	54591147	+	67044	Higd2a
chr13	54592939	54611272	-	74325	Cltb
chr13	54621784	54664063	+	76577	Faf2
chr13	54679399	54693960	-	105239	Rnf44
chr13	54701463	54736662	+	268663	Cdhr2
chr13	54736671	54749874	-	26913	Gprin1
chr13	54758860	54766440	-	104069	Sncb
chr13	54783998	54788459	+	218268	Eif4e1b
chr13	54789405	54796775	+	74257	Tspan17
chr13	54949411	55006018	+	107448	Unc5a
chr13	55005985	55021385	-	212032	Hk3
chr13	55027880	55100300	-	20184	Uimc1
chr13	55105309	55135071	+	26919	Zfp346
chr13	55152818	55168759	+	14186	Fgfr4
chr13	55209782	55318325	+	18193	Nsd1
chr13	55319223	55321980	-	19336	Rab24
chr13	55322055	55325272	+	66494	Prelid1
chr13	55325168	55329730	-	17121	Mxd3
chr13	55343833	55362783	-	66890	Lman2
chr13	55369732	55384687	+	51791	Rgs14
chr13	55399648	55414695	+	20505	Slc34a1
chr13	55414688	55415232	-	75477	Pfn3
chr13	55417958	55426804	-	58992	F12
chr13	55445072	55460927	+	26385	Grk6
chr13	55453106	55453171	+	102466770	Mir6943
chr13	55464267	55473155	+	432763	Prr7
chr13	55473428	55488076	-	56320	Dbn1
chr13	55477681	55477776	-	102465569	Mir6944
chr13	55495795	55513446	-	67399	Pdlim7
chr13	55507625	55507692	-	102465570	Mir6945
chr13	55523235	55528556	-	27261	Dok3
chr13	55530410	55536658	-	72935	Ddx41
chr13	55539316	55571120	-	212483	Fam193b
chr13	55592952	55597697	+	67511	Tmed9
chr13	55599896	55610443	+	218271	B4galt7
chr13	55623005	55632416	+	12328	Caml
chr13	55634999	55681267	+	212880	Ddx46
chr13	55693124	55703500	+	78521	B230219D22Rik
chr13	55714650	55726227	+	69672	Txndc15
chr13	55727368	55776830	+	72562	Pcbd2
chr13	55784579	55809000	+	76856	Catsper3
chr13	55825054	55831425	-	18740	Pitx1
chr13	56073622	56135550	-	26914	H2afy
chr13	56173703	56178885	-	212937	Tifab
chr13	56222224	56243940	-	75245	4930550C17Rik
chr13	56250492	56252163	-	18014	Neurog1
chr13	56288643	56296551	-	57266	Cxcl14
chr13	56362900	56368857	+	100038494	Gm10782
chr13	56438355	56472363	+	328258	Slc25a48
chr13	56479277	56482246	-	16198	Il9
chr13	56522508	56537786	+	213311	Fbxl21
chr13	56542460	56548538	-	16841	Lect2
chr13	56609603	56639339	+	21810	Tgfbi
chr13	56703010	56742378	+	17129	Smad5
chr13	56773098	56895789	-	26946	Trpc7
chr13	57421195	57908332	-	20745	Spock1
chr13	58004957	58102428	-	100503085	Klhl3
chr13	58023125	58023200	-	100124491	Mir874
chr13	58125879	58128556	-	77134	Hnrnpa0
chr13	58146949	58148975	+	67339	1700066J03Rik
chr13	58157649	58164693	+	75731	Idnk
chr13	58176156	58215653	-	56085	Ubqln1
chr13	58233351	58274188	-	56278	Gkap1
chr13	58287516	58354862	-	75050	Kif27
chr13	58313044	58313149	-	102465191	Mir6369
chr13	58380046	58385225	-	70153	2210016F16Rik
chr13	58391132	58403343	-	15387	Hnrnpk
chr13	58392779	58392886	-	723902	Mir7-1
chr13	58402248	58411149	+	74386	Rmi1
chr13	58553307	58610877	-	114304	Slc28a3
chr13	58741074	58762311	-	67585	4930455J16Rik
chr13	58806569	59133970	+	18212	Ntrk2
chr13	59449535	59557347	-	67269	Agtpbp1
chr13	59580176	59585223	-	319469	A230056J06Rik
chr13	59585333	59634798	+	78689	Naa35
chr13	59634996	59675784	-	105348	Golm1
chr13	59687402	59694101	-	70900	4921517D22Rik
chr13	59700083	59706197	-	72219	Spata31d1a
chr13	59712284	59719289	+	238662	Spata31d1b
chr13	59725925	59731752	-	238663	Spata31d1d
chr13	59733650	59737470	+	75223	4930528D03Rik
chr13	59755415	59769789	-	69046	Isca1
chr13	59769966	59773680	+	13996	Etohd2
chr13	59771879	59823147	-	214290	Tut7
chr13	60029711	60116669	+	328263	A530065N20Rik
chr13	60174405	60177535	-	14451	Gas1
chr13	60205471	60216018	+	100503759	Gm5084
chr13	60601947	60763191	+	69635	Dapk1
chr13	60781887	60786364	-	218275	BC051665
chr13	60798250	60802844	-	70202	Ctsll3
chr13	60842612	60864416	-	214639	4930486L24Rik
chr13	60895351	60897447	-	13025	Ctla2b
chr13	60901295	60904847	-	116913	Tpbpb
chr13	60934155	60936625	-	13024	Ctla2a
chr13	60938692	60941935	-	21984	Tpbpa
chr13	61000278	61005914	-	26898	Ctsj
chr13	61035038	61040597	-	104002	Ctsq
chr13	61159215	61164188	-	56835	Ctsr
chr13	61195147	61203392	-	58518	Cts6
chr13	61246747	61255348	-	56094	Cts8
chr13	61281380	61288850	-	116911	Cts8-ps
chr13	61352461	61358170	-	56092	Cts7
chr13	61536444	61541839	-	64139	Ctsm
chr13	61564630	61570127	-	117066	Cts3
chr13	61771580	61787282	+	432812	BC052688
chr13	61804312	62236154	+	630579	Zfp808
chr13	62367716	62383174	-	100041979	Gm3604
chr13	62453016	62558599	-	71508	Zfp935
chr13	62516797	62558599	-	77117	Zfp934
chr13	62603015	62624182	-	211378	6720489N17Rik
chr13	62760739	62760846	+	751548	Mir713
chr13	62772200	62785808	-	380850	Gm5141
chr13	62836885	62858370	-	14120	Fbp2
chr13	62864753	62888282	-	14121	Fbp1
chr13	62964893	63326096	+	72061	2010111I01Rik
chr13	63289154	63297147	-	100504114	Gm16907
chr13	63300484	63300557	+	387217	Mir23b
chr13	63300712	63300784	+	387221	Mir27b
chr13	63301199	63301283	-	100526474	Mir3074-1
chr13	63301208	63301275	+	387142	Mir24-1
chr13	63304709	63431745	-	14088	Fancc
chr13	63508336	63565520	-	19206	Ptch1
chr13	63675756	63734298	-	75522	1700024I08Rik
chr13	63815320	63900302	+	76251	Ercc6l2
chr13	64058274	64089201	-	15487	Hsd17b3
chr13	64096310	64129330	-	70484	Slc35d2
chr13	64133057	64153199	-	238673	Zfp367
chr13	64161866	64186537	+	56541	Habp4
chr13	64189272	64274988	-	218294	Cdc14b
chr13	64248700	64268145	+	66503	1810034E14Rik
chr13	64291836	64312710	-	66129	Aaed1
chr13	64361890	64370520	-	13039	Ctsl
chr13	64432553	64439721	+	105278	Cdk20
chr13	64481246	64497792	-	68880	Fam240b
chr13	64737591	64903888	-	238680	Cntnap3
chr13	64917406	64923195	+	78124	Spata31
chr13	65033058	65038004	+	238683	Spata31d1c
chr13	65065030	65112982	-	66631	Mfsd14b
chr13	65152226	65153152	+	258816	Olfr466
chr13	65177111	65205968	-	97895	Nlrp4f
chr13	65278854	65297795	+	170936	Zfp369
chr13	66113453	66122836	+	628709	Gm10324
chr13	66369085	66752929	-	76803	2410141K09Rik
chr13	66900621	66905350	-	67530	Uqcrb
chr13	66904914	66909166	+	100038538	Gm10767
chr13	66912095	66933072	-	66410	Mterf3
chr13	66932830	66998401	+	19210	Ptdss1
chr13	66996818	67032405	-	71226	4933433G19Rik
chr13	67038594	67061170	-	78251	Zfp712
chr13	67069398	67108604	-	432769	Zfp708
chr13	67096613	67114028	-	432770	Rslcan18
chr13	67128228	67141787	+	268670	Zfp759
chr13	67173182	67183499	+	380855	Rsl1
chr13	67194506	67209298	+	218311	Zfp455
chr13	67254918	67278466	-	238690	Zfp458
chr13	67278594	67283361	+	100038627	F630042J09Rik
chr13	67292450	67306412	-	431706	Zfp457
chr13	67312998	67360572	-	218314	Zfp595
chr13	67339309	67360572	-	629016	Zfp953
chr13	67363584	67375763	-	408065	Zfp456
chr13	67389327	67399767	-	72807	Zfp429
chr13	67405712	67421418	-	328274	Zfp459
chr13	67424549	67451624	-	238692	Zfp874a
chr13	67471513	67484253	-	408067	Zfp874b
chr13	67490167	67526231	-	238693	Zfp58
chr13	67515781	67526231	-	170763	Zfp87
chr13	67538641	67553152	-	212276	Zfp748
chr13	67553202	67570892	+	77857	9430065F17Rik
chr13	67589439	67609707	-	100416706	Zfp729b
chr13	67617001	67637753	-	212281	Zfp729a
chr13	67667441	67683512	-	408068	Zfp738
chr13	67705306	67729173	-	235907	Zfp65
chr13	67729262	67756838	+	68271	Zfp85os
chr13	67747800	67755134	-	22746	Zfp85
chr13	67779693	67789082	+	72958	Zfp493
chr13	67796594	67830985	-	320163	4930525G20Rik
chr13	67813816	67827000	+	212569	Zfp273
chr13	67831106	67843292	+	102637366	Gm10037
chr13	67863326	67863923	+	408058	BC048507
chr13	68353364	68356825	-	666272	Gm8016
chr13	68560780	68582169	-	210009	Mtrr
chr13	68582248	68592279	+	69577	Fastkd3
chr13	68597439	68614231	+	69315	1700001L19Rik
chr13	68620043	68999541	-	210044	Adcy2
chr13	69497959	69533864	-	210106	Tent4a
chr13	69573449	69611463	-	78925	Srd5a1
chr13	69612016	69635780	+	28114	Nsun2
chr13	69702832	69739897	-	76980	Ube2ql1
chr13	69809882	69816094	+	28077	Med10
chr13	69959833	69963437	+	67550	4933416O17Rik
chr13	70004050	70028348	-	74280	1700084F23Rik
chr13	70021959	70119949	+	100042291	Gm3772
chr13	70232822	70248122	+	75086	4930520P13Rik
chr13	70573241	70576104	+	73584	1700100L14Rik
chr13	70588689	70637634	-	218333	Ice1
chr13	70727808	70841810	-	271127	Adamts16
chr13	70882948	70884503	+	77166	8030423J24Rik
chr13	71107089	71107209	+	100316804	Mir466f-4
chr13	71958232	71963723	-	16371	Irx1
chr13	72623466	72628564	-	328287	Gm20554
chr13	72628797	72634196	+	16372	Irx2
chr13	72809601	72816763	-	78446	D730050B12Rik
chr13	73206091	73229100	-	75361	4930555K05Rik
chr13	73260497	73269620	+	50916	Irx4
chr13	73319876	73328482	-	407785	Ndufs6
chr13	73331009	73332178	+	94066	Mrpl36
chr13	73344665	73347384	-	432777	Eprn
chr13	73467383	73514538	+	210992	Lpcat1
chr13	73536747	73578672	+	13162	Slc6a3
chr13	73604002	73620639	+	218335	Clptm1l
chr13	73627001	73649041	+	21752	Tert
chr13	73661750	73678023	-	22598	Slc6a18
chr13	73681157	73700695	-	74338	Slc6a19
chr13	73699826	73709856	+	71390	Slc6a19os
chr13	73733094	73816743	+	20499	Slc12a7
chr13	73819328	73847631	-	72293	Nkd2
chr13	73912462	73937767	-	69716	Trip13
chr13	73937811	73960889	+	105246	Brd9
chr13	73963862	73992840	+	71164	Zdhhc11
chr13	74009419	74035753	+	72948	Tppp
chr13	74036495	74062285	-	74470	Cep72
chr13	74121515	74169441	+	105243	Slc9a3
chr13	74169805	74208700	-	211446	Exoc3
chr13	74211118	74292331	-	11624	Ahrr
chr13	74303121	74317326	-	18570	Pdcd6
chr13	74322255	74350240	-	66945	Sdha
chr13	74350317	74365783	+	67433	Ccdc127
chr13	74359582	74364000	-	432779	Lrrc14b
chr13	74371426	74376566	-	238722	Zfp72
chr13	74480057	74493950	-	235956	Zfp825
chr13	74639872	74691875	+	80898	Erap1
chr13	74693294	74808760	-	12380	Cast
chr13	75089987	75132498	+	18548	Pcsk1
chr13	75645046	75645141	+	751556	Mir682
chr13	75707484	75772361	+	192657	Ell2
chr13	75839886	75850151	+	93692	Glrx
chr13	75869537	75943824	-	73296	Rhobtb3
chr13	75967739	75998968	+	75571	Spata9
chr13	76001535	76018712	-	218341	Rfesd
chr13	76054851	76056996	-	238725	Gpr150
chr13	76060422	76098660	-	77041	Arsk
chr13	76098734	76190106	+	218343	Ttc37
chr13	76384961	77031810	+	78771	Mctp1
chr13	77043088	77135468	-	105377	Slf1
chr13	77135536	77613679	+	72371	2210408I21Rik
chr13	77708690	78166240	+	68675	Fam172a
chr13	78024902	78026296	+	75507	Pou5f2
chr13	78188973	78198982	-	13865	Nr2f1
chr13	78198017	78236564	+	320174	A830082K12Rik
chr13	80883422	80896042	+	105171	Arrdc3
chr13	80940403	80948597	+	71416	5430425K12Rik
chr13	80964074	81126424	+	319983	9330111N05Rik
chr13	81095068	81633144	-	110789	Adgrv1
chr13	81657806	81671892	+	80289	Lysmd3
chr13	81673837	81711013	-	67486	Polr3g
chr13	81711417	81753275	+	72852	Mblac2
chr13	81783292	81797157	+	12626	Cetn3
chr13	82698275	82698333	-	100628621	Mir3961
chr13	83504034	83667079	+	17260	Mef2c
chr13	83721556	83741244	+	320203	C130071C03Rik
chr13	83738814	83738885	+	723967	Mir9-2
chr13	83891208	83928710	+	72677	2810049E08Rik
chr13	84025297	84064774	-	553095	Gm17750
chr13	84219581	84222175	-	320919	A230107N01Rik
chr13	84222296	84295966	+	72745	Tmem161b
chr13	85189477	85213723	+	66671	Ccnh
chr13	85214699	85289486	-	218397	Rasa1
chr13	86044798	86046795	-	12867	Cox7c
chr13	88821472	89323225	+	13612	Edil3
chr13	89540636	89611832	+	12950	Hapln1
chr13	89655310	89742512	-	13003	Vcan
chr13	89848914	90089608	-	108138	Xrcc4
chr13	90089667	90114921	+	66074	Tmem167
chr13	90883449	90905355	-	435376	Atp6ap1l
chr13	90923122	90924732	+	66475	Rps23
chr13	90935349	91223987	-	66795	Atg10
chr13	91368990	91388085	-	320297	A830009L08Rik
chr13	91461097	91706175	+	66970	Ssbp2
chr13	91701665	91741872	-	373852	4833422C13Rik
chr13	91741521	91786148	+	74156	Acot12
chr13	91796533	91807696	-	69085	Zcchc9
chr13	91853387	91876885	-	76722	Ckmt2
chr13	91880407	92131494	-	19418	Rasgrf2
chr13	92211878	92355003	-	17686	Msh3
chr13	92354783	92389053	+	13361	Dhfr
chr13	92425969	92441658	+	218440	Ankrd34b
chr13	92449620	92484031	-	73942	Fam151b
chr13	92487749	92530810	-	218441	Zfyve16
chr13	92574631	92576232	-	79401	Spz1
chr13	92611138	92711947	+	218442	Serinc5
chr13	92751586	92794818	-	21828	Thbs4
chr13	92844787	92858230	+	382793	Mtx3
chr13	93040713	93144724	-	76469	Cmya5
chr13	93073304	93074755	+	100502942	Gm4814
chr13	93094833	93098968	+	408254	A630019I02Rik
chr13	93147400	93192283	-	100715	Tent2
chr13	93304495	93405129	+	26556	Homer1
chr13	93430097	93499808	-	57748	Jmy
chr13	93616891	93637758	-	12116	Bhmt
chr13	93656097	93674302	-	64918	Bhmt2
chr13	93674436	93752823	+	74129	Dmgdh
chr13	93706100	93719175	-	105364	AW495222
chr13	93771679	93943016	+	11881	Arsb
chr13	93790777	93790837	+	100885837	Mir5624
chr13	94057796	94195409	+	218454	Lhfpl2
chr13	94201433	94285831	-	107767	Scamp1
chr13	94356747	94358923	-	328309	Gm9776
chr13	94358960	94566316	+	11774	Ap3b1
chr13	94788943	94842899	+	21371	Tbca
chr13	94875627	94883681	+	18420	Otp
chr13	94976344	95023316	+	218460	Wdr41
chr13	95024105	95250304	-	218461	Pde8b
chr13	95323605	95337842	+	72114	Zbed3
chr13	95330611	95330736	+	100217450	Snora47
chr13	95350683	95375357	-	66549	Aggf1
chr13	95431376	95444831	-	12919	Crhbp
chr13	95477301	95478655	-	268686	S100z
chr13	95511718	95525240	-	14063	F2rl1
chr13	95601789	95618433	-	14062	F2r
chr13	95627177	95891922	-	544963	Iqgap2
chr13	95696920	95702768	+	14064	F2rl2
chr13	95959443	96132577	-	75209	Sv2c
chr13	96388294	96415587	+	67463	Poc5
chr13	96416134	96471160	-	271144	Ankdd1b
chr13	96480689	96542485	-	27015	Polk
chr13	96542735	96640167	+	68018	Col4a3bp
chr13	96648962	96670936	-	15357	Hmgcr
chr13	96924689	96950914	+	218476	Gcnt4
chr13	97021864	97035254	-	66479	1700029F12Rik
chr13	97067287	97129522	+	320557	Fam169a
chr13	97129427	97137926	-	59050	Nsa2
chr13	97137937	97181196	+	320806	Gfm2
chr13	97176331	97198357	-	15212	Hexb
chr13	97241105	97253040	+	13803	Enc1
chr13	97434970	97497664	+	100039691	Lncenc1
chr13	97560000	97583994	+	328314	Gm5086
chr13	97733498	97747411	-	403201	5330416C01Rik
chr13	97898595	98206439	-	110596	Arhgef28
chr13	98246845	98262992	-	105372	Utp15
chr13	98263076	98274754	+	68558	Ankra2
chr13	98309897	98317006	-	218490	Btf3
chr13	98317116	98324415	+	105246056	Gm9828
chr13	98354245	98356705	+	15229	Foxd1
chr13	98424110	98435065	-	70090	2310005E17Rik
chr13	98634978	98637410	-	68344	Tmem174
chr13	98686238	98694831	-	380863	Tmem171
chr13	98723406	98815449	-	218503	Fcho2
chr13	98842081	98926384	-	238799	Tnpo1
chr13	98984090	98984565	-	69382	1700024P04Rik
chr13	99076528	99087921	-	69603	2310020H05Rik
chr13	99184823	99247032	+	238803	Zfp366
chr13	99319649	99344678	-	68927	Ptcd2
chr13	99344786	99415561	+	218506	Mrps27
chr13	99410836	99412826	-	320893	6430562O15Rik
chr13	99421464	99516602	-	17755	Map1b
chr13	99898483	99900683	-	27220	Cartpt
chr13	99948532	100015639	-	78038	Mccc2
chr13	100017994	100104070	-	544971	Bdp1
chr13	100108019	100114233	+	20365	Serf1
chr13	100123205	100137698	+	20595	Smn1
chr13	100144063	100202122	-	17948	Naip2
chr13	100211739	100247336	-	17951	Naip5
chr13	100281121	100316675	-	17952	Naip6
chr13	100283549	100316675	-	53880	Naip7
chr13	100407770	100452864	-	17940	Naip1
chr13	100460230	100492609	-	23894	Gtf2h2
chr13	100497367	100552623	-	18260	Ocln
chr13	100595957	100616971	-	218518	Marveld2
chr13	100617164	100651061	-	19356	Rad17
chr13	100651343	100656060	+	108143	Taf9
chr13	100651343	100666415	+	102216272	Ak6
chr13	100669481	100697240	+	76041	Ccdc125
chr13	100697024	100730942	-	12572	Cdk7
chr13	100735940	100744659	-	66128	Mrps36
chr13	100759686	100775899	-	26886	Cenph
chr13	100778739	100786486	-	268697	Ccnb1
chr13	100802648	100833427	-	69048	Slc30a5
chr13	101232127	101247551	+	328324	5930438M14Rik
chr13	101254319	101293396	+	71174	4933416M06Rik
chr13	101391871	101397580	-	78136	4922502H24Rik
chr13	101680761	101768217	-	18708	Pik3r1
chr13	102693558	102706631	+	17079	Cd180
chr13	102732488	103334492	-	328329	Mast4
chr13	102760255	102761896	+	76624	1700099I09Rik
chr13	103591395	103707633	-	102632492	Gm30551
chr13	103741615	103774608	-	218543	Srek1
chr13	103818786	103920586	-	59079	Erbin
chr13	104023439	104109614	-	75805	Nln
chr13	104109790	104141452	+	218544	Sgtb
chr13	104142153	104178466	-	66975	Trappc13
chr13	104178839	104202048	+	81003	Trim23
chr13	104205121	104228844	-	238831	Ppwd1
chr13	104228611	104252392	+	60411	Cenpk
chr13	104287835	104496695	+	108154	Adamts6
chr13	104631327	104816953	-	67285	Cwc27
chr13	104817170	104838676	+	67288	Srek1ip1
chr13	104845283	104863893	-	77803	Shisal2b
chr13	104947153	105054930	-	52882	Rgs7bp
chr13	105082122	105121782	+	66763	4933425L06Rik
chr13	105130575	105294818	-	71816	Rnf180
chr13	105443693	105448133	+	15550	Htr1a
chr13	106794439	106936915	-	76582	Ipo11
chr13	106947129	106960224	+	66254	Dimt1
chr13	106960585	107022114	-	16563	Kif2a
chr13	107022570	107055497	+	100040322	3830408C21Rik
chr13	107469822	107479188	+	105120	AI197445
chr13	107687397	107692168	+	72257	1700006H21Rik
chr13	107724617	107890064	-	67263	Zswim6
chr13	108044474	108049146	+	75616	Smim15
chr13	108052589	108158625	-	75597	Ndufaf2
chr13	108158738	108194981	+	71991	Ercc8
chr13	108214404	108287109	+	74559	Elovl7
chr13	108316337	108389557	+	218581	Depdc1b
chr13	108654105	109955969	+	238871	Pde4d
chr13	109324744	109324824	+	100124489	Mir582
chr13	109903809	109903888	+	100316683	Mir1904
chr13	110054187	110280996	-	67295	Rab3c
chr13	110352615	110357172	-	238875	Gapt
chr13	110395044	110400844	+	20620	Plk2
chr13	110882411	110903846	-	102636142	4930526H09Rik
chr13	110903499	110908280	+	75139	Gm38397
chr13	111211469	111229431	-	73129	3110015C05Rik
chr13	111255013	111257749	+	238880	Actbl2
chr13	111425680	111490041	-	73274	Gpbp1
chr13	111686178	111718594	+	218613	Mier3
chr13	111746433	111808983	-	26401	Map3k1
chr13	111867936	111871937	+	102636620	Gm15326
chr13	112288451	112384002	+	77318	Ankrd55
chr13	112464070	112506860	+	16195	Il6st
chr13	112519898	112594360	-	218624	Il31ra
chr13	112598333	112652310	-	13206	Ddx4
chr13	112660766	112738752	+	268706	Slc38a9
chr13	112800777	112867894	+	19012	Plpp1
chr13	112867780	112927380	-	72198	Mtrex
chr13	112927793	112969187	+	218629	Dhx29
chr13	112987802	112990778	+	218630	Ccno
chr13	112993868	113000394	+	622408	Mcidas
chr13	113035379	113091135	+	238896	Cdc20b
chr13	113035983	113036091	+	735309	Mir449c
chr13	113037419	113037498	+	100190765	Mir449b
chr13	113037534	113037624	+	723868	Mir449a
chr13	113042763	113046388	-	69590	Gpx8
chr13	113093827	113100981	-	14938	Gzma
chr13	113136076	113144012	+	76720	1700084D21Rik
chr13	113171874	113180897	-	14945	Gzmk
chr13	113209659	113218104	+	71690	Esm1
chr13	113446288	113502844	-	70917	4921509O07Rik
chr13	113592179	113618564	-	170625	Snx18
chr13	113662896	113663676	-	56534	Hspb3
chr13	113794508	114157461	+	218639	Arl15
chr13	114124348	114151592	-	319803	A430090L17Rik
chr13	114287795	114388094	-	17993	Ndufs4
chr13	114452262	114458951	-	14313	Fst
chr13	114586513	114607084	-	74909	4930467J12Rik
chr13	114607228	114697822	+	75161	4930544M13Rik
chr13	114818237	114829420	+	17434	Mocs2
chr13	114835912	114932041	-	16398	Itga2
chr13	114958079	115101964	-	109700	Itga1
chr13	115088355	115101964	-	105083	Pelo
chr13	116298270	116309688	-	16392	Isl1
chr13	116854824	117025516	-	52552	Parp8
chr13	117130025	117135884	+	623312	Gm6416
chr13	117220573	117274415	+	13723	Emb
chr13	117602320	117981028	+	15165	Hcn1
chr13	117706764	117720011	-	71100	4933413L06Rik
chr13	118380110	118387252	-	59054	Mrps30
chr13	118556168	118588629	+	75890	1700003P14Rik
chr13	118603410	118658743	-	100038690	Gm10732
chr13	118714699	118792573	+	14165	Fgf10
chr13	119335527	119409257	-	18115	Nnt
chr13	119428600	119460323	+	218693	Paip1
chr13	119462759	119486117	+	67392	4833420G17Rik
chr13	119487257	119488384	-	67304	3110070M22Rik
chr13	119488039	119610459	+	633640	Tmem267
chr13	119623819	119654359	+	56838	Ccl28
chr13	119680042	119681582	+	73480	1700074H08Rik
chr13	119690351	119708260	+	208715	Hmgcs1
chr13	119710094	119755882	-	245269	Nim1k
chr13	119765186	119791122	-	72465	Zfp131
chr13	119827961	119830217	-	380878	AF067063
chr13	119893387	119894785	-	54382	Tcstv1
chr13	119912035	119913468	-	106029237	Gm21761
chr13	119949357	119950806	-	333467	B020031M17Rik
chr13	120034605	120052204	-	100861753	Gm21188
chr13	120140246	120155335	+	639910	Gm20767
chr13	120263095	120264517	+	236546	AF067061
chr13	120300392	120308843	+	625360	BC147527
chr13	120316862	120318261	+	236219	Tcstv3
chr14	3049285	3136967	+	100040671	Gm2897
chr14	3188284	3350157	+	544990	Gm5795
chr14	3208493	3855818	+	320333	D830030K20Rik
chr14	3262402	3744808	+	73549	1700110I01Rik
chr14	3395093	3642951	+	100041774	Gm10413
chr14	3412614	3672140	+	100041530	Gm10409
chr14	3428068	3966517	+	100040880	Gm3020
chr14	3449312	3459281	+	100041840	Gm10408
chr14	3814913	3830683	+	100040852	Gm3002
chr14	3963004	4131858	+	545007	Gm5796
chr14	4334763	4741864	+	554327	2610042L04Rik
chr14	4871156	4875851	+	100041306	Gm3264
chr14	5050629	5059243	+	108978	4930555G01Rik
chr14	5163642	5522929	+	666329	Gm3317
chr14	5253907	6757057	-	100041515	Gm3383
chr14	5365792	5807939	-	100041678	Gm3500
chr14	6017418	6885012	-	100861615	LOC100861615
chr14	6735683	6875160	-	100041151	Gm3636
chr14	6739362	7169750	-	100042149	Gm3696
chr14	6739362	7315037	-	100038847	Gm10406
chr14	7323988	7332395	-	545013	Gm5797
chr14	7375270	7412437	-	74715	4930521O11Rik
chr14	7412473	7422685	+	68308	4933406F09Rik
chr14	7471005	7568566	-	100041874	Gm3558
chr14	7817957	7951588	+	286940	Flnb
chr14	7965187	7994182	-	13421	Dnase1l3
chr14	8002902	8056555	+	66082	Abhd6
chr14	8080313	8091846	+	67053	Rpp14
chr14	8098213	8165111	+	218699	Pxk
chr14	8165991	8172992	-	68263	Pdhb
chr14	8214081	8223570	+	71393	Kctd6
chr14	8225511	8259019	-	93732	Acox2
chr14	8296278	8317565	-	268709	Fam107a
chr14	8348948	8378763	-	18300	Oit1
chr14	8431172	8666290	-	74430	4930452B06Rik
chr14	8666390	8673378	+	74859	4930455B14Rik
chr14	9550094	11162035	-	14198	Fhit
chr14	9884095	9886868	+	100042415	Mnd1-ps
chr14	10738553	10779001	+	547334	Fhitos
chr14	11282477	11282561	+	102466641	Mir5124b
chr14	11553553	12242039	+	19270	Ptprg
chr14	12284203	12303231	+	218734	3830406C13Rik
chr14	12341892	12345865	-	54713	Fezf2
chr14	12372563	12823079	-	27062	Cadps
chr14	13157388	13284638	-	328354	Gm5087
chr14	13284780	13615469	+	72003	Synpr
chr14	13670876	13683148	+	218739	Sntn
chr14	13949012	13961313	-	66231	Thoc7
chr14	14012491	14107302	+	246103	Atxn7
chr14	14112185	14120904	-	66413	Psmd6
chr14	14175130	14176080	-	258387	Olfr720
chr14	14328113	14329066	+	18330	Olfr31
chr14	14346495	14355490	+	16188	Il3ra
chr14	14703025	14799943	+	218756	Slc4a7
chr14	14820815	15006693	+	674895	Nek10
chr14	15357515	15438987	-	218763	Lrrc3b
chr14	15438184	15452445	+	77981	B230110C06Rik
chr14	16238659	16249808	-	71147	Oxsm
chr14	16249314	16311926	+	59007	Ngly1
chr14	16365206	16430787	+	21974	Top2b
chr14	16430839	17082331	-	218772	Rarb
chr14	17660960	18038088	+	21834	Thrb
chr14	18204056	18239106	-	353187	Nr1d2
chr14	18267823	18270986	-	66480	Rpl15
chr14	18271136	18284003	+	69721	Nkiras1
chr14	18282729	18331844	-	22194	Ube2e1
chr14	18573577	18893627	-	218793	Ube2e2
chr14	19594138	19602587	-	432825	Gm5458
chr14	19751257	19811787	+	18074	Nid2
chr14	19811402	19823823	-	68045	Rtraf
chr14	19838925	19844677	+	52512	D14Ertd670e
chr14	19872559	19977249	-	14702	Gng2
chr14	20075636	20083172	-	67509	Saysd1
chr14	20140058	20181782	-	16529	Kcnk5
chr14	20262756	20269162	-	74571	Kcnk16
chr14	20294690	20317575	+	67725	Nudt13
chr14	20319859	20348121	-	70601	Ecd
chr14	20348162	20383491	+	105428	Fam149b
chr14	20384638	20388910	-	108671	Dnajc9
chr14	20391231	20393555	-	66242	Mrps16
chr14	20394190	20452225	-	76670	Cfap70
chr14	20455261	20480133	-	11750	Anxa7
chr14	20482864	20496901	-	74843	Mss51
chr14	20499364	20546573	-	19056	Ppp3cb
chr14	20546293	20570680	+	75602	1810062O18Rik
chr14	20548912	20618354	-	78787	Usp54
chr14	20649102	20656540	-	59011	Myoz1
chr14	20658948	20668354	-	68760	Synpo2l
chr14	20674321	20694850	+	218811	Sec24c
chr14	20690635	20690703	+	102465571	Mir6946
chr14	20694968	20700197	+	73068	Fut11
chr14	20702012	20703099	-	76133	6230400D17Rik
chr14	20703027	20704425	+	66121	Chchd1
chr14	20707552	20723619	+	268721	Zswim8
chr14	20723730	20734562	-	17423	Ndst2
chr14	20734873	20794088	-	12325	Camk2g
chr14	20794239	20796551	+	102631887	Gm30108
chr14	20836662	20843388	+	18792	Plau
chr14	20929433	21033673	+	22330	Vcl
chr14	21033742	21052442	-	55946	Ap3m1
chr14	21052574	21448569	+	11534	Adk
chr14	21499770	21672478	+	54169	Kat6b
chr14	21676572	21714576	-	435391	Dupd1
chr14	21733395	21748622	-	27389	Dusp13
chr14	21750531	21798725	+	67630	Samd8
chr14	21831561	21845879	+	22334	Vdac2
chr14	21845861	21848910	-	69156	Comtd1
chr14	21847578	21856926	+	319486	A430057M04Rik
chr14	21983962	21989601	-	218820	Zfp503
chr14	22019712	23056088	+	76633	Lrmda
chr14	22507174	22542798	-	74896	4930405A10Rik
chr14	23038194	23094571	-	791307	Gm10248
chr14	23298694	24014491	-	16531	Kcnma1
chr14	24004991	24005837	+	78019	4930519K11Rik
chr14	24088877	24088930	+	102465697	Mir7210
chr14	24133953	24245920	-	71228	Dlg5
chr14	24293273	24309959	+	105418	E330034G19Rik
chr14	24448694	24487046	-	218832	Polr3a
chr14	24490681	24496146	+	20088	Rps24
chr14	25139795	25143241	-	75862	4930572O13Rik
chr14	25459185	25666743	+	328365	Zmiz1
chr14	25534439	25534523	+	100526533	Mir3075
chr14	25586804	25590661	+	77592	4931406H21Rik
chr14	25603513	25605636	+	100188919	Gm45915
chr14	25694170	25700468	+	105675	Ppif
chr14	25696356	25701282	-	68173	Ppifos
chr14	25711640	25768856	-	71918	Zcchc24
chr14	25842155	25886804	+	11744	Anxa11
chr14	25888403	25902893	-	211623	Plac9a
chr14	25923298	25927672	-	66039	Tmem254a
chr14	25942544	25956365	+	105594	Cphx1
chr14	25983005	26269434	+	100039227	Duxbl2
chr14	26027752	26182351	-	100039246	Plac9b
chr14	26063751	26067425	-	100039192	Tmem254c
chr14	26082293	26096127	+	100039213	Cphx2
chr14	26203366	26207025	-	100039257	Tmem254b
chr14	26221904	26235742	+	100039280	Cphx3
chr14	26357547	26400456	+	71106	4933413J09Rik
chr14	26413168	26534931	-	83997	Slmap
chr14	26573858	26634322	+	211922	Dennd6a
chr14	26638197	26657258	+	11843	Arf4
chr14	26664117	26669846	-	211948	Pde12
chr14	26669547	26669608	-	102465773	Mir7672
chr14	26894604	26915257	+	142687	Asb14
chr14	26918988	26970551	-	72993	Appl1
chr14	27000362	27002326	+	15209	Hesx1
chr14	27039001	27107286	+	171463	Il17rd
chr14	27114899	27403911	+	71704	Arhgef3
chr14	27428847	27483555	+	218850	Fam208a
chr14	27482401	27508460	-	320234	Ccdc66
chr14	27622442	28478537	+	238988	Erc2
chr14	28505473	28525515	+	22418	Wnt5a
chr14	28904943	29721864	-	12294	Cacna2d3
chr14	29018208	29033642	+	319476	Lrtm1
chr14	29968380	29975074	+	80795	Selenok
chr14	29978337	29993221	+	56249	Actr8
chr14	29988888	29988952	+	102466209	Mir6947
chr14	29996168	30008896	-	50905	Il17rb
chr14	30009000	30040466	+	218865	Chdh
chr14	30039941	30491156	-	12289	Cacna1d
chr14	30458036	30463282	+	77710	4831407H17Rik
chr14	30479565	30527056	+	75901	Dcp1a
chr14	30549131	30574724	+	21881	Tkt
chr14	30572149	30572208	+	100526475	Mir3076
chr14	30595354	30626208	-	18753	Prkcd
chr14	30654375	30691317	+	328370	Rft1
chr14	30714849	30822721	+	54650	Sfmbt1
chr14	30825594	30877210	+	69179	Tmem110
chr14	30879257	30881610	+	66175	Mustn1
chr14	30886476	30901986	+	16427	Itih4
chr14	30908572	30923587	-	16426	Itih3
chr14	30929180	30943289	-	16424	Itih1
chr14	30951377	30988821	+	23955	Nek4
chr14	30999826	31001666	-	69019	Spcs1
chr14	31001393	31012441	+	76485	Glt8d1
chr14	31012433	31019131	-	30877	Gnl3
chr14	31014293	31014351	-	100217431	Snord69
chr14	31016219	31016272	-	100217423	Snord19
chr14	31019138	31121592	+	66923	Pbrm1
chr14	31088127	31128930	-	66487	Smim4
chr14	31134853	31139124	+	70021	Nt5dc2
chr14	31139017	31168641	-	192187	Stab1
chr14	31170928	31206826	-	64652	Nisch
chr14	31208312	31211711	+	21924	Tnnc1
chr14	31217873	31229511	+	218877	Sema3g
chr14	31237696	31251218	-	71838	Phf7
chr14	31251489	31259929	+	104416	Bap1
chr14	31260375	31323896	-	110084	Dnah1
chr14	31336724	31371984	+	12339	Capn7
chr14	31359880	31436033	-	24056	Sh3bp5
chr14	31478798	31494977	-	67011	Mettl6
chr14	31495079	31509858	+	74427	Eaf1
chr14	31523084	31577383	-	382864	Colq
chr14	31607226	31640965	-	56794	Hacl1
chr14	31641057	31668197	+	26363	Btd
chr14	31700015	31830415	-	105522	Ankrd28
chr14	32029103	32058326	+	78754	Galnt15
chr14	32080517	32085692	-	105638	Dph3
chr14	32085728	32103203	+	218885	Oxnad1
chr14	32142023	32158327	+	17695	Msmb
chr14	32159887	32179855	+	27057	Ncoa4
chr14	32180166	32201891	-	53600	Timm23
chr14	32201971	32297550	+	26430	Parg
chr14	32322019	32347820	+	239017	Ogdhl
chr14	32376502	32388373	-	67085	1700024G13Rik
chr14	32408203	32465957	-	12647	Chat
chr14	32462437	32464850	-	20508	Slc18a3
chr14	32513521	32580989	+	319955	Ercc6
chr14	32599408	32649246	+	107751	Prrxl1
chr14	32659119	32685272	-	100504518	3425401B19Rik
chr14	32785963	32817968	+	69069	Tmem273
chr14	32833962	32836789	+	105511	Fam170b
chr14	32856756	32939489	+	320736	Vstm4
chr14	32959547	33185066	-	545030	Wdfy4
chr14	32991382	33015292	+	67580	Lrrc18
chr14	33216823	33369936	+	239027	Arhgap22
chr14	33377898	33447158	-	26419	Mapk8
chr14	33589270	33640754	+	19256	Ptpn20
chr14	33808071	33811283	-	218902	4930503F20Rik
chr14	33923587	33935285	+	14560	Gdf10
chr14	33941039	33947198	+	12165	Gdf2
chr14	33954022	33964216	+	19661	Rbp3
chr14	33967070	33978764	-	382867	Zfp488
chr14	34041078	34046981	+	432838	Gm5460
chr14	34051126	34102754	-	105518	A630023A22Rik
chr14	34053171	34075999	+	239029	Antxrl
chr14	34085979	34100571	+	11752	Anxa8
chr14	34145646	34152419	-	19065	Npy4r
chr14	34194441	34201633	-	432839	Gprin2
chr14	34220046	34230421	+	319508	Syt15
chr14	34237033	34310503	-	75698	Shld2
chr14	34310727	34345033	+	14661	Glud1
chr14	34345055	34345686	+	100041231	Gm3219
chr14	34351882	34355393	-	69134	Fam25c
chr14	34370274	34374669	-	20618	Sncg
chr14	34375504	34404287	+	105450	Mmrn2
chr14	34411068	34502546	-	12166	Bmpr1a
chr14	34511621	34522801	-	78243	9230112D13Rik
chr14	34526699	34588681	-	24131	Ldb3
chr14	34590618	34600142	-	30044	Opn4
chr14	34673928	34747983	+	218914	Wapl
chr14	34820136	35581115	+	14803	Grid1
chr14	34894609	34894706	+	723847	Mir346
chr14	35809486	35811978	-	239036	4930596D02Rik
chr14	36094965	36100112	+	218921	4930474N05Rik
chr14	36874936	36968764	-	72972	Ccser2
chr14	37034909	37049014	-	57811	Rgr
chr14	37054830	37064938	+	239037	Lrit1
chr14	37068029	37073735	+	239038	Lrit2
chr14	37077849	37098311	-	170677	Cdhr1
chr14	37102140	37110101	-	70045	2610528A11Rik
chr14	37120444	37135322	-	66092	Ghitm
chr14	38368951	39473088	-	18183	Nrg3
chr14	38898302	38958794	+	75170	Nrg3os
chr14	39472429	39476257	+	432842	LOC432842
chr14	39655663	39685293	+	73591	1700109I08Rik
chr14	40815868	40892965	-	328381	Sh2d4b
chr14	40906427	40966896	-	52588	Tspan14
chr14	40993735	41013833	-	70564	Fam213a
chr14	41049209	41069074	-	71200	Dydc2
chr14	41072911	41092197	+	69496	Dydc1
chr14	41105033	41124428	+	11720	Mat1a
chr14	41131788	41136373	+	20387	Sftpa1
chr14	41151456	41158959	+	17194	Mbl1
chr14	41172212	41185198	-	20390	Sftpd
chr14	42089750	42095277	-	73553	1700091H14Rik
chr14	42254659	42260048	-	101056136	Gm17026
chr14	42792568	42797935	-	100042055	Gm10377
chr14	43342384	43347811	-	71826	1700001F09Rik
chr14	43602627	43608013	-	100042342	Gm10375
chr14	43818765	43819639	-	13586	Ear1
chr14	43922898	43923368	-	93725	Ear10
chr14	43957069	43963080	+	503844	Ang5
chr14	44001664	44006418	-	630952	Ang6
chr14	44102654	44103531	+	13587	Ear2
chr14	44102887	44103357	+	503845	Ear12
chr14	44163167	44171371	-	74954	4930503E14Rik
chr14	44191607	44213237	-	74328	1700047E10Rik
chr14	44500122	44506345	+	385138	BC061237
chr14	44717167	44724987	-	666744	Gm8267
chr14	44851235	44859375	-	19214	Ptgdr
chr14	44947443	44947511	-	100124437	Mir327
chr14	44954900	44961307	-	73895	4930431P03Rik
chr14	44988111	45003820	+	19217	Ptger2
chr14	45134448	45220328	-	70561	Txndc16
chr14	45219717	45280976	+	70713	Gpr137c
chr14	45283087	45318572	-	50527	Ero1l
chr14	45329824	45349071	+	67089	Psmc6
chr14	45351186	45376884	+	56291	Styx
chr14	45376421	45388796	-	54342	Gnpnat1
chr14	45458792	45530065	-	218952	Fermt2
chr14	45543710	45562877	+	67651	4930527F14Rik
chr14	45593171	45658143	-	114874	Ddhd1
chr14	45657961	45658053	-	100628600	Mir5131
chr14	46379524	46383608	+	100041724	Gm15217
chr14	46383525	46390669	-	12159	Bmp4
chr14	46568331	46575851	-	100873094	Rubie
chr14	46602806	46637423	-	74458	4933425B07Rik
chr14	46645817	46673775	-	328385	D330046F09Rik
chr14	46760541	46771525	+	72391	Cdkn3
chr14	46775567	46788357	-	12793	Cnih1
chr14	46808149	46822242	-	63985	Gmfb
chr14	46832244	46854190	+	68755	Cgrrf1
chr14	46882965	47105817	+	74480	Samd4
chr14	46954830	46954928	-	102465206	Mir378c
chr14	47097679	47116161	-	100038654	Gm10371
chr14	47153895	47189402	-	14528	Gch1
chr14	47240944	47276857	-	218973	Wdhd1
chr14	47277143	47291591	+	67296	Socs4
chr14	47298314	47323091	+	218975	Mapk1ip1l
chr14	47373860	47386167	+	16854	Lgals3
chr14	47387779	47418407	-	218977	Dlgap5
chr14	47472561	47531962	+	78938	Fbxo34
chr14	47540893	47568434	-	100504663	Atg14
chr14	47649311	47736564	+	16709	Ktn1
chr14	47898864	47944189	+	73961	4930447J18Rik
chr14	48120869	48260883	+	93834	Peli2
chr14	48198716	48228413	+	624367	Gm6498
chr14	48446123	48515130	+	218989	Tmem260
chr14	48657677	48667644	-	18424	Otx2
chr14	48669288	48793348	+	606497	Otx2os1
chr14	48878873	48887112	+	66770	4933429O19Rik
chr14	49012144	49066667	-	105504	Exoc5
chr14	49066495	49087723	+	74385	Ap5m1
chr14	49172246	49190888	+	70646	Naa30
chr14	49226359	49245428	-	67082	ccdc198
chr14	49298520	49525837	-	75288	Slc35f4
chr14	49681668	49783367	-	67419	Armh4
chr14	49894258	49901941	-	258487	Olfr722
chr14	49928563	49929568	-	259147	Olfr723
chr14	49960091	49961096	-	258485	Olfr724
chr14	50034391	50035500	-	258314	Olfr725
chr14	50083714	50084679	-	258313	Olfr726
chr14	50126553	50127587	+	258316	Olfr727
chr14	50139702	50140637	-	258039	Olfr728
chr14	50147901	50148872	-	258275	Olfr729
chr14	50186262	50187218	-	258486	Olfr730
chr14	50237903	50238883	-	258360	Olfr731
chr14	50281228	50282271	-	258659	Olfr732
chr14	50298337	50299330	-	258657	Olfr733
chr14	50319892	50320833	-	258658	Olfr734
chr14	50345376	50346440	-	257909	Olfr735
chr14	50357914	50363663	+	239081	Tlr11
chr14	50392758	50393696	+	258660	Olfr736
chr14	50413546	50414481	+	258662	Olfr738
chr14	50424521	50425450	+	258663	Olfr739
chr14	50453054	50453989	+	258661	Olfr740
chr14	50473057	50486395	+	258233	Olfr741
chr14	50503769	50520943	+	73889	4930413M19Rik
chr14	50515121	50516240	+	258422	Olfr742
chr14	50533414	50534349	+	219019	Olfr743
chr14	50618224	50619195	+	257884	Olfr744
chr14	50642195	50643369	+	258296	Olfr745
chr14	50653239	50654183	+	258295	Olfr746
chr14	50680691	50681645	-	258264	Olfr747
chr14	50710332	50711255	+	258113	Olfr748
chr14	50736219	50744324	-	56858	Olfr749
chr14	50765409	50785520	-	219022	Ttc5
chr14	50789249	50795728	-	239083	Ccnb1ip1
chr14	50807447	50807771	-	85029	Rpph1
chr14	50807946	50821300	+	11546	Parp2
chr14	50824061	50870554	-	21745	Tep1
chr14	50891389	50893255	-	546611	Klhl33
chr14	50915374	50924893	-	66246	Osgep
chr14	50924949	50927188	+	11792	Apex1
chr14	50927215	50930849	-	219024	Pip4p1
chr14	50944303	50953412	+	18950	Pnp
chr14	50956141	50964749	+	667034	Pnp2
chr14	51007751	51010758	+	75019	Rnase10
chr14	51038459	51041867	-	328401	Rnase9
chr14	51049451	51050163	-	497113	Rnase11
chr14	51056698	51057242	-	497106	Rnase12
chr14	51070311	51071442	-	404319	Olfr750
chr14	51091077	51102009	+	11727	Ang
chr14	51091077	51106151	+	58809	Rnase4
chr14	51116557	51117006	+	219026	Eddm3b
chr14	51129064	51131122	+	78416	Rnase6
chr14	51145002	51146767	-	19752	Rnase1
chr14	51162260	51163018	+	54159	Rnase2b
chr14	51195486	51195923	-	11731	Ang2
chr14	51203695	51204156	+	503847	Ear14
chr14	51255261	51256112	-	93726	Rnase2a
chr14	51317335	51345489	-	75377	4930597G03Rik
chr14	51411001	51419377	+	669149	Vmn2r88
chr14	51451962	51461293	+	22301	Vmn2r89
chr14	51552790	51662953	+	434459	Gm5622
chr14	51711644	51717132	-	545047	Gm5800
chr14	51763892	51773590	-	219033	Ang4
chr14	51800046	51826359	+	278676	AY358078
chr14	51853768	51854643	+	93719	Ear6
chr14	51853998	51854465	+	53873	Ear7
chr14	51884842	51891868	+	52535	Mettl17
chr14	51893610	51896745	+	214922	Slc39a2
chr14	51905271	51913488	-	29811	Ndrg2
chr14	51918425	51920700	+	219038	Tppp2
chr14	51922160	51922773	-	497071	Rnase13
chr14	51984833	52006247	+	268739	Arhgef40
chr14	51986389	51988829	-	100502764	Gm16617
chr14	52006075	52020733	-	69890	Zfp219
chr14	52016865	52019787	+	619301	Tmem253
chr14	52035174	52036109	-	258420	Olfr221
chr14	52073380	52104028	-	15381	Hnrnpc
chr14	52110903	52163546	+	77945	Rpgrip1
chr14	52160419	52197239	-	114741	Supt16
chr14	52198151	52237572	-	67772	Chd8
chr14	52209786	52209884	-	100217445	Snord8
chr14	52261759	52279395	-	76338	Rab2b
chr14	52279146	52295509	+	268741	Tox4
chr14	52294841	52305124	-	56335	Mettl3
chr14	52311177	52328670	-	50524	Sall2
chr14	52349103	52350044	-	258008	Olfr1513
chr14	52372110	52373051	-	258424	Olfr1512
chr14	52389815	52390771	-	258268	Olfr1511
chr14	52409889	52410927	-	258423	Olfr1510
chr14	52450393	52451402	+	57271	Olfr1509
chr14	52489935	52495695	-	57269	Olfr1507
chr14	54235485	54253929	-	13135	Dad1
chr14	54254129	54269169	+	105501	Abhd4
chr14	54281896	54282925	-	18348	Olfr49
chr14	54360841	54369669	+	69089	Oxa1l
chr14	54369442	54417702	-	20540	Slc7a7
chr14	54426909	54429750	+	68836	Mrpl52
chr14	54431598	54442456	+	17387	Mmp14
chr14	54464147	54470292	+	65107	Lrp10
chr14	54476100	54480434	+	140743	Rem2
chr14	54507182	54517470	-	27374	Prmt5
chr14	54541785	54554361	-	219072	Haus4
chr14	54567469	54577661	-	16475	Ajuba
chr14	54583663	54605908	-	74359	4931414P19Rik
chr14	54614120	54617995	-	19173	Psmb5
chr14	54616677	54616785	-	751525	Mir686
chr14	54625310	54629556	+	73902	Psmb11
chr14	54631992	54641364	-	239096	Cdh24
chr14	54642161	54686931	-	56215	Acin1
chr14	54643049	54643110	-	102466771	Mir6948
chr14	54650511	54655100	+	75913	4930579G18Rik
chr14	54686171	54690742	+	58248	1700123O20Rik
chr14	54710363	54712174	-	110794	Cebpe
chr14	54722215	54781886	-	50934	Slc7a8
chr14	54852736	54864158	-	239099	Homez
chr14	54875597	54877538	-	105651	Ppp1r3e
chr14	54883425	54888234	+	12050	Bcl2l2
chr14	54894143	54898927	+	54196	Pabpn1
chr14	54906304	54913132	-	59049	Slc22a17
chr14	54916543	54926788	-	13644	Efs
chr14	54932695	54935837	+	140806	Il25
chr14	54936470	54939277	+	67272	Cmtm5
chr14	54941921	54966607	-	17888	Myh6
chr14	54949060	54949142	-	387204	Mir208a
chr14	54968787	54974349	+	791403	Mhrt
chr14	54970688	54994549	-	140781	Myh7
chr14	54975700	54975776	-	100124433	Mir208b
chr14	55015454	55024138	+	68966	Ngdn
chr14	55038462	55042976	+	100151693	Gm10364
chr14	55055493	55098995	+	105663	Thtpa
chr14	55061658	55092048	-	239102	Zfhx2
chr14	55073091	55075874	+	432855	Zfhx2os
chr14	55098835	55106593	-	11766	Ap1g2
chr14	55106826	55116935	-	319984	Jph4
chr14	55222007	55241440	+	71412	Dhrs2
chr14	55478758	55490340	+	28200	Dhrs4
chr14	55491093	55508264	+	268747	Carmil3
chr14	55510448	55517431	+	12891	Cpne6
chr14	55518978	55524981	-	18185	Nrl
chr14	55540266	55550017	+	74551	Pck2
chr14	55560029	55570065	+	28199	Dcaf11
chr14	55575674	55576952	+	68680	Fitm1
chr14	55578494	55581527	+	19186	Psme1
chr14	55581524	55585254	-	85308	Emc9
chr14	55587440	55591101	-	19188	Psme2
chr14	55591790	55603671	+	268749	Rnf31
chr14	55603985	55610030	+	16391	Irf9
chr14	55618166	55625395	+	56739	Rec8
chr14	55625629	55635678	-	75751	Ipo4
chr14	55635966	55643806	-	74140	Tm9sf1
chr14	55650184	55652539	+	71099	Tssk4
chr14	55657879	55660508	-	67881	Mdp1
chr14	55662267	55671906	-	18002	Nedd8
chr14	55672235	55678751	+	105446	Gmpr2
chr14	55679080	55681817	-	28113	Tinf2
chr14	55700009	55713492	-	21816	Tgm1
chr14	55715877	55722257	-	56187	Rabggta
chr14	55739020	55745684	-	52585	Dhrs1
chr14	55745693	55755634	+	67842	Nop9
chr14	55754052	55758424	-	12684	Cideb
chr14	55761428	55763229	+	57260	Ltb4r2
chr14	55765962	55768492	+	16995	Ltb4r1
chr14	55769092	55784042	-	104110	Adcy4
chr14	55784995	55788857	-	56532	Ripk3
chr14	55824795	55833943	+	73181	Nfatc4
chr14	55854115	55874736	+	277154	Nynrin
chr14	55878920	55884256	-	56410	Cbln3
chr14	55884969	55896781	+	219094	Khnyn
chr14	55897285	55900232	-	654795	Sdr39u1
chr14	55941451	55944675	-	17228	Cma1
chr14	55949809	55952371	-	17223	Mcpt-ps1
chr14	55971428	55973995	+	545055	Cma2
chr14	56010292	56011480	-	545056	Gm5801
chr14	56017964	56020391	+	17224	Mcpt1
chr14	56026864	56030495	-	17232	Mcpt9
chr14	56042123	56044634	+	17225	Mcpt2
chr14	56059744	56062310	-	17227	Mcpt4
chr14	56082163	56085197	-	17231	Mcpt8
chr14	56082401	56082468	-	102465572	Mir6949
chr14	56099885	56102574	-	13035	Ctsg
chr14	56117619	56132593	-	14942	Gzme
chr14	56129568	56132593	-	14941	Gzmd
chr14	56156581	56159579	-	14944	Gzmg
chr14	56165796	56174599	-	245839	Gzmn
chr14	56205263	56234657	-	14943	Gzmf
chr14	56231400	56234657	-	14940	Gzmc
chr14	56258856	56262260	-	14939	Gzmb
chr14	56365068	56388551	+	192113	Atp12a
chr14	56402697	56525032	+	30054	Rnf17
chr14	56526761	56571846	-	219103	Cenpj
chr14	56575619	56659798	+	328417	Parp4
chr14	56668248	56697430	+	75339	Mphosph8
chr14	56696275	56701000	-	100503823	Gm16973
chr14	56722449	56778316	-	66645	Pspc1
chr14	56790585	56811716	-	219105	Zmym5
chr14	56811989	56813899	+	100503842	2410022M11Rik
chr14	56886653	56962579	+	76007	Zmym2
chr14	57015134	57018982	+	432860	B020004C17Rik
chr14	57034460	57058030	-	14611	Gja3
chr14	57098602	57104702	-	14619	Gjb2
chr14	57123301	57133611	-	14623	Gjb6
chr14	57275034	57398483	-	68631	Cryl1
chr14	57424071	57517936	+	21821	Ift88
chr14	57524829	57543166	+	239114	Il17d
chr14	57549598	57571569	-	68043	Eef1akmt1
chr14	57571614	57572368	+	67518	1700039M10Rik
chr14	57582271	57664956	-	57258	Xpo4
chr14	57642029	57746123	-	50523	Lats2
chr14	57798189	57804980	+	20220	Sap18
chr14	57798424	57798487	+	100526476	Mir3077
chr14	57806561	57826163	-	219114	Ska3
chr14	57826239	57828745	+	67840	Mrpl57
chr14	57832702	57890262	-	75965	Zdhhc20
chr14	57916280	57999262	-	68514	Micu2
chr14	58072686	58112720	+	14180	Fgf9
chr14	59133040	59142893	-	67932	1700129C05Rik
chr14	59158503	59178749	-	380907	Gm5142
chr14	59201228	59237265	+	71330	Rcbtb1
chr14	59244441	59260216	-	628693	Gm6904
chr14	59276913	59297522	-	219131	Phf11a
chr14	59320964	59341330	-	236451	Phf11b
chr14	59347407	59365490	-	219132	Phf11d
chr14	59355140	59440880	-	107303348	Gm45935
chr14	59380833	59393512	-	628705	Phf11c
chr14	59402009	59440880	-	239122	Setdb2
chr14	59440965	59548903	+	69008	Cab39l
chr14	59559388	59597959	-	71891	Cdadc1
chr14	59625281	59631660	+	219134	Shisa2
chr14	59647741	60086834	-	50769	Atp8a2
chr14	60205284	60251378	-	71844	Nupl1
chr14	60265205	60302371	+	219135	Mtmr6
chr14	60378286	60381003	+	72125	Amer2
chr14	60634243	60764556	+	219140	Spata13
chr14	60768134	60780869	+	239126	C1qtnf9
chr14	60784566	60905481	+	70478	Mipep
chr14	60963834	61046855	-	29820	Tnfrsf19
chr14	61138457	61240693	+	50720	Sacs
chr14	61219115	61258490	-	24053	Sgcg
chr14	61292983	61305334	-	67355	1700109G14Rik
chr14	61309753	61311936	+	219144	Arl11
chr14	61339763	61360445	-	68177	Ebpl
chr14	61365186	61439947	-	16648	Kpna3
chr14	61492688	61500382	+	75349	4930556J02Rik
chr14	61531851	61556886	-	66674	Spryd7
chr14	61598226	61605946	+	66597	Trim13
chr14	61602836	61682373	-	668253	Dleu2
chr14	61607457	61612833	+	328424	Kcnrg
chr14	61631880	61631972	-	387134	Mir16-1
chr14	61632027	61632110	-	387174	Mir15a
chr14	62276229	62292979	-	239133	Dleu7
chr14	62332105	62372992	+	67153	Rnaseh2b
chr14	62392670	62456289	-	239134	Gucy1b2
chr14	62555737	62608485	+	629059	Fam124a
chr14	62663667	62692243	+	319433	Serpine3
chr14	62676325	62761112	-	18130	Ints6
chr14	62760501	62830126	+	71000	4931440J10Rik
chr14	62837690	62956886	+	268752	Wdfy2
chr14	62837721	62837857	+	102465889	Mir8098
chr14	62865542	62865651	+	102465311	Mir6541
chr14	62977524	62984510	-	432867	Defb48
chr14	62998077	63001160	+	654465	Defb47
chr14	63011771	63018088	+	654458	Defb43
chr14	63034087	63049960	-	73670	Defb30
chr14	63046991	63048606	+	619548	Defb42
chr14	63046991	63058149	+	72609	2700070H01Rik
chr14	63122462	63145923	+	13030	Ctsb
chr14	63145150	63179578	-	14137	Fdft1
chr14	63182445	63193525	-	382913	Neil2
chr14	63198914	63271692	-	14463	Gata4
chr14	63372837	63417187	-	12143	Blk
chr14	63436394	63465502	+	219148	Fam167a
chr14	63492347	63509092	-	58865	Tdh
chr14	63523610	63543953	-	210376	Mtmr9
chr14	63606530	63820411	+	219149	Xkr6
chr14	63727189	63727267	+	100124452	Mir598
chr14	63860312	63919859	+	72400	Pinx1
chr14	63943706	63950732	+	20680	Sox7
chr14	63971081	63987780	-	67750	4930578I06Rik
chr14	63992431	64033506	+	271209	Rp1l1
chr14	64075443	64085389	-	71037	Prss55
chr14	64086234	64097672	+	100504162	Prss51
chr14	64099295	64104235	-	78176	4930471C04Rik
chr14	64104323	64113751	+	73382	Prss52
chr14	64122621	64455903	-	110265	Msra
chr14	64588115	64593961	+	268755	Mir124a-1hg
chr14	64590657	64590741	+	387233	Mir124a-1
chr14	64591185	64591271	+	100526520	Mir3078
chr14	64652531	64806296	+	16554	Kif13b
chr14	64811601	64949847	-	219150	Hmbox1
chr14	64950045	65039835	+	210925	Ints9
chr14	65052059	65098106	-	54616	Extl3
chr14	65192441	65262463	-	14365	Fzd3
chr14	65266701	65321502	+	50759	Fbxo16
chr14	65358676	65398930	+	380912	Zfp395
chr14	65400673	65425472	-	18155	Pnoc
chr14	65530446	65593112	-	74195	Elp3
chr14	65605267	65648444	+	100503545	Nuggc
chr14	65666403	65764826	+	71145	Scara5
chr14	65805911	65817822	+	52033	Pbk
chr14	65819027	65833969	-	71988	Esco2
chr14	65837302	65866604	+	67179	Ccdc25
chr14	65919395	65953744	-	219151	Scara3
chr14	65968483	65981548	+	12759	Clu
chr14	65986787	66009210	-	268756	Gulo
chr14	66027322	66077769	-	11495	Adam2
chr14	66084372	66124522	-	13850	Ephx2
chr14	66140960	66152948	+	110902	Chrna2
chr14	66153257	66281052	-	19229	Ptk2b
chr14	66295327	66297129	-	69303	1700001G11Rik
chr14	66297025	66311424	+	66854	Trim35
chr14	66344296	66361680	+	56471	Stmn4
chr14	66635251	66771168	+	11549	Adra1a
chr14	66802864	66868600	-	12934	Dpysl2
chr14	66868850	66871005	+	432870	Gm5464
chr14	66911208	66920061	+	239157	Pnma2
chr14	66985240	67008877	-	12177	Bnip3l
chr14	67014056	67072471	-	71978	Ppp2r2a
chr14	67233292	67430952	+	13592	Ebf2
chr14	67304888	67314711	-	628416	Gm6878
chr14	67332042	67397742	-	73977	4930438E09Rik
chr14	67676354	67715841	-	108912	Cdca2
chr14	67716098	67742310	+	105440	Kctd9
chr14	67745181	67749436	+	14714	Gnrh1
chr14	67751928	67933572	-	68813	Dock5
chr14	67859636	67859745	-	102465310	Mir6539
chr14	68083884	68087745	+	18039	Nefl
chr14	68119545	68125004	-	18040	Nefm
chr14	68123752	68131371	+	100043072	A230070E04Rik
chr14	68497336	68533689	-	11500	Adam7
chr14	68563387	68582072	-	58860	Adamdec1
chr14	68604998	68655842	-	13522	Adam28
chr14	69029289	69041401	+	20855	Stc1
chr14	69164799	69171843	-	73554	1700092C10Rik
chr14	69171802	69175540	+	18092	Nkx2-6
chr14	69190692	69194658	+	18095	Nkx3-1
chr14	69241851	69285103	-	67712	Slc25a37
chr14	69290398	69512549	-	239167	Synb
chr14	69329707	69555332	-	100504477	Gm16677
chr14	69337151	69366742	+	67464	Entpd4
chr14	69347465	69584940	+	100862375	Entpd4b
chr14	69609167	69695834	+	94352	Loxl2
chr14	69692248	69692320	+	102465573	Mir6950
chr14	69697304	69714809	-	71843	R3hcc1
chr14	69716979	69732570	-	105513	Chmp7
chr14	69732784	69767113	+	75016	4930480K23Rik
chr14	69767472	69784411	+	21933	Tnfrsf10b
chr14	69784990	69824852	-	246710	Rhobtb2
chr14	69840407	70059918	+	73523	Pebp4
chr14	70077445	70082613	+	13655	Egr3
chr14	70100145	70138206	+	57784	Bin3
chr14	70138168	70153791	-	219158	Ccar2
chr14	70154405	70159502	-	268759	9930012K11Rik
chr14	70164218	70177672	-	213019	Pdlim2
chr14	70180468	70211989	-	20410	Sorbs3
chr14	70217865	70289497	-	19057	Ppp3cc
chr14	70303467	70351424	-	213053	Slc39a14
chr14	70372480	70429094	-	57746	Piwil2
chr14	70438748	70443471	-	67065	Polr3d
chr14	70443510	70443591	+	723838	Mir320
chr14	70457517	70468824	+	105653	Phyhip
chr14	70474555	70520260	-	12153	Bmp1
chr14	70520941	70524081	-	20389	Sftpc
chr14	70530685	70538324	+	213469	Lgi3
chr14	70545251	70548935	+	72549	Reep4
chr14	70554056	70573548	+	15460	Hr
chr14	70577847	70582571	+	213484	Nudt18
chr14	70583295	70599835	-	239170	Fam160b2
chr14	70602184	70636048	-	13829	Dmtn
chr14	70636205	70642268	-	14171	Fgf17
chr14	70647302	70653084	-	328440	Npm2
chr14	70654246	70766628	-	65246	Xpo7
chr14	70774381	70778494	+	13449	Dok2
chr14	70852933	70873954	+	73648	2410012E07Rik
chr14	70890107	70979840	+	14586	Gfra2
chr14	71251273	71271059	+	100043132	Gm4251
chr14	71856709	71920438	+	74667	4930434J06Rik
chr14	72537953	72710003	-	319448	Fndc3a
chr14	73025603	73026890	+	668489	Gm9199
chr14	73029128	73049114	-	70086	Cysltr2
chr14	73142510	73207843	+	105670	Rcbtb2
chr14	73195502	73325791	-	19645	Rb1
chr14	73206763	73206851	-	751541	Mir687
chr14	73237891	73240358	+	67168	Lpar6
chr14	73362231	73385271	-	16432	Itm2b
chr14	73510049	73518545	+	67381	Med4
chr14	73519864	73548242	-	214254	Nudt15
chr14	73552786	73596142	+	20916	Sucla2
chr14	74355527	74369741	+	74425	4933402J15Rik
chr14	74640840	74706859	+	15558	Htr2a
chr14	74732297	74750765	+	13885	Esd
chr14	74754673	74947877	-	380916	Lrch1
chr14	74975086	74987104	+	100043169	Gm4278
chr14	75016027	75052532	+	271221	Rubcnl
chr14	75084303	75130883	-	70859	Lrrc63
chr14	75131123	75230842	+	18826	Lcp1
chr14	75242287	75283555	+	56373	Cpb2
chr14	75284373	75344426	+	67302	Zc3h13
chr14	75455982	75526141	+	380918	Siah3
chr14	75582834	75593116	-	67926	Spert
chr14	75642259	75667137	+	75272	Erich6b
chr14	75702351	75754493	-	338337	Cog3
chr14	75761999	75787037	-	67554	Slc25a30
chr14	75842918	75844964	-	100043189	Gm4285
chr14	75845256	75848303	+	22070	Tpt1
chr14	75847923	75848034	+	100303751	Snora31
chr14	75896937	76010865	-	68705	Gtf2f2
chr14	75955003	75965217	+	67516	Kctd4
chr14	76086232	76110815	-	67467	Gpalpp1
chr14	76110891	76137379	+	27275	Nufip1
chr14	76251462	76252325	+	72893	2900040C04Rik
chr14	76414961	76507765	+	21807	Tsc22d1
chr14	76514558	76520855	-	75789	4930444M15Rik
chr14	76532812	76556889	-	72661	Serp2
chr14	76677568	76687108	+	73272	1700108F19Rik
chr14	77024201	77036617	-	210808	Lacc1
chr14	77036772	77112263	+	108811	Ccdc122
chr14	77156763	77721763	+	239188	Enox1
chr14	77479483	77506868	-	629678	Gm6994
chr14	77793945	77798968	-	380920	Gm1587
chr14	77826217	77874917	-	66148	Dnajc15
chr14	77904239	78002656	+	108670	Epsti1
chr14	78081024	78089007	-	219170	Fam216b
chr14	78191373	78191478	-	100316715	Mir1971
chr14	78277446	78308043	-	21943	Tnfsf11
chr14	78492246	78536860	-	219181	Akap11
chr14	78569609	78725089	-	380921	Dgkh
chr14	78849178	79202310	+	219189	Vwa8
chr14	79178893	79199190	-	100043765	Gm4632
chr14	79212355	79247367	-	105590	Zfp957
chr14	79288750	79301635	-	66214	Rgcc
chr14	79334507	79390668	-	66897	Naa16
chr14	79397772	79423650	+	211253	Mtrf1
chr14	79426511	79431039	+	211255	Kbtbd7
chr14	79451835	79454816	+	432879	Kbtbd6
chr14	79459937	79481268	-	22380	Wbp4
chr14	79481194	79582491	+	13709	Elf1
chr14	79587691	79629755	+	67955	Sugt1
chr14	79637693	79662183	-	16840	Cnmd
chr14	79702920	79712930	+	73989	4930452G13Rik
chr14	79738431	79738528	+	791080	Mir759
chr14	79766772	79771312	-	18530	Pcdh8
chr14	79860521	79869176	-	100038734	Gm10845
chr14	80000302	80021930	+	380924	Olfm4
chr14	84443563	84537060	+	219228	Pcdh17
chr14	84451476	84476424	-	319903	9630013A20Rik
chr14	86245970	86283688	+	75155	4930529K09Rik
chr14	86656323	87141114	-	56419	Diaph3
chr14	87416583	87545508	+	219249	Tdrd3
chr14	88464747	88471396	-	219257	Pcdh20
chr14	89896224	89899447	+	328451	Gm5088
chr14	90126891	90269760	+	74967	4930474H20Rik
chr14	93013700	93890669	-	211712	Pcdh9
chr14	95881266	95882775	+	66732	4921530L21Rik
chr14	96105265	96519034	-	93688	Klhl1
chr14	97786846	98169765	-	13134	Dach1
chr14	99034544	99046136	-	76789	Mzt1
chr14	99046377	99074107	+	77744	Bora
chr14	99076634	99099770	-	72662	Dis3
chr14	99099424	99254494	+	52023	Pibf1
chr14	99298691	99313412	+	12224	Klf5
chr14	99870632	100149795	-	16597	Klf12
chr14	101197690	101200069	-	76627	Prr30
chr14	101442360	101609191	-	210789	Tbc1d4
chr14	101633766	101640471	-	66200	Commd6
chr14	101653967	101696125	+	50933	Uchl3
chr14	101729928	101934693	+	380928	Lmo7
chr14	102976581	102982637	-	239217	Kctd12
chr14	102987412	103033803	-	71264	4933432I03Rik
chr14	103047012	103056573	+	16365	Acod1
chr14	103070216	103077630	+	211286	Cln5
chr14	103080239	103099509	-	50789	Fbxl3
chr14	103113411	103346800	-	105689	Mycbp2
chr14	103513341	103613346	+	64929	Scel
chr14	103650243	103704802	+	105439	Slain1
chr14	103692983	103699432	-	70898	Slain1os
chr14	103814615	103844476	-	13618	Ednrb
chr14	103977628	104027142	-	73877	4930432J09Rik
chr14	104462320	104467999	-	18996	Pou4f1
chr14	104477534	104522666	-	72486	Rnf219
chr14	104639144	104966783	+	320249	D130009I18Rik
chr14	105106728	105130400	-	100502987	Gm17066
chr14	105114519	105177327	-	74213	Rbm26
chr14	105258673	105309298	+	76273	Ndfip2
chr14	105427559	105437716	+	71362	5430440P10Rik
chr14	105498788	105505629	+	74864	4930449E01Rik
chr14	105589549	105594928	+	380930	9330188P03Rik
chr14	105623642	105623770	-	102465207	Mir6390
chr14	105891947	105896819	-	24064	Spry2
chr14	106106198	106135862	+	212085	Trim52
chr14	106417187	106486520	-	73631	1700128A07Rik
chr14	108909988	108914239	-	76965	Slitrk1
chr14	110748578	110755149	-	239250	Slitrk6
chr14	111675115	111683135	+	75409	Slitrk5
chr14	114831965	114861327	+	75822	4930524C18Rik
chr14	114940225	114945948	-	74982	1700100I10Rik
chr14	115043671	115043754	+	723905	Mir17
chr14	115043851	115043946	+	387135	Mir18
chr14	115044000	115044081	+	723891	Mir19a
chr14	115044157	115044263	+	387139	Mir20a
chr14	115044305	115046728	+	75957	Mir17hg
chr14	115092215	116525192	+	103978	Gpc5
chr14	115396551	115409552	-	75088	4930505G20Rik
chr14	116925297	117979529	+	23888	Gpc6
chr14	117953743	117953847	-	102465148	Mir6239
chr14	118012790	118052246	-	13190	Dct
chr14	118111911	118132765	-	76355	Tgds
chr14	118137127	118164232	+	58245	Gpr180
chr14	118233233	118237030	-	223227	Sox21
chr14	118236232	118261199	+	105245869	LOC105245869
chr14	118258634	118258736	+	102465149	Mir6241
chr14	118267158	118267779	+	668814	Gm9376
chr14	118365878	118398165	+	73306	1700044C05Rik
chr14	118482692	118706219	-	239273	Abcc4
chr14	118592369	118592472	-	102465208	Mir6391
chr14	118787871	118874525	+	58187	Cldn10
chr14	118875520	118925470	-	66573	Dzip1
chr14	118937932	118981702	+	100037258	Dnajc3
chr14	118984985	119099434	-	66435	Uggt2
chr14	119098965	119115074	+	102635192	Gm16835
chr14	119138265	119869815	+	50787	Hs6st3
chr14	119749227	119751564	+	75432	1700006F04Rik
chr14	120019585	120042435	-	239283	Oxgr1
chr14	120275669	120431698	+	105559	Mbnl2
chr14	120478461	120507194	+	76108	Rap2a
chr14	120911194	120948046	+	70572	Ipo5
chr14	121035574	121283726	+	223254	Farp1
chr14	121286341	121379230	-	223255	Stk24
chr14	121459621	121505254	-	56643	Slc15a1
chr14	121542039	121797734	-	105445	Dock9
chr14	121876859	121879408	-	78312	1810041H14Rik
chr14	121878606	122021035	+	68889	Ubac2
chr14	121911434	121915774	-	110168	Gpr18
chr14	121952331	121965193	-	321019	Gpr183
chr14	122034674	122038422	+	223262	Timm8a2
chr14	122097939	122106974	-	319727	A330035P11Rik
chr14	122107082	122159603	+	68059	Tm9sf2
chr14	122181694	122402234	+	69634	Clybl
chr14	122229905	122233638	-	68245	1700108J01Rik
chr14	122365679	122451146	-	328479	Gm5089
chr14	122459160	122465658	-	65100	Zic5
chr14	122470377	122475199	-	69248	2610035F20Rik
chr14	122475384	122480328	+	22772	Zic2
chr14	122534328	122889944	+	110821	Pcca
chr14	122816223	122913165	-	223267	Ggact
chr14	122913030	122929442	+	105245866	4930594M22Rik
chr14	122918975	122983261	-	70551	Tmtc4
chr14	123168503	123176176	+	380934	AA536875
chr14	123276641	123627144	-	338370	Nalcn
chr14	123660140	123974079	+	223272	Itgbl1
chr14	123978291	124677127	-	14169	Fgf14
chr14	123987635	124015684	+	69393	1700024B18Rik
chr15	3270767	3280508	+	20363	Selenop
chr15	3280627	3303526	-	100039139	Ccdc152
chr15	3317755	3583352	-	14600	Ghr
chr15	3963564	3979573	-	106052	Fbxo4
chr15	3982035	3995752	-	106064	AW549877
chr15	3996039	4015858	+	328489	Gm2093
chr15	4020111	4027406	-	414066	BC037032
chr15	4026428	4155344	+	67041	Oxct1
chr15	4375491	4575585	+	239318	Plcxd3
chr15	4727210	4804045	+	12274	C6
chr15	4898737	4962203	+	223825	Mroh2b
chr15	4988762	5063773	-	109828	C7
chr15	5097439	5108533	-	239319	Card6
chr15	5116613	5119140	+	67281	Rpl37
chr15	5118421	5118480	+	100302529	Snord72
chr15	5143861	5181899	+	105787	Prkaa1
chr15	5185525	5218336	+	67515	Ttc33
chr15	5233399	5244187	-	19219	Ptger4
chr15	5496318	5594983	+	71432	5430437J10Rik
chr15	6299789	6440712	+	13132	Dab2
chr15	6445333	6498476	+	12279	C9
chr15	6579847	6665608	+	23880	Fyb
chr15	6604341	6654303	-	102632231	LOC102632231
chr15	6708381	6800401	+	78757	Rictor
chr15	6813577	6874313	-	18414	Osmr
chr15	7129572	7197489	+	16880	Lifr
chr15	7206120	7398395	-	268780	Egflam
chr15	7810048	7837580	+	14573	Gdnf
chr15	7873055	8099209	-	545085	Wdr70
chr15	8109273	8159859	+	170762	Nup155
chr15	8169106	8271158	+	73692	Cplane1
chr15	8289824	8465285	-	71175	Nipbl
chr15	8634124	8710807	-	20512	Slc1a3
chr15	8967949	9067335	+	223332	Ranbp3l
chr15	9071260	9110496	+	68646	Nadk2
chr15	9111982	9155425	-	27401	Skp2
chr15	9140570	9197450	+	320506	Lmbrd2
chr15	9279829	9315038	+	105887	Ugt3a1
chr15	9335598	9370870	+	223337	Ugt3a2
chr15	9436028	9466035	+	75568	Capsl
chr15	9506159	9529876	-	16197	Il7r
chr15	9578193	9748868	-	320277	Spef2
chr15	10177238	10349180	+	19116	Prlr
chr15	10358533	10410153	+	268782	Agxt2
chr15	10446763	10470516	-	78244	Dnajc21
chr15	10474779	10485937	-	67832	Brix1
chr15	10486018	10499063	+	19355	Rad1
chr15	10503947	10558668	-	75777	Ttc23l
chr15	10568978	10714631	-	75646	Rai14
chr15	10600293	10611651	+	100038608	Gm10389
chr15	10714836	10790123	+	75259	4930556M19Rik
chr15	10829051	10832713	+	100502601	Gm19276
chr15	10952332	10980162	+	81799	C1qtnf3
chr15	10981756	10996624	+	17117	Amacr
chr15	11000721	11029233	+	22293	Slc45a2
chr15	11033717	11037968	-	239336	Rxfp3
chr15	11064790	11346867	+	239337	Adamts12
chr15	11383663	11399658	-	110960	Tars
chr15	11839896	11907371	-	18162	Npr3
chr15	11906525	11907390	+	381002	Gm5144
chr15	11964343	11970083	+	73339	1700047G03Rik
chr15	11981339	11996007	-	20024	Sub1
chr15	12117851	12185449	+	22763	Zfr
chr15	12171492	12171574	+	100316684	Mir1898
chr15	12205094	12272240	+	268783	Mtmr12
chr15	12321496	12351267	+	66629	Golph3
chr15	12357054	12739924	-	68070	Pdzd2
chr15	12808177	12824657	-	77877	6030458C11Rik
chr15	12824815	12935291	+	14000	Drosha
chr15	13028699	13173675	-	12563	Cdh6
chr15	16778101	16856778	+	12565	Cdh9
chr15	18078137	18369627	-	70886	4921515E04Rik
chr15	18818947	19014236	+	320873	Cdh10
chr15	19191201	19203329	+	102639102	Gm35496
chr15	20665214	20666750	-	64833	Acot10
chr15	21111452	21589533	+	215654	Cdh12
chr15	22549022	23474418	+	320865	Cdh18
chr15	22713820	22714984	-	545091	Hnrnpa1l2-ps2
chr15	25363277	25413764	-	70350	Basp1
chr15	25414192	25452418	+	432939	Gm5468
chr15	25622550	25813671	+	17909	Myo10
chr15	25843298	25973696	+	66270	Retreg1
chr15	25948227	25948287	+	102465698	Mir7212
chr15	25984366	25998482	+	52521	Zfp622
chr15	26309048	26409586	+	211147	March11
chr15	26540459	26895564	-	448987	Fbxl7
chr15	27466677	27594909	+	11732	Ank
chr15	27571494	27571558	+	102466808	Mir7117
chr15	27605919	27630693	-	432940	Otulin
chr15	27655071	27681542	-	223433	Otulinl
chr15	27730649	28025848	-	223435	Trio
chr15	28203766	28472045	+	110082	Dnah5
chr15	29713331	29713404	-	100628607	Mir3964
chr15	30172593	31029344	+	18163	Ctnnd2
chr15	31039126	31043331	+	73784	4930430F21Rik
chr15	31224385	31274338	+	223453	Dap
chr15	31291479	31367759	-	67434	Ankrd33b
chr15	31441210	31453689	-	252967	Ropn1l
chr15	31455899	31531037	-	223455	March6
chr15	31568912	31590119	+	69574	Cmbl
chr15	31590884	31601804	-	12465	Cct5
chr15	31602116	31617535	+	68073	Fam173b
chr15	32177289	32178294	+	57254	Tas2r119
chr15	32240568	32244662	-	100616095	Snhg18
chr15	32241845	32241932	-	66835	Snord123
chr15	32244813	32696341	+	20356	Sema5a
chr15	32757416	32773152	-	105245909	Gm41289
chr15	32920723	33034721	+	15529	Sdc2
chr15	33083129	33594552	+	54381	Cpq
chr15	33405209	33405939	-	73486	1700084J12Rik
chr15	33593881	33653436	-	75880	4930592A05Rik
chr15	33683875	33687883	-	239364	Tspyl5
chr15	34082719	34142385	+	67154	Mtdh
chr15	34238026	34284295	+	114128	Laptm4b
chr15	34306681	34436242	+	17181	Matn2
chr15	34349051	34357872	-	77358	9430069I07Rik
chr15	34440505	34443276	-	19946	Rpl30
chr15	34453312	34473892	+	239368	Erich5
chr15	34484022	34495246	-	15473	Rida
chr15	34495311	34530653	+	67724	Pop1
chr15	34572799	34678706	-	223473	Nipal2
chr15	34675073	34679204	+	71637	4930413F20Rik
chr15	34837355	34843407	+	16539	Kcns2
chr15	34875499	35155806	-	56274	Stk3
chr15	35296112	35303305	+	107587	Osr2
chr15	35307010	35328535	-	100126269	BC048602
chr15	35371546	35931229	+	666173	Vps13b
chr15	35660831	35660918	-	100316736	Mir599
chr15	35660970	35661047	-	100124469	Mir875
chr15	35931976	35938246	-	12864	Cox6c
chr15	36009477	36140400	-	626596	Rgs22
chr15	36150060	36164884	-	78803	Fbxo43
chr15	36174010	36177012	+	17749	Polr2k
chr15	36179530	36235177	+	26942	Spag1
chr15	36239934	36283147	-	30945	Rnf19a
chr15	36240046	36240164	-	102465888	Mir8097
chr15	36477668	36496791	-	68839	Ankrd46
chr15	36504062	36555572	-	66696	Snx31
chr15	36595658	36608973	-	18458	Pabpc1
chr15	36770261	36802984	-	22631	Ywhaz
chr15	36997027	37007402	-	68036	Zfp706
chr15	37233036	37363569	+	252973	Grhl2
chr15	37366175	37792428	-	52589	Ncald
chr15	37421133	37432664	-	100503538	Gm15941
chr15	37425554	37440644	+	74892	4930447A16Rik
chr15	37923952	37961055	-	382985	Rrm2b
chr15	37967328	38078854	-	70790	Ubr5
chr15	38219203	38226735	+	18285	Odf1
chr15	38291464	38300711	-	21847	Klf10
chr15	38487430	38519266	-	54375	Azin1
chr15	38490473	38490547	-	102465574	Mir6951
chr15	38549344	38594934	-	69679	2310043O21Rik
chr15	38661904	38692444	+	66335	Atp6v1c1
chr15	38713483	38728516	-	105463124	Gm45924
chr15	38933910	38952917	+	118452	Baalc
chr15	39006280	39038192	+	14368	Fzd6
chr15	39076932	39087119	+	68588	Cthrc1
chr15	39094191	39112716	-	69906	Slc25a32
chr15	39112874	39146856	+	223499	Dcaf13
chr15	39198286	39684372	+	116838	Rims2
chr15	39745930	39760938	+	75766	Dcstamp
chr15	39768485	39857470	-	64705	Dpys
chr15	39797045	39812377	+	100503072	Gm16291
chr15	39870603	39943757	-	239393	Lrp12
chr15	39962649	39967515	+	105976	AU022793
chr15	40134365	40150010	+	328531	9330182O14Rik
chr15	40162607	40168073	+	102636151	Gm33301
chr15	40511322	40527277	-	432945	Gm16294
chr15	40655042	41104592	+	22762	Zfpm2
chr15	41447482	41861048	+	170719	Oxr1
chr15	41865293	41869720	-	223513	Abra
chr15	42424667	42676977	-	11600	Angpt1
chr15	43020795	43170826	-	239405	Rspo2
chr15	43250040	43282736	-	16341	Eif3e
chr15	43430943	43477036	-	100038728	Gm10373
chr15	43477229	43527777	+	66736	Emc2
chr15	43866695	43870029	-	239408	Tmem74
chr15	44196135	44235912	+	22045	Trhr
chr15	44375227	44428307	-	67429	Nudcd1
chr15	44428092	44437685	+	223527	Eny2
chr15	44457553	44601170	+	192190	Pkhd1l1
chr15	44619313	44641027	+	55960	Ebag9
chr15	44671856	44788063	-	319613	Sybu
chr15	44787763	44805829	+	69659	2310069G16Rik
chr15	44881394	44884743	+	239410	A930017M01Rik
chr15	45106284	45114934	-	67498	Kcnv1
chr15	46324585	46373899	+	71120	1700022A22Rik
chr15	46435866	46496179	-	74726	4930523O13Rik
chr15	46623305	46639858	+	75281	4930548G14Rik
chr15	47580638	48791989	-	239420	Csmd3
chr15	50654757	50890041	-	83925	Trps1
chr15	50889025	50889114	-	100316685	Mir1907
chr15	51231640	51395610	-	100502643	Gm19303
chr15	51786563	51865461	-	68135	Eif3h
chr15	51877441	51884622	+	78581	Utp23
chr15	51962604	51991760	-	19357	Rad21
chr15	52040107	52045722	+	239435	Aard
chr15	52295553	52335733	+	239436	Slc30a8
chr15	52712445	52730431	+	69790	Med30
chr15	53068261	53346183	-	14042	Ext1
chr15	53461801	53902537	-	320679	Samd12
chr15	53614205	53614279	-	100628567	Mir28c
chr15	54250619	54278484	-	18383	Tnfrsf11b
chr15	54410774	54466358	+	239447	Colec10
chr15	54571366	54602846	+	105853	Mal2
chr15	54745928	54753762	+	18133	Nov
chr15	54838901	54920146	-	18606	Enpp2
chr15	54952948	54964642	+	102638507	Gm26684
chr15	55015129	55072152	-	319944	Taf2
chr15	55076101	55090478	-	72107	Dscc1
chr15	55099917	55113582	-	100503794	Gm9920
chr15	55112317	55259273	+	97998	Deptor
chr15	55307750	55520803	+	12818	Col14a1
chr15	55534095	55557312	-	68537	Mrpl13
chr15	55557408	55626423	+	105837	Mtbp
chr15	55639154	55906949	-	20649	Sntb1
chr15	56665627	56694546	-	15117	Has2
chr15	56689944	56694460	+	594843	Has2os
chr15	57243771	57477625	-	210463	Slc22a22
chr15	57694667	57839832	+	387609	Zhx2
chr15	57869502	57892418	-	67819	Derl1
chr15	57912199	57970068	+	210544	Tbc1d31
chr15	57985903	58010706	+	239463	Fam83a
chr15	58022259	58076508	-	75758	9130401M01Rik
chr15	58047003	58076508	-	22770	Zhx1
chr15	58094047	58135082	-	70472	Atad2
chr15	58141366	58158654	+	76773	Wdyhv1
chr15	58175879	58214892	-	67731	Fbxo32
chr15	58314573	58324169	-	268807	Klhl38
chr15	58341464	58389274	-	69787	Anxa13
chr15	58415468	58457801	+	210998	Fam91a1
chr15	58782269	58823427	-	74868	Tmem65
chr15	58872649	58876781	+	68260	Trmt12
chr15	58889229	58902390	+	75841	Rnf139
chr15	58890153	58933730	-	69694	Tatdn1
chr15	58933810	58939489	+	66218	Ndufb9
chr15	58941234	59082026	-	211401	Mtss1
chr15	59306948	59312013	+	100416830	Zfp572
chr15	59315092	59331193	+	20775	Sqle
chr15	59331997	59374152	-	223593	Washc5
chr15	59374198	59601684	+	68501	Nsmce2
chr15	59648654	59657099	+	211770	Trib1
chr15	59788417	59794959	-	100503021	Gm19510
chr15	60014866	60016618	-	71088	4933412E24Rik
chr15	60818996	60825080	-	399603	Fam84b
chr15	60822965	60831400	+	320469	9930014A18Rik
chr15	60917589	60921348	-	117586	A1bg
chr15	61534676	61774451	-	432956	D030024E09Rik
chr15	61985341	61990361	+	17869	Myc
chr15	62037986	62376841	+	19296	Pvt1
chr15	62217541	62219451	-	67552	H2afy3
chr15	63414397	63479608	-	432958	Gm20740
chr15	63775971	63912297	-	83492	Gsdmc
chr15	63817188	63819540	+	78462	1700065I16Rik
chr15	63824346	63845176	-	331063	Gsdmc2
chr15	63847309	63850942	+	74236	Gsdmcl1
chr15	63857725	63878558	-	270328	Gsdmc3
chr15	63880707	63889073	+	665769	Gsdmcl2
chr15	63891265	63912297	-	74548	Gsdmc4
chr15	63914461	63925453	+	74460	Gsdmcl-ps
chr15	63929094	64060448	-	223601	Fam49b
chr15	64086840	64382919	-	13196	Asap1
chr15	64699035	64922296	-	11514	Adcy8
chr15	65787041	65873812	+	76740	Efr3a
chr15	65876053	65912287	-	18256	Oc90
chr15	65922443	65976804	-	654498	Hhla1
chr15	65994915	66286224	-	110862	Kcnq3
chr15	66379858	66500910	-	54562	Lrrc6
chr15	66526212	66561046	-	213068	Tmem71
chr15	66577572	66645255	+	239510	Phf20l1
chr15	66670770	66850721	+	21819	Tg
chr15	66780819	66831829	-	20491	Sla
chr15	66891393	66923199	+	22402	Wisp1
chr15	66929318	66969641	-	17988	Ndrg1
chr15	67102875	67176882	-	20442	St3gal1
chr15	67226769	67377094	+	69334	1700012I11Rik
chr15	68083738	68258856	-	380993	Zfat
chr15	68337415	68337510	-	387226	Mir30b
chr15	68341208	68341289	-	387228	Mir30d
chr15	68878321	68883576	+	105245971	Gm41341
chr15	68928420	69101211	+	13992	Khdrbs3
chr15	69270533	69274718	+	75076	4930504C09Rik
chr15	69924233	70078204	+	100503580	Gm19782
chr15	71445678	71727838	-	70363	Fam135b
chr15	71798476	72034227	-	69700	Col22a1
chr15	72512119	72546279	-	223604	Kcnk9
chr15	72589620	73061204	-	76510	Trappc9
chr15	72805604	72810324	-	353342	Peg13
chr15	73090412	73094075	+	93696	Chrac1
chr15	73101625	73184947	-	239528	Ago2
chr15	73205105	73423280	-	14083	Ptk2
chr15	73254815	73254882	-	387169	Mir151
chr15	73512560	73572242	+	105841	Dennd3
chr15	73580290	73624744	-	106068	Slc45a4
chr15	73694607	73707505	-	239530	Gpr20
chr15	73723145	73758766	+	19245	Ptp4a3
chr15	73761410	73839671	-	268816	Mroh5
chr15	74516196	74589464	+	107831	Adgrb1
chr15	74606028	74636318	-	69439	Mroh4
chr15	74669081	74672570	-	11838	Arc
chr15	74702412	74709322	-	16469	Jrk
chr15	74709161	74710374	+	66769	4933427E11Rik
chr15	74714839	74717065	+	72373	Psca
chr15	74721234	74724373	+	223626	Them6
chr15	74726644	74728026	-	57277	Slurp1
chr15	74732252	74734313	-	68311	Lypd2
chr15	74742839	74746687	-	69462	Slurp2
chr15	74747856	74752979	-	23936	Lynx1
chr15	74762056	74763567	-	17068	Ly6d
chr15	74770908	74778859	-	78725	D730001G18Rik
chr15	74796874	74799968	-	76486	Ly6k
chr15	74813454	74818815	-	625599	Gml
chr15	74819076	74834871	+	15202	Gml2
chr15	74834892	74841643	-	110115	Cyp11b1
chr15	74851010	74856318	-	13072	Cyp11b2
chr15	74878336	74881704	-	67038	2010109I03Rik
chr15	74955051	74959905	+	17069	Ly6e
chr15	74979812	74983430	-	57248	Ly6i
chr15	74994877	74998031	-	110454	Ly6a
chr15	75044018	75048837	-	17067	Ly6c1
chr15	75108161	75111949	-	100041546	Ly6c2
chr15	75155261	75159128	+	546644	Ly6g
chr15	75268421	75272234	+	17071	Ly6f
chr15	75427606	75431829	-	105892	9030619P08Rik
chr15	75449457	75451399	+	102637705	Ly6l
chr15	75553045	75567182	-	23934	Ly6h
chr15	75596658	75598213	+	68453	Gpihbp1
chr15	75616684	75625300	+	22701	Zfp41
chr15	75657033	75678790	-	72960	Top1mt
chr15	75704288	75714419	+	14787	Rhpn1
chr15	75746843	75747922	-	378435	Mafa
chr15	75754447	75841908	-	223642	Zc3h3
chr15	75862339	75867404	+	69146	Gsdmd
chr15	75882934	75888723	-	223645	Mroh6
chr15	75890964	75894481	-	223646	Naprt
chr15	75894796	75909556	-	66656	Eef1d
chr15	75909735	75914535	+	105734	Tigd5
chr15	75916463	75921560	-	66194	Pycrl
chr15	75924683	75929732	-	22122	Tsta3
chr15	75940952	75949400	+	78834	Zfp623
chr15	75969185	75975865	+	69020	Zfp707
chr15	75979872	75982285	-	223648	Ccdc166
chr15	75993769	75999153	+	332110	Mapk15
chr15	76001092	76014336	-	105732	Fam83h
chr15	76047163	76069784	-	105782	Scrib
chr15	76064828	76064888	-	102466772	Mir6952
chr15	76070182	76080946	-	67959	Puf60
chr15	76085594	76091626	-	223649	Nrbp2
chr15	76101488	76120195	-	223650	Eppk1
chr15	76119517	76126556	-	271278	BC024139
chr15	76170974	76232570	-	18810	Plec
chr15	76215611	76215673	-	100316774	Mir1942
chr15	76231174	76243440	-	671535	Parp10
chr15	76246807	76249904	+	66168	Grina
chr15	76248191	76248258	+	102465575	Mir6953
chr15	76266787	76269839	-	100038659	Mirt2
chr15	76268089	76292572	+	74281	Spatc1
chr15	76290879	76290968	-	100526548	Mir3079
chr15	76294434	76296896	+	100503915	Smpd5
chr15	76296603	76307245	-	75475	Oplah
chr15	76327397	76330670	+	109075	Exosc4
chr15	76331294	76334899	+	14731	Gpaa1
chr15	76343523	76345934	+	66445	Cyc1
chr15	76347040	76351110	-	106025	Sharpin
chr15	76351294	76354378	+	68877	Maf1
chr15	76368898	76371411	+	59053	Hgh1
chr15	76371958	76374938	-	73542	Tssk5
chr15	76380513	76453039	+	223658	Mroh1
chr15	76433214	76433273	+	102465576	Mir6954
chr15	76452996	76477269	-	12181	Bop1
chr15	76457438	76459468	+	20289	Scx
chr15	76477445	76500972	+	15499	Hsf1
chr15	76502015	76511818	-	13350	Dgat1
chr15	76516203	76522129	-	170729	Scrt1
chr15	76535723	76538746	-	30840	Fbxl6
chr15	76538943	76542130	+	52710	Slc52a2
chr15	76576359	76595812	+	268822	Adck5
chr15	76595808	76607591	-	94230	Cpsf1
chr15	76612383	76616852	-	72027	Slc39a4
chr15	76622086	76626084	-	66914	Vps28
chr15	76626237	76639929	-	72749	Tonsl
chr15	76643395	76660208	-	54151	Cyhr1
chr15	76659909	76668196	+	16581	Kifc2
chr15	76668224	76669948	-	14106	Foxh1
chr15	76671680	76694915	+	73062	Ppp1r16a
chr15	76696726	76699675	+	76282	Gpt
chr15	76701542	76704239	+	69572	Mfsd3
chr15	76703553	76710559	-	79456	Recql4
chr15	76710660	76715091	+	223664	Lrrc14
chr15	76715276	76722173	-	378937	Lrrc24
chr15	76721465	76723845	-	223665	C030006K11Rik
chr15	76723985	76818170	-	223666	Arhgap39
chr15	76852131	76871435	-	71591	Zfp251
chr15	76879276	76892395	+	223669	Zfp7
chr15	76899941	76901297	+	66398	Commd5
chr15	76904071	76906318	+	26961	Rpl8
chr15	76910370	76925448	-	239546	Zfp647
chr15	76948539	76950732	+	117171	1110038F14Rik
chr15	77015487	77050668	-	17189	Mb
chr15	77045075	77057108	+	71939	Apol6
chr15	77078990	77307053	-	93686	Rbfox2
chr15	77084398	77096314	+	74303	1700109K24Rik
chr15	77388217	77399110	-	75761	Apol7a
chr15	77403789	77411080	-	223672	Apol9a
chr15	77422209	77447460	-	278679	Apol7b
chr15	77477047	77491069	+	245282	Apol10a
chr15	77508271	77517319	+	626615	Apol11a
chr15	77524867	77533315	-	108956	Apol7c
chr15	77558239	77561892	-	76409	1700025B11Rik
chr15	77584158	77596125	-	328561	Apol10b
chr15	77633951	77643286	-	328563	Apol11b
chr15	77698889	77719288	+	666348	Apol7e
chr15	77729072	77736382	+	71898	Apol9b
chr15	77748613	77756982	-	239552	Apol8
chr15	77760585	77842175	-	17886	Myh9
chr15	77915051	77928994	-	56551	Txn2
chr15	77940522	77956722	-	239554	Foxred2
chr15	77958998	77970824	-	55944	Eif3d
chr15	77993623	78119280	-	12300	Cacng2
chr15	78159463	78174108	-	67042	Ift27
chr15	78191117	78206351	-	19293	Pvalb
chr15	78244811	78262580	+	17972	Ncf4
chr15	78282507	78305721	-	12984	Csf2rb2
chr15	78325798	78353847	+	12983	Csf2rb
chr15	78378400	78395912	-	73376	Tex33
chr15	78399556	78405859	-	22117	Tst
chr15	78406712	78414015	+	246221	Mpst
chr15	78428564	78439303	+	72844	Kctd17
chr15	78439667	78468634	-	71753	Tmprss6
chr15	78480548	78495066	-	16185	Il2rb
chr15	78523346	78529651	-	72709	C1qtnf6
chr15	78537015	78544345	-	20607	Sstr3
chr15	78559169	78572783	-	19354	Rac2
chr15	78574411	78581589	-	102640742	Gm36738
chr15	78597047	78622019	+	72318	Cyth4
chr15	78670003	78718771	-	207393	Elfn2
chr15	78755883	78773445	-	17305	Mfng
chr15	78775136	78803042	-	105844	Card10
chr15	78842647	78850902	+	104445	Cdc42ep1
chr15	78850860	78855529	-	107753	Lgals2
chr15	78877190	78894585	+	106039	Gga1
chr15	78891840	78891913	+	102466210	Mir6955
chr15	78899768	78912052	+	20401	Sh3bp1
chr15	78913919	78919517	+	57028	Pdxp
chr15	78926725	78930465	+	16852	Lgals1
chr15	78934933	78941910	+	97961	Nol12
chr15	78947724	79005869	+	110253	Triobp
chr15	78994955	79011041	-	100038602	Gm10865
chr15	79002223	79002284	+	102465577	Mir6956
chr15	79015329	79025742	-	654469	Gm17753
chr15	79028212	79030504	+	14958	H1f0
chr15	79030874	79042531	+	26912	Gcat
chr15	79041885	79043558	+	14429	Galr3
chr15	79053094	79062859	-	223690	Ankrd54
chr15	79075223	79094400	+	223691	Eif3l
chr15	79108983	79136900	+	27008	Micall1
chr15	79134655	79141251	-	27660	1700088E04Rik
chr15	79141325	79151774	+	69833	Polr2f
chr15	79154913	79164506	-	20665	Sox10
chr15	79166066	79217383	+	100041655	Gm10863
chr15	79229173	79249466	+	18693	Pick1
chr15	79251016	79254748	-	57274	Slc16a8
chr15	79258195	79285509	-	207495	Baiap2l2
chr15	79286228	79328371	-	53357	Pla2g6
chr15	79346621	79359076	+	17133	Maff
chr15	79360684	79403303	-	223693	Tmem184b
chr15	79375228	79375300	-	100316695	Mir1943
chr15	79417852	79442057	-	27373	Csnk1e
chr15	79483714	79505241	-	16520	Kcnj4
chr15	79516408	79527739	+	105785	Kdelr3
chr15	79527696	79546741	-	67040	Ddx17
chr15	79561497	79605109	-	13404	Dmc1
chr15	79609576	79658956	-	75729	Fam227a
chr15	79659227	79667660	+	73739	Cby1
chr15	79670868	79672862	+	223696	Tomm22
chr15	79674250	79687872	-	74158	Josd1
chr15	79690896	79721479	+	14904	Gtpbp1
chr15	79724068	79742536	-	223697	Sun2
chr15	79742698	79757394	+	100504191	Gm16576
chr15	79761449	79774467	-	54152	Dnal4
chr15	79786351	79804709	-	73340	Nptxr
chr15	79786351	79834333	-	504193	Npcd
chr15	79823898	79834333	-	494448	Cbx6
chr15	79889532	79893138	-	109361	D730005E14Rik
chr15	79892408	79908429	+	80287	Apobec3
chr15	79915807	79932646	-	52609	Cbx7
chr15	79995874	80014808	-	18591	Pdgfb
chr15	79998970	79999026	-	102465699	Mir7213
chr15	80077781	80083406	-	27367	Rpl3
chr15	80078503	80078579	-	100302601	Snord83b
chr15	80082859	80082906	-	100302600	Snord43
chr15	80091334	80119501	+	20972	Syngr1
chr15	80133154	80161702	+	66513	Tab1
chr15	80173721	80215519	+	17309	Mgat3
chr15	80234080	80253371	+	239555	Mief1
chr15	80255184	80257545	+	11911	Atf4
chr15	80260614	80264306	-	66538	Rps19bp1
chr15	80287238	80398292	+	239556	Cacna1i
chr15	80452240	80560470	-	383075	Enthd1
chr15	80572597	80652854	+	17444	Grap2
chr15	80646073	80646136	+	102466773	Mir6957
chr15	80671847	80700425	+	213956	Fam83f
chr15	80691025	80697610	-	106059	A430088P11Rik
chr15	80711313	80941086	+	213988	Tnrc6b
chr15	80940039	80940120	+	100628612	Mir5113
chr15	80948490	80970947	+	11564	Adsl
chr15	80977765	81012290	+	105835	Sgsm3
chr15	81012281	81190757	-	223701	Mkl1
chr15	81190853	81192757	+	67638	4930483J18Rik
chr15	81235499	81238964	+	207911	Mchr1
chr15	81242654	81251862	-	78102	8430426J06Rik
chr15	81318921	81360765	-	20524	Slc25a17
chr15	81365044	81400073	-	70356	St13
chr15	81400188	81454888	+	321003	Xpnpep3
chr15	81407088	81408273	-	57755	Dnajb7
chr15	81466316	81476369	+	56438	Rbx1
chr15	81586214	81652077	+	328572	Ep300
chr15	81663889	81688315	+	214669	L3mbtl2
chr15	81686166	81697287	-	214685	Chadl
chr15	81704248	81729919	-	19387	Rangap1
chr15	81744848	81796269	+	20286	Zc3h7b
chr15	81800791	81802613	-	100504312	Gm17597
chr15	81802673	81826863	+	21685	Tef
chr15	81848270	81858326	-	57259	Tob2
chr15	81864516	81871892	-	68479	Phf5a
chr15	81872463	81915137	+	11429	Aco2
chr15	81915030	81926213	-	78929	Polr3h
chr15	81936759	81950941	+	105859	Csdc2
chr15	81951106	81960930	-	29858	Pmm1
chr15	81980540	81981563	+	66346	1700029P11Rik
chr15	81992523	82016140	-	28075	Desi1
chr15	82015519	82040084	+	14375	Xrcc6
chr15	82041345	82047598	-	20826	Snu13
chr15	82059151	82066538	+	328573	4930407I10Rik
chr15	82070117	82126814	+	74369	Mei1
chr15	82127922	82142203	+	76457	Ccdc134
chr15	82147269	82204960	+	20788	Srebf2
chr15	82198122	82198190	+	723897	Mir33
chr15	82206952	82212815	-	435145	Shisa8
chr15	82221744	82224339	-	72049	Tnfrsf13c
chr15	82233762	82244747	-	66570	Cenpm
chr15	82252397	82260753	+	76505	1500009C09Rik
chr15	82274935	82294442	+	24050	Sept3
chr15	82298984	82314558	+	74716	Wbp2nl
chr15	82329532	82338826	-	17939	Naga
chr15	82340923	82345710	+	338368	Pheta2
chr15	82346030	82349062	+	69029	Smdt1
chr15	82350139	82354291	-	67130	Ndufa6
chr15	82370527	82380260	-	56448	Cyp2d22
chr15	82389154	82394022	-	545123	Cyp2d11
chr15	82393919	82393978	-	102465786	Mir7684
chr15	82402846	82407194	-	13101	Cyp2d10
chr15	82452377	82456827	+	13105	Cyp2d9
chr15	82555098	82559413	+	380997	Cyp2d12
chr15	82615965	82620907	-	223706	Cyp2d34
chr15	82636187	82642045	-	68444	Cyp2d13
chr15	82688750	82690499	-	627860	Cyp2d37-ps
chr15	82759833	82764122	-	71754	Cyp2d40
chr15	82790107	82794245	-	76279	Cyp2d26
chr15	82808622	82912134	-	21411	Tcf20
chr15	82890483	82898461	-	21378	Tbrg3
chr15	82899080	82905816	+	100504637	Gm20324
chr15	82959218	82959296	-	100526477	Mir3080
chr15	82996736	83033397	-	74039	Nfam1
chr15	83100205	83116671	+	68607	Serhl
chr15	83115846	83122801	-	74778	Rrp7a
chr15	83125978	83149336	-	73826	Poldip3
chr15	83149645	83149794	+	104307	Rnu12
chr15	83153501	83172208	-	109754	Cyb5r3
chr15	83226722	83251774	-	239559	A4galt
chr15	83299740	83350247	-	66251	Arfgap3
chr15	83353847	83367297	-	69291	1700001L05Rik
chr15	83375607	83464606	-	23970	Pacsin2
chr15	83483769	83510907	-	319953	Ttll1
chr15	83526862	83544635	+	12124	Bik
chr15	83546797	83555711	-	223722	Mcat
chr15	83563573	83574203	+	12257	Tspo
chr15	83575094	83595157	-	223723	Ttll12
chr15	83602583	83725039	-	64706	Scube1
chr15	83780023	83858474	+	223726	Mpped1
chr15	83866712	84065349	-	77627	Efcab6
chr15	84076097	84105754	-	29859	Sult4a1
chr15	84112356	84123175	-	75772	Pnpla5
chr15	84167816	84189521	+	116939	Pnpla3
chr15	84168270	84168377	+	102466642	Mir6392
chr15	84192233	84214303	+	68653	Samm50
chr15	84232043	84315609	+	170736	Parvb
chr15	84324720	84342978	+	64099	Parvg
chr15	84379203	84447097	-	72301	Shisal1
chr15	84553398	84557823	-	223732	Rtl6
chr15	84663244	84703673	+	109270	Prr5
chr15	84714629	84720266	-	328576	Gm20556
chr15	84720052	84772207	+	73167	Arhgap8
chr15	84785376	84856129	-	271305	Phf21b
chr15	84923428	84942963	+	18141	Nup50
chr15	84945720	84987971	-	223739	5031439G07Rik
chr15	84951526	84951623	-	100526461	Mir1249
chr15	85017141	85022560	+	22270	Upk3a
chr15	85037062	85062830	+	73225	Fam118a
chr15	85064689	85131957	-	140557	Smc1b
chr15	85132099	85144569	+	67747	Ribc2
chr15	85149254	85156132	-	100502602	Gm19277
chr15	85206008	85286294	+	14114	Fbln1
chr15	85336381	85463836	+	54138	Atxn10
chr15	85492736	85503227	-	328577	7530416G11Rik
chr15	85535437	85581821	-	22422	Wnt7b
chr15	85581142	85593708	+	105975	AU022754
chr15	85703773	85707524	+	102800312	Lncppara
chr15	85706603	85706697	+	723966	Mirlet7c-2
chr15	85707319	85707403	+	387245	Mirlet7b
chr15	85735564	85806851	+	19013	Ppara
chr15	85806972	85811697	-	72355	Cdpf1
chr15	85814676	85821733	-	18766	Pkdrej
chr15	85832304	85858822	+	239570	Ttc38
chr15	85859707	85876573	+	29870	Gtse1
chr15	85879327	85897393	+	72026	Trmu
chr15	85898758	86033777	-	12614	Celsr1
chr15	86057695	86137636	+	223752	Gramd4
chr15	86139101	86186141	-	223753	Cerk
chr15	86214459	86498503	+	223754	Tbc1d22a
chr15	87544299	87759364	+	106014	Fam19a5
chr15	87795850	87795943	-	102465209	Mir6393
chr15	88314874	88372651	+	328579	B230214G05Rik
chr15	88600302	88601669	+	70073	Zdhhc25
chr15	88687035	88734219	-	223770	Brd1
chr15	88751711	88784516	+	223773	Zbed4
chr15	88805243	88819318	-	223774	Alg12
chr15	88819646	88826681	+	76737	Creld2
chr15	88862194	88865726	+	223775	Pim3
chr15	88890511	88954418	-	239591	Ttll8
chr15	88955884	88978553	-	170790	Mlc1
chr15	88982994	89055152	+	83456	Mov10l1
chr15	89059726	89070907	+	406218	Panx2
chr15	89071198	89075854	-	69120	1810021B22Rik
chr15	89076064	89087075	+	67976	Trabd
chr15	89089107	89100340	+	223776	Selenoo
chr15	89099098	89123150	-	328580	Tubgcp6
chr15	89123303	89128700	-	170787	Hdac10
chr15	89130584	89140703	-	29857	Mapk12
chr15	89142482	89149606	-	19094	Mapk11
chr15	89155546	89180788	-	140570	Plxnb2
chr15	89162848	89162908	-	102465672	Mir7118
chr15	89182213	89196474	-	69440	Dennd6b
chr15	89185465	89185537	-	102465578	Mir6958
chr15	89211559	89286261	+	71474	Ppp6r2
chr15	89288236	89315311	-	77980	Sbf1
chr15	89305658	89305732	-	102465981	Mir6959
chr15	89322720	89324731	+	223780	Adm2
chr15	89334473	89337007	+	56727	Miox
chr15	89351004	89355659	-	105847	Lmf2
chr15	89355719	89372850	+	52683	Ncaph2
chr15	89371637	89377036	-	72962	Tymp
chr15	89377449	89379254	-	70113	Odf3b
chr15	89386891	89388708	+	546648	Klhdc7b
chr15	89390174	89410503	-	75459	Syce3
chr15	89416405	89425862	-	12895	Cpt1b
chr15	89426349	89429927	-	12651	Chkb
chr15	89453911	89462447	+	60597	Mapk8ip2
chr15	89472476	89477424	-	11883	Arsa
chr15	89476236	89484850	+	100532730	C230037L18Rik
chr15	89499857	89560261	+	58234	Shank3
chr15	89568326	89574585	+	11434	Acr
chr15	89582527	89591923	-	68708	Rabl2
chr15	89782393	89841860	-	54526	Syt10
chr15	90224311	90230554	+	380959	Alg10b
chr15	90224360	90224412	+	102466838	Mir7648
chr15	90353710	90368444	+	102640415	Gm36480
chr15	90487481	90679388	-	66871	Cpne8
chr15	90891396	90898476	-	20738	Spn-ps
chr15	90933275	91049951	-	16564	Kif21a
chr15	91145871	91191807	-	26874	Abcd2
chr15	91267691	91573261	-	239606	Slc2a13
chr15	91673224	91816124	+	66725	Lrrk2
chr15	91838326	91861435	+	223809	Smgc
chr15	91838326	91934555	+	239611	Muc19
chr15	91949540	92341967	+	12805	Cntn1
chr15	92344359	92378103	+	105246020	Gm26760
chr15	92396810	92771819	+	239618	Pdzrn4
chr15	93239742	93275084	-	223827	Gxylt1
chr15	93283833	93336935	-	67057	Yaf2
chr15	93386113	93398290	-	67197	Zcrb1
chr15	93398350	93491913	+	223828	Pphln1
chr15	93499114	93595891	-	106042	Prickle1
chr15	93904856	93927111	-	77248	9430014N10Rik
chr15	94247202	94255606	+	328594	D630010B17Rik
chr15	94270163	94404350	-	223838	Adamts20
chr15	94522640	94543507	-	78895	Pus7l
chr15	94543660	94568317	+	266632	Irak4
chr15	94577948	94589824	-	19230	Twf1
chr15	94629185	95096097	+	320709	Tmem117
chr15	95075230	95528559	-	54003	Nell2
chr15	95097622	95162394	-	100043315	LOC100043315
chr15	95623563	95654771	-	223843	Dbx2
chr15	95747247	95751591	-	629300	Gm6961
chr15	95790843	95975472	+	105722	Ano6
chr15	95824458	95830072	-	102634389	LOC102634389
chr15	96051616	96079553	-	402773	D030018L15Rik
chr15	96134819	96283608	-	70040	2610037D02Rik
chr15	96182800	96203470	+	100043335	Gm4371
chr15	96231870	96254684	-	75768	4833422M21Rik
chr15	96268564	96275275	-	319722	E330033B04Rik
chr15	96287522	96405463	+	77044	Arid2
chr15	96411698	96460843	-	72193	Scaf11
chr15	96571418	96642913	-	105727	Slc38a1
chr15	96687392	96699698	-	67760	Slc38a2
chr15	96994823	97055956	-	69354	Slc38a4
chr15	97244074	97247287	-	105827	Amigo2
chr15	97247107	97385693	+	239647	Pced1b
chr15	97675105	97705822	-	71919	Rpap3
chr15	97711019	97731405	-	19011	Endou
chr15	97744770	97767666	-	223864	Rapgef3
chr15	97784365	97792692	+	67739	Slc48a1
chr15	97792664	97844502	-	56233	Hdac7
chr15	97854427	97908296	-	22337	Vdr
chr15	97964229	97970286	+	380967	Tmem106c
chr15	97975602	98004724	-	12824	Col2a1
chr15	98038744	98093569	-	223870	Senp1
chr15	98092589	98132447	+	18642	Pfkm
chr15	98134640	98165578	-	78541	Asb8
chr15	98167806	98170134	+	239650	Ccdc184
chr15	98186013	98221056	-	545140	Olfr288
chr15	98206971	98221056	-	634104	Olfr287
chr15	98226675	98234450	-	629524	Olfr286
chr15	98255982	98257307	-	70069	H1fnt
chr15	98286122	98296083	-	239652	Zfp641
chr15	98312589	98313548	-	257943	Olfr285
chr15	98340022	98340939	-	258278	Olfr284
chr15	98378179	98379108	-	259038	Olfr283
chr15	98398445	98416135	+	73302	1700031M16Rik
chr15	98437470	98438397	+	258449	Olfr282
chr15	98456312	98457247	+	258277	Olfr281
chr15	98480400	98482683	-	16770	Lalba
chr15	98497474	98498406	+	258502	Olfr279
chr15	98517658	98534269	-	69612	Kansl2
chr15	98519717	98519878	-	100217417	Snora34
chr15	98526348	98526459	-	100217416	Snora2b
chr15	98543211	98568283	-	12455	Ccnt1
chr15	98567324	98570864	+	100048895	9330020H09Rik
chr15	98571004	98589588	+	73863	4930415O20Rik
chr15	98589978	98607633	-	11512	Adcy6
chr15	98632328	98644536	+	12297	Cacnb3
chr15	98645507	98662889	-	74351	Ddx23
chr15	98663421	98677461	-	223881	Rnd1
chr15	98708227	98723336	+	105833	Ccdc65
chr15	98724368	98728198	-	66120	Fkbp11
chr15	98737626	98763118	-	11842	Arf3
chr15	98771752	98778150	-	22410	Wnt10b
chr15	98789857	98793830	+	22408	Wnt1
chr15	98803782	98807925	-	13199	Ddn
chr15	98812797	98831508	-	19082	Prkag1
chr15	98831669	98871205	-	381022	Kmt2d
chr15	98877760	98881414	-	69159	Rhebl1
chr15	98891155	98898540	-	13363	Dhh
chr15	98903921	98918098	-	74775	Lmbr1l
chr15	98931429	98934390	-	22143	Tuba1b
chr15	98949847	98953501	-	22142	Tuba1a
chr15	98985965	98989281	+	75951	4930578M01Rik
chr15	99029891	99038105	+	22146	Tuba1c
chr15	99055174	99058978	+	19132	Prph
chr15	99074973	99083409	+	78733	Troap
chr15	99080805	99080865	+	102465579	Mir6960
chr15	99084754	99087728	-	239659	C1ql4
chr15	99099484	99104709	+	72778	Dnajc22
chr15	99126060	99212466	+	72572	Spats2
chr15	99224976	99242817	+	16512	Kcnh3
chr15	99242817	99251961	-	51812	Mcrs1
chr15	99251788	99262041	+	73600	1700120C14Rik
chr15	99271018	99287180	-	545136	Fam186b
chr15	99295239	99317007	+	54614	Prpf40b
chr15	99317212	99370482	-	22379	Fmnl3
chr15	99392947	99410049	+	110213	Tmbim6
chr15	99422034	99457748	-	380969	Nckap5l
chr15	99470084	99474730	-	75284	Bcdin3d
chr15	99497005	99528165	-	72393	Faim2
chr15	99579056	99584545	+	11827	Aqp2
chr15	99591028	99594829	+	11830	Aqp5
chr15	99601400	99605477	+	11831	Aqp6
chr15	99620496	99651656	-	26934	Racgap1
chr15	99670718	99701130	+	11419	Asic1
chr15	99702287	99713995	+	83797	Smarcd1
chr15	99717593	99725008	+	14555	Gpd1
chr15	99725618	99728136	+	66379	Cox14
chr15	99735592	99772515	-	71949	Cers5
chr15	99778468	99875456	-	65970	Lima1
chr15	99918348	99931658	-	72277	Fam186a
chr15	99970065	100016358	+	207214	Larp4
chr15	99972167	99973287	-	70281	2310068J16Rik
chr15	100038664	100219473	+	239667	Dip2b
chr15	100227859	100261248	+	11908	Atf1
chr15	100280837	100293053	+	75002	Tmprss12
chr15	100304817	100328662	+	70152	Mettl7a1
chr15	100334929	100340169	+	668178	Mettl7a3
chr15	100353200	100361819	+	393082	Mettl7a2
chr15	100353200	100384435	+	554292	Methig1
chr15	100387898	100424214	-	18174	Slc11a2
chr15	100423193	100428150	+	432982	Gm5475
chr15	100469034	100479252	+	68614	Letmd1
chr15	100479570	100495239	-	207785	Csrnp2
chr15	100502748	100552008	-	21422	Tfcp2
chr15	100575318	100599984	-	19009	Pou6f1
chr15	100614140	100615110	-	78445	C330013E15Rik
chr15	100615662	100620761	+	23994	Dazap2
chr15	100621339	100636940	-	207818	Smagp
chr15	100641082	100669500	-	668218	Bin2
chr15	100649163	100649229	-	102465580	Mir6961
chr15	100674422	100687920	-	109901	Cela1
chr15	100689915	100729376	-	207839	Galnt6
chr15	100730505	100732737	-	619313	I730030J21Rik
chr15	100761747	100823971	+	59033	Slc4a8
chr15	100869858	101045938	+	20273	Scn8a
chr15	101050192	101054399	-	668225	Fignl2
chr15	101115755	101120028	+	208258	Ankrd33
chr15	101128522	101145336	+	11482	Acvrl1
chr15	101174125	101212601	+	11479	Acvr1b
chr15	101193869	101193931	+	102466774	Mir6962
chr15	101221191	101225186	-	380977	A330009N23Rik
chr15	101221247	101222155	+	105968	AU021063
chr15	101224207	101232756	+	56149	Grasp
chr15	101266846	101274795	+	15370	Nr4a1
chr15	101284301	101290934	+	68118	Atg101
chr15	101293212	101297426	+	77717	6030408B16Rik
chr15	101347444	101370125	-	74127	Krt80
chr15	101369352	101369434	+	100316694	Mir1941
chr15	101412403	101427806	+	110310	Krt7
chr15	101431490	101438804	-	406219	Krt87
chr15	101431490	101487983	-	53622	Krt85
chr15	101447745	101453909	+	66322	Krt88
chr15	101459061	101463765	-	64818	Krt81
chr15	101473478	101479983	+	16679	Krt86
chr15	101485130	101491512	-	100126226	Krt83
chr15	101503816	101506313	+	574415	Gm6042
chr15	101525026	101532820	-	16680	Krt84
chr15	101541216	101550659	-	114566	Krt82
chr15	101552356	101562950	-	239673	Krt90
chr15	101563343	101573904	-	109052	Krt75
chr15	101587317	101588572	-	432985	Gm5476
chr15	101608874	101610479	+	432986	Gm5477
chr15	101624028	101628188	-	406223	Gm5414
chr15	101643019	101647380	-	432987	Gm5478
chr15	101676023	101680289	-	16688	Krt6b
chr15	101689928	101694305	-	16687	Krt6a
chr15	101707070	101712891	-	110308	Krt5
chr15	101733949	101743097	-	56735	Krt71
chr15	101754259	101763504	-	406222	Krt74
chr15	101776560	101786458	-	105866	Krt72
chr15	101793308	101802332	-	223915	Krt73
chr15	101810689	101818169	-	16681	Krt2
chr15	101845426	101850786	-	16678	Krt1
chr15	101859856	101869618	-	406220	Krt77
chr15	101884351	101892920	-	77055	Krt76
chr15	101918535	101924735	-	16682	Krt4
chr15	101929332	101940324	-	223917	Krt79
chr15	101946004	101954287	-	332131	Krt78
chr15	101996711	102004342	-	16691	Krt8
chr15	102028216	102032026	+	16668	Krt18
chr15	102073773	102097173	+	75705	Eif4b
chr15	102100413	102116401	+	209039	Tns2
chr15	102116528	102136215	-	223918	Spryd3
chr15	102144186	102149512	+	16012	Igfbp6
chr15	102150575	102163436	+	223920	Soat2
chr15	102176998	102203163	-	246277	Csad
chr15	102203645	102215610	+	68744	Zfp740
chr15	102215995	102231935	-	16421	Itgb7
chr15	102234938	102257522	-	19411	Rarg
chr15	102279456	102281744	+	106073	Mfsd5
chr15	102296293	102324356	+	105988	Espl1
chr15	102326116	102331490	+	56612	Pfdn5
chr15	102331709	102338139	+	60315	Myg1
chr15	102338247	102350759	-	223921	Aaas
chr15	102357177	102366968	-	170574	Sp7
chr15	102406316	102436404	+	20683	Sp1
chr15	102445367	102454639	+	110542	Amhr2
chr15	102459170	102462806	+	66151	Prr13
chr15	102470632	102500059	+	18521	Pcbp2
chr15	102497647	102517004	-	26404	Map3k12
chr15	102518192	102523676	+	21357	Tarbp2
chr15	102523839	102524621	-	54615	Npff
chr15	102523839	102625464	-	223922	Atf7
chr15	102662868	102671047	-	67942	Atp5g2
chr15	102671792	102671866	-	751542	Mir688
chr15	102706777	102722178	-	67488	Calcoco1
chr15	102746441	102746909	-	102216269	Gm38436
chr15	102921131	102928814	+	15422	Hoxc13
chr15	102936853	102938517	+	15421	Hoxc12
chr15	102944062	102947946	-	100503872	Hotair
chr15	102954526	102956701	+	109663	Hoxc11
chr15	102966796	102971898	+	209448	Hoxc10
chr15	102973350	102973434	+	723958	Mir196a-2
chr15	102977032	102984444	+	15427	Hoxc9
chr15	102990539	102994254	+	15426	Hoxc8
chr15	102998714	103011881	+	15425	Hoxc6
chr15	103014008	103017429	+	15424	Hoxc5
chr15	103014910	103015001	+	751557	Mir615
chr15	103018936	103036852	+	15423	Hoxc4
chr15	103123070	103146828	-	432989	D930007P13Rik
chr15	103153290	103167982	-	71726	Smug1
chr15	103191546	103239816	-	12419	Cbx5
chr15	103240397	103246698	+	15382	Hnrnpa1
chr15	103248212	103258403	-	18022	Nfe2
chr15	103272918	103299865	+	56447	Copz1
chr15	103285125	103285221	+	724064	Mir148b
chr15	103308235	103310438	-	80910	Gpr84
chr15	103313895	103340086	-	29813	Zfp385a
chr15	103344286	103366791	-	16402	Itga5
chr15	103350455	103350525	-	102466775	Mir6963
chr15	103402458	103430427	-	74174	Gtsf1
chr15	103438960	103448459	-	223927	Gtsf2
chr15	103453825	103498800	+	105855	Nckap1l
chr15	103503034	103530056	+	18574	Pde1b
chr15	103530279	103537992	-	58200	Ppp1r1a
chr15	103562759	103565081	-	14663	Glycam1
chr15	103751923	103899312	-	20771	Mucl1
chr15	103895855	103899312	-	20770	Mucl2
chr16	3592398	3593339	+	258859	Olfr161
chr16	3707215	3718124	-	54483	Mefv
chr16	3744099	3750788	+	74120	Zfp263
chr16	3838975	3839913	+	18312	Olfr15
chr16	3847223	3858880	+	385674	Zfp174
chr16	3861544	3872374	-	71063	Zfp597
chr16	3884619	3904781	+	74763	Naa60
chr16	3895181	3907757	-	105246059	Gm41410
chr16	3905798	3908689	-	73261	1700037C18Rik
chr16	3909009	3941147	+	76779	Cluap1
chr16	3946933	3976632	-	268857	Nlrc3
chr16	3979105	4001678	-	52864	Slx4
chr16	4037101	4040024	+	13419	Dnase1
chr16	4039977	4077810	-	68015	Trap1
chr16	4084048	4213404	-	12914	Crebbp
chr16	4219912	4229116	-	76397	4930455F16Rik
chr16	4229229	4231205	+	436332	Gm5766
chr16	4284886	4420498	-	11515	Adcy9
chr16	4480228	4523053	-	106393	Srl
chr16	4544661	4559720	-	83383	Tfap4
chr16	4594713	4615957	+	83396	Glis2
chr16	4616466	4624946	-	66449	Pam16
chr16	4626884	4679720	-	78885	Coro7
chr16	4639945	4651166	+	246154	Vasn
chr16	4684070	4707695	+	83945	Dnaja3
chr16	4711317	4719356	-	67824	Nmral1
chr16	4726361	4766249	+	15369	Hmox2
chr16	4765461	4790246	-	66626	Cdip1
chr16	4835416	4867691	+	78809	4930562C15Rik
chr16	4874779	4879851	-	207740	Ubald1
chr16	4886100	4938296	+	17237	Mgrn1
chr16	4935164	4939585	-	100503704	Gm16861
chr16	4939111	4941028	+	66911	Nudt16l1
chr16	4941415	4964237	-	72615	Anks3
chr16	4964289	4978962	+	74684	4930451G09Rik
chr16	4986858	4997852	-	71089	Sept12
chr16	5007288	5008309	+	432995	Smim22
chr16	5008729	5013553	-	66049	Rogdi
chr16	5013902	5049910	-	74022	Glyr1
chr16	5050068	5086285	+	170644	Ubn1
chr16	5086291	5132481	-	19041	Ppl
chr16	5147109	5183934	+	665119	Sec14l5
chr16	5195280	5204012	-	27426	Nagpa
chr16	5211819	5222299	-	239691	AU021092
chr16	5215789	5215874	-	102465188	Mir6364
chr16	5233621	5244907	+	208211	Alg1
chr16	5244155	5255956	-	70511	Eef2kmt
chr16	5884793	7412480	+	268859	Rbfox1
chr16	5975587	5998496	+	68238	1700123O21Rik
chr16	8409276	8425136	-	74720	Tmem114
chr16	8470813	8490197	+	239706	Mettl22
chr16	8513429	8621568	+	268860	Abat
chr16	8633731	8637701	-	66690	Tmem186
chr16	8637707	8657524	+	54128	Pmm2
chr16	8658587	8672153	-	52502	Carhsp1
chr16	8680770	8683905	+	436336	Gm5767
chr16	8688722	8792308	-	252870	Usp7
chr16	8830100	8858924	+	69053	1810013L24Rik
chr16	9577710	9992533	-	14811	Grin2a
chr16	10170228	10174911	+	68172	Rpl39l
chr16	10192906	10243051	+	75329	Atf7ip2
chr16	10281749	10313968	-	13731	Emp2
chr16	10324105	10331285	-	381033	Gm1600
chr16	10357952	10395465	-	70426	Tekt5
chr16	10411938	10424428	+	26425	Nubp1
chr16	10420557	10447350	-	383103	Tvp23a
chr16	10480072	10527640	+	12265	Ciita
chr16	10530207	10543054	-	58239	Dexi
chr16	10545339	10744878	+	74374	Clec16a
chr16	10783808	10785536	-	12703	Socs1
chr16	10787935	10788655	-	21959	Tnp2
chr16	10790508	10790914	-	19120	Prm3
chr16	10791377	10792105	-	19119	Prm2
chr16	10796332	10796823	-	19118	Prm1
chr16	10835059	10892966	+	223970	Rmi2
chr16	10912012	10914797	-	545180	Gm21859
chr16	10959273	10993121	-	56722	Litaf
chr16	11008898	11015184	+	100043147	Gm4262
chr16	11060945	11074985	+	20621	Snn
chr16	11074911	11134532	-	106200	Txndc11
chr16	11136594	11176393	-	106205	Zc3h7a
chr16	11193037	11203292	-	66409	Rsl1d1
chr16	11203383	11225796	+	69918	2610020C07Rik
chr16	11216240	11254325	-	14852	Gspt1
chr16	11254368	11254445	-	100316833	Mir1945
chr16	11313809	11320068	+	21935	Tnfrsf17
chr16	11322904	11755473	+	74478	Snx29
chr16	11779702	11781501	+	73761	4833415N18Rik
chr16	11803721	11909423	-	223978	Cpped1
chr16	11901364	11930594	+	791359	Gm9961
chr16	11984113	12270904	+	72555	Shisa9
chr16	12811390	12848653	+	75493	1700003L19Rik
chr16	13109736	13152009	+	50505	Ercc4
chr16	13256481	13417529	+	239719	Mkl2
chr16	13449523	13449601	+	100124432	Mir193b
chr16	13453840	13453926	+	723899	Mir365-1
chr16	13471080	13471180	-	102466153	Mir6365
chr16	13514131	13520419	-	70100	2310015D24Rik
chr16	13537964	13668170	-	74108	Parn
chr16	13671858	13703612	+	67118	Bfar
chr16	13715057	13730484	-	26565	Pla2g10
chr16	13729836	13739471	+	76684	Pla2g10os
chr16	13780699	13814841	+	106298	Rrn3
chr16	13819277	13835450	+	18203	Ntan1
chr16	13833573	13903145	-	94184	Pdxdc1
chr16	13903161	13949619	+	93734	Mpv17l
chr16	13981702	13986867	-	74482	Ifitm7
chr16	13986637	14101494	+	67254	2900011O08Rik
chr16	14109166	14163351	-	223989	Marf1
chr16	14159626	14159692	+	723916	Mir484
chr16	14163275	14192928	+	67203	Nde1
chr16	14194527	14291408	-	17880	Myh11
chr16	14299244	14317332	-	66086	Fopnl
chr16	14361558	14474878	+	17250	Abcc1
chr16	14562317	14621284	+	545280	A630010A05Rik
chr16	14705859	14709385	+	20583	Snai2
chr16	14906646	14938120	+	66793	Efcab1
chr16	15550986	15594518	-	70620	Ube2v2
chr16	15623897	15637400	-	17217	Mcm4
chr16	15637866	15842239	+	19090	Prkdc
chr16	15848441	15863369	-	72083	Mzt2
chr16	15887286	15889545	+	12609	Cebpd
chr16	15889224	16146851	-	224008	Spidr
chr16	16213345	16272712	+	67451	Pkp2
chr16	16302965	16309640	+	70120	Yars2
chr16	16312228	16359031	-	74006	Dnm1l
chr16	16416915	16600551	-	224014	Fgd4
chr16	16673050	16673979	-	18316	Olfr19
chr16	16707687	16718121	-	74066	4933404G15Rik
chr16	16753016	16829363	-	50525	Spag6l
chr16	16819713	16820196	-	665562	Rpl31-ps12
chr16	16860671	16863985	-	16136	Igll1
chr16	16868401	16869255	-	22362	Vpreb1
chr16	16870736	16892986	+	21976	Top3b
chr16	16896469	16927375	+	68606	Ppm1f
chr16	16983382	17047453	+	26413	Mapk1
chr16	17070139	17087045	+	106369	Ypel1
chr16	17086555	17111252	-	66053	Ppil2
chr16	17113398	17125106	-	70458	2610318N02Rik
chr16	17124061	17124142	-	723816	Mir130b
chr16	17124400	17124496	-	791069	Mir301b
chr16	17130138	17132383	-	64136	Sdf2l1
chr16	17139064	17147229	-	76872	Ccdc116
chr16	17144621	17160701	+	69101	Ydjc
chr16	17152015	17201492	-	22195	Ube2l3
chr16	17208135	17213982	+	239731	Rimbp3
chr16	17233587	17263430	+	58180	Hic2
chr16	17276300	17278661	+	224019	Tmem191c
chr16	17280351	17406314	-	224020	Pi4ka
chr16	17331371	17343572	+	15160	Serpind1
chr16	17406000	17430826	+	67474	Snap29
chr16	17451985	17487440	+	12929	Crkl
chr16	17489611	17507485	+	72168	Aifm3
chr16	17508971	17526331	+	66863	Lztr1
chr16	17527982	17531052	-	69009	Thap7
chr16	17544465	17561247	-	74685	Lrrc74b
chr16	17561885	17577800	+	18440	P2rx6
chr16	17572018	17576671	-	224022	Slc7a4
chr16	17619354	17644830	+	77626	Smpd4
chr16	17646470	17650738	+	72315	Ccdc74a
chr16	17651208	17722947	-	94112	Med15
chr16	17759621	17793382	+	224023	Klhl22
chr16	17797282	17808293	+	224024	Scarf2
chr16	17833119	17835019	+	433004	B830017H08Rik
chr16	17835276	17838186	-	80733	Car15
chr16	17840355	17893468	-	13356	Dgcr2
chr16	17894203	17895653	+	22114	Tssk1
chr16	17898637	17900024	+	22115	Tssk2
chr16	17900709	17911348	-	27886	Ess2
chr16	17913554	17915059	-	195333	Gsc2
chr16	17925211	17928219	-	13358	Slc25a1
chr16	17980565	17981080	+	22363	Vpreb2
chr16	18052860	18071632	+	13353	Dgcr6
chr16	18060357	18089190	-	19125	Prodh
chr16	18127706	18152408	+	65079	Rtn4r
chr16	18165089	18165170	-	102465189	Mir6366
chr16	18208238	18213863	-	66779	4933432I09Rik
chr16	18220753	18235136	-	27801	Zdhhc8
chr16	18239979	18248694	-	19385	Ranbp1
chr16	18248883	18254772	+	15547	Trmt2a
chr16	18253964	18289168	-	94223	Dgcr8
chr16	18284239	18284317	-	100316814	Mir1306
chr16	18284550	18284637	-	104795666	Gm24572
chr16	18300825	18343932	-	27883	Tango2
chr16	18327401	18327465	-	387180	Mir185
chr16	18348182	18407076	+	11877	Arvcf
chr16	18406882	18426716	-	12846	Comt
chr16	18426417	18479073	+	26462	Txnrd2
chr16	18498713	18566680	+	13972	Gnb1l
chr16	18581704	18590671	-	21380	Tbx1
chr16	18620319	18622403	-	14724	Gp1bb
chr16	18621811	18629938	-	18951	Sept5
chr16	18776847	18778262	+	12741	Cldn5
chr16	18780447	18811972	-	12544	Cdc45
chr16	18812294	18835261	+	22230	Ufd1
chr16	18836580	18840113	+	72307	2510002D24Rik
chr16	18872018	18876637	-	18100	Mrpl40
chr16	18876750	18970309	+	15260	Hira
chr16	19285794	19286741	-	258443	Olfr164
chr16	19407076	19408017	-	258458	Olfr165
chr16	19486840	19487778	+	259071	Olfr166
chr16	19514696	19515634	-	258937	Olfr167
chr16	19529980	19530918	-	258354	Olfr168
chr16	19565940	19566881	-	258158	Olfr169
chr16	19605725	19606666	-	258959	Olfr170
chr16	19624157	19625101	-	258960	Olfr171
chr16	19653381	19706365	-	239739	Lamp3
chr16	19760234	19772753	+	108105	B3gnt5
chr16	19876567	19884274	-	68162	A930003A15Rik
chr16	19946492	19983049	-	239743	Klhl6
chr16	20097554	20127744	+	75785	Klhl24
chr16	20141063	20232573	+	208146	Yeats2
chr16	20233309	20241358	-	208158	Map6d1
chr16	20279820	20302362	-	381038	Parl
chr16	20308387	20325404	-	224044	Cyp2ab1
chr16	20331303	20426394	-	27416	Abcc5
chr16	20498817	20509325	+	224045	Eif2b5
chr16	20517064	20532315	+	13544	Dvl3
chr16	20535480	20544909	+	11773	Ap2m1
chr16	20545112	20548556	-	100042948	Gm15760
chr16	20548603	20561603	+	27406	Abcf3
chr16	20589582	20605377	+	328643	Vwa5b2
chr16	20604452	20604536	+	100316739	Mir1224
chr16	20605458	20611735	-	208624	Alg3
chr16	20611601	20618869	+	110599566	Eef1akmt4
chr16	20611601	20645915	+	110599584	Eef1akmt4-ece2
chr16	20619215	20621278	-	73047	Camk2n2
chr16	20629851	20646485	+	107522	Ece2
chr16	20651652	20663414	+	21762	Psmd2
chr16	20672727	20692883	+	208643	Eif4g1
chr16	20684256	20684313	+	100217430	Snord66
chr16	20695057	20703036	+	78408	Fam131a
chr16	20702966	20717746	-	12724	Clcn2
chr16	20717826	20722265	+	245841	Polr2h
chr16	20724454	20734511	-	21832	Thpo
chr16	20733127	20742384	+	12667	Chrd
chr16	21152659	21153944	-	66561	Teddm3
chr16	21204795	21223304	+	13845	Ephb3
chr16	21247499	21296872	-	328646	Gm16863
chr16	21256013	21256066	-	102465781	Mir7680
chr16	21331900	21333356	-	76222	Magef1
chr16	21423118	21644681	+	209018	Vps8
chr16	21649045	21694665	-	72190	2510009E07Rik
chr16	21761285	21787834	-	74147	Ehhadh
chr16	21794347	21809040	+	100043489	1300002E11Rik
chr16	21891969	21931877	+	71751	Map3k13
chr16	21934327	21947552	-	66664	Tmem41a
chr16	21953817	21995542	-	239759	Liph
chr16	22009484	22049269	+	75826	Senp2
chr16	22059009	22163299	-	319765	Igf2bp2
chr16	22245741	22265929	-	20462	Tra2b
chr16	22381313	22439570	-	104156	Etv5
chr16	22466568	22657231	-	110197	Dgkg
chr16	22511480	22517685	+	78082	9230117E06Rik
chr16	22532056	22532184	-	102465887	Mir8095
chr16	22605326	22605432	+	102465962	Mir6362
chr16	22805203	22811410	-	12970	Crygs
chr16	22813214	22857669	-	70573	Tbccd1
chr16	22857845	22879634	+	67838	Dnajb11
chr16	22874983	22894386	-	102632430	Gm30505
chr16	22892015	22899451	+	11625	Ahsg
chr16	22918382	22939768	+	59083	Fetub
chr16	22951072	22961659	+	94175	Hrg
chr16	22985852	23029101	-	385643	Kng2
chr16	23058300	23082078	+	16644	Kng1
chr16	23107468	23114132	+	13682	Eif4a2
chr16	23108953	23109020	+	100216532	Snord2
chr16	23110770	23110933	+	100217420	Snora81
chr16	23113948	23127730	-	106344	Rfc4
chr16	23146536	23157968	+	11450	Adipoq
chr16	23175280	23204376	+	105246089	C730014E05Rik
chr16	23220666	23225330	-	320099	BC106179
chr16	23224740	23360350	+	20440	St6gal1
chr16	23429133	23433960	+	239766	Rtp1
chr16	23451785	23520590	-	17174	Masp1
chr16	23609919	23614222	+	67775	Rtp4
chr16	23889581	23890844	-	20604	Sst
chr16	23925548	23930794	-	224055	Rtp2
chr16	23965052	23988612	-	12053	Bcl6
chr16	24392556	24393655	-	68841	Lppos
chr16	24393350	24992578	+	210126	Lpp
chr16	24529314	24534472	+	624582	Morf4l1-ps1
chr16	25059639	25069058	+	319487	A230028O05Rik
chr16	25286817	25422344	+	71338	Tprg
chr16	25683765	25892088	+	22061	Trp63
chr16	25960323	26105784	-	210530	P3h2
chr16	26356645	26371839	-	12737	Cldn1
chr16	26463135	26482765	+	114141	Cldn16
chr16	26503793	26526771	-	100043057	Tmem207
chr16	26581705	26725147	+	16180	Il1rap
chr16	26714682	26755502	-	100504628	Gm20319
chr16	26957235	26991652	-	239789	Gmnc
chr16	27307641	27351209	+	239790	Ostn
chr16	27353322	27370239	-	224065	Uts2b
chr16	27388956	27452218	+	67501	Ccdc50
chr16	27849930	27926128	+	100038623	Gm10823
chr16	28157783	28753243	-	14167	Fgf12
chr16	28599935	28600043	-	751543	Mir690
chr16	28826176	28929698	-	239796	Mb21d2
chr16	29209695	29230530	+	27281	Hrasls
chr16	29231914	29378732	-	268878	Atp13a5
chr16	29396038	29544864	-	224079	Atp13a4
chr16	29579334	29654602	+	74143	Opa1
chr16	29957927	29979124	-	328657	Gm1968
chr16	30008667	30021430	+	100043102	4632428C04Rik
chr16	30021842	30039479	-	71528	9030404E10Rik
chr16	30065357	30067796	+	15205	Hes1
chr16	30256378	30267532	-	71756	Cpn2
chr16	30269302	30283254	-	74488	Lrrc15
chr16	30307685	30310781	-	14729	Gp5
chr16	30312423	30388530	-	224088	Atp13a3
chr16	30511855	30550578	-	224090	Tmem44
chr16	30561369	30587589	-	224092	Lsg1
chr16	30599723	30602797	+	224093	Fam43a
chr16	30955503	31081432	-	268880	Xxylt1
chr16	31092413	31201238	-	78618	Acap2
chr16	31251541	31275277	-	66849	Ppp1r2
chr16	31296192	31314808	-	11815	Apod
chr16	31422297	31458901	+	71911	Bdh1
chr16	31618133	31638979	+	224098	Gm536
chr16	31663443	31873356	+	13383	Dlg1
chr16	31878810	31899020	+	30060	Meltf
chr16	31933851	31946046	+	239827	Pigz
chr16	31947051	31948521	-	106264	0610012G03Rik
chr16	31948546	31958472	+	68092	Ncbp2
chr16	31959670	32003287	-	320213	Senp5
chr16	31986831	31987791	-	101669761	Gm15694
chr16	32016290	32079342	-	224105	Pak2
chr16	32084416	32099727	-	72084	Pigx
chr16	32099802	32108054	+	66994	Cep19
chr16	32142825	32165476	-	224109	Nrros
chr16	32179800	32186944	+	328660	Bex6
chr16	32230112	32247025	-	268882	Fbxo45
chr16	32247227	32257083	+	68980	Wdr53
chr16	32267450	32267583	-	100316697	Mir1946a
chr16	32271609	32274779	+	69576	Smco1
chr16	32277461	32301442	+	70238	Rnf168
chr16	32332252	32393747	+	224111	Ubxn7
chr16	32400506	32408227	+	277203	Tm4sf19
chr16	32419702	32428892	+	66061	Tctex1d2
chr16	32430921	32475065	+	13026	Pcyt1a
chr16	32475578	32487879	-	106407	Slc51a
chr16	32496281	32507214	+	245308	Zdhhc19
chr16	32608896	32632794	+	22042	Tfrc
chr16	32644643	32683493	+	51789	Tnk2
chr16	32665223	32668197	-	675921	Tnk2os
chr16	32735886	32782391	+	140474	Muc4
chr16	32777419	32797435	-	224116	Muc20
chr16	32804888	32810446	-	381043	Smbd1
chr16	32821702	32877766	-	100502698	Rubcn
chr16	32877784	32908963	+	69823	Fyttd1
chr16	32914100	33016029	+	70144	Lrch3
chr16	33014270	33056186	-	69707	Iqcg
chr16	33056453	33060189	+	57808	Rpl35a
chr16	33062521	33125659	+	239833	Lmln
chr16	33105361	33105445	+	100316698	Mir1947
chr16	33185071	33243312	+	106326	Osbpl11
chr16	33251456	33299562	+	69150	Snx4
chr16	33379854	33380736	-	100502742	1700007L15Rik
chr16	33380775	33503903	+	22661	Zfp148
chr16	33518329	33664135	+	171286	Slc12a8
chr16	33684466	33768195	+	77446	Heg1
chr16	33794037	33819927	+	17063	Muc13
chr16	33829665	33949338	+	16419	Itgb5
chr16	33955012	33967003	-	22247	Umps
chr16	33969073	34514027	-	545156	Kalrn
chr16	34651211	34678610	+	76378	Ropn1
chr16	34690616	34725194	+	239839	Ccdc14
chr16	34745210	35002434	+	107589	Mylk
chr16	34935855	34939329	-	76649	1700119H24Rik
chr16	34943175	34958994	-	278725	E130310I04Rik
chr16	35022421	35109175	+	70757	Hacd2
chr16	35155636	35304549	+	224129	Adcy5
chr16	35311131	35363918	-	317717	Sec22a
chr16	35397312	35490873	-	72599	Pdia5
chr16	35503170	35509419	-	69768	1600019K03Rik
chr16	35541362	35664258	+	20357	Sema5b
chr16	35694903	35769356	-	224132	Dirc2
chr16	35770386	35828462	+	66667	Hspbap1
chr16	35832878	35871382	-	547253	Parp14
chr16	35926515	35939027	-	209200	Dtx3l
chr16	35938470	35972621	+	80285	Parp9
chr16	35983363	36036162	+	16646	Kpna1
chr16	36041190	36042974	+	69544	Wdr5b
chr16	36043844	36071515	-	70186	Fam162a
chr16	36071660	36092118	+	381045	Ccdc58
chr16	36119946	36131189	-	209294	Csta1
chr16	36156811	36161948	+	268885	Stfa2l1
chr16	36184212	36188111	+	433016	Gm5483
chr16	36194480	36197886	-	627962	Gm6815
chr16	36210403	36217788	+	408196	Gm5416
chr16	36221562	36257427	+	76770	2010005H15Rik
chr16	36277148	36285371	+	20861	Stfa1
chr16	36321665	36334332	-	100038854	BC117090
chr16	36359382	36367570	-	100034684	BC100530
chr16	36403946	36408363	-	20862	Stfa2
chr16	36450537	36455392	-	20863	Stfa3
chr16	36490585	36562134	-	12374	Casr
chr16	36603869	36666077	-	12524	Cd86
chr16	36693978	36726804	+	106347	Ildr1
chr16	36750164	36784962	-	57738	Slc15a2
chr16	36792884	36875003	-	106389	Eaf2
chr16	36828400	36872721	+	320299	Iqcb1
chr16	36875202	36933085	+	224139	Golgb1
chr16	36880519	36897189	-	68306	4930565N06Rik
chr16	36934983	36963214	+	15163	Hcls1
chr16	36966073	36990216	-	207215	Fbxo40
chr16	37011786	37095417	+	77782	Polq
chr16	37107307	37384958	-	207227	Stxbp5l
chr16	37509796	37539769	-	74197	Gtf2e1
chr16	37539894	37572385	+	67657	Rabl3
chr16	37580153	37632026	+	15233	Hgd
chr16	37647602	37654368	-	68194	Ndufb4
chr16	37777055	37836516	+	14314	Fstl1
chr16	37868400	37888857	+	320184	Lrrc58
chr16	37916496	38007530	+	239845	Gpr156
chr16	38017323	38054526	+	75175	4930542C21Rik
chr16	38085064	38089260	-	414072	BC031361
chr16	38089001	38246079	+	56637	Gsk3b
chr16	38248349	38294824	-	18171	Nr1i2
chr16	38297754	38341860	-	320214	Maats1
chr16	38346999	38352763	+	12856	Cox17
chr16	38362190	38378216	+	64082	Popdc2
chr16	38396117	38433145	-	85031	Pla1a
chr16	38445399	38452689	-	11544	Adprh
chr16	38455561	38495739	+	12519	Cd80
chr16	38497843	38522663	-	76916	Timmdc1
chr16	38525058	38550256	-	224143	Poglut1
chr16	38558698	38592162	+	67846	Tmem39a
chr16	38598343	38713035	-	12549	Arhgap31
chr16	38742259	38769054	+	56375	B4galt4
chr16	38773184	38800203	-	22268	Upk1b
chr16	38812205	38828749	-	74663	4930435E12Rik
chr16	38902345	39027159	+	207683	Igsf11
chr16	39984371	42174242	+	268890	Lsamp
chr16	42248552	42340651	-	14432	Gap43
chr16	42303362	42303469	-	102466172	Mir6540
chr16	42725702	42875762	-	75722	4932412D23Rik
chr16	42875893	43727234	+	56490	Zbtb20
chr16	42884370	42912070	-	100503040	Gm19522
chr16	43410518	43420196	-	626693	Gm15713
chr16	43640655	43640737	+	100124467	Mir568
chr16	43648861	43664184	-	100043314	Tigit
chr16	43762221	43822932	+	13490	Drd3
chr16	43861407	43926808	-	106248	Qtrt2
chr16	43889902	43964314	+	212153	Ccdc191
chr16	43969146	43979788	-	332175	Zdhhc23
chr16	43980350	44027945	-	207798	Gramd1c
chr16	44013852	44013977	+	100499519	Mir3470b
chr16	44085404	44139019	-	11964	Atp6v1a
chr16	44139809	44163364	+	72117	Naa50
chr16	44173397	44227465	+	207806	Usf3
chr16	44240180	44332838	-	320007	Sidt1
chr16	44347401	44388492	+	212514	Spice1
chr16	44394799	44482428	+	212517	Cfap44
chr16	44485045	44558870	-	117606	Boc
chr16	44558046	44558129	-	100526478	Mir3081
chr16	44724301	44737284	+	212547	Nepro
chr16	44738879	44746363	-	66067	Gtpbp8
chr16	44765736	44794977	+	57781	Cd200r1
chr16	44811785	44839150	+	239849	Cd200r4
chr16	44867097	44915840	+	271375	Cd200r2
chr16	44943678	44981380	+	74603	Cd200r3
chr16	45093676	45127924	+	67896	Ccdc80
chr16	45139573	45158673	-	74102	Slc35a5
chr16	45158829	45188538	+	67841	Atg3
chr16	45224337	45252895	+	208154	Btla
chr16	45382135	45409053	-	17470	Cd200
chr16	45416755	45492969	-	208166	Gm609
chr16	45535266	45607001	+	208169	Slc9c1
chr16	45610440	45622867	+	14525	Gcsam
chr16	45626848	45654118	-	212998	BC016579
chr16	45656317	45693658	-	208171	Tmprss7
chr16	45711230	45724531	-	56370	Tagln3
chr16	45729725	45742955	-	213012	Abhd10
chr16	45746230	45953598	-	208177	Phldb2
chr16	45945606	45957292	+	100503378	Gm15638
chr16	45959261	46010413	-	433022	Plcxd2
chr16	46035657	46120248	-	84544	Cd96
chr16	46152985	46155077	-	11615	Gm4737
chr16	46394858	46496967	-	58998	Nectin3
chr16	48283735	48294292	+	73693	Dppa4
chr16	48310274	48319513	+	73703	Dppa2
chr16	48399453	48412416	-	433023	Gm5485
chr16	48431237	48630905	+	17450	Morc1
chr16	48734690	48771956	-	77647	Trat1
chr16	48816856	48818892	+	57263	Retnlb
chr16	48842552	48844461	+	57262	Retnla
chr16	48872608	48874498	+	245195	Retnlg
chr16	48924228	48994112	-	224170	Dzip3
chr16	48994188	49019705	+	224171	Cip2a
chr16	49057486	49199104	+	667772	Myh15
chr16	49699294	49765126	+	73916	Ift57
chr16	49855654	49911688	+	16423	Cd47
chr16	49955830	49958912	+	100503490	Gm19723
chr16	49980460	49997475	+	628951	Gm6936
chr16	50019658	50072852	-	224180	Gm4827
chr16	50191844	50432389	-	70508	Bbx
chr16	50526245	50559459	+	619312	G730013B05Rik
chr16	50589859	50591154	-	69339	Ccdc54
chr16	50590503	50654166	+	75211	4930542D17Rik
chr16	50719297	50732773	-	68190	Dubr
chr16	50727132	50727245	+	102466634	Mir6363
chr16	50783409	50784091	+	78639	1700116B05Rik
chr16	51980376	51987287	-	629091	Gm29686
chr16	52031549	52208047	+	208650	Cblb
chr16	52248996	52452997	-	11658	Alcam
chr16	52799508	52815744	-	73820	4930404A05Rik
chr16	55225175	55283283	-	239852	Zpld1
chr16	55494731	55494797	+	100628589	Mir5118
chr16	55811377	55838641	-	80859	Nfkbiz
chr16	55839953	55895279	-	385658	Nxpe3
chr16	55899888	55934848	-	74201	Cep97
chr16	55966275	55971437	+	68193	Rpl24
chr16	55973268	55974617	-	66391	Zbtb11os1
chr16	55973804	56008913	+	271377	Zbtb11
chr16	56015508	56029717	-	76302	Pcnp
chr16	56033720	56037774	-	52575	Trmt10c
chr16	56048338	56190031	+	66315	Senp7
chr16	56204313	56273753	+	224224	Impg2
chr16	56477846	56690135	+	320712	Abi3bp
chr16	56690329	56717450	-	21787	Tfg
chr16	56724609	56795858	-	239853	Adgrg7
chr16	56805161	56886163	-	56277	Tmem45a
chr16	56914344	56927927	-	100503609	Lnp1
chr16	57036967	57071352	-	69457	Tmem45a2
chr16	57121714	57154530	+	28185	Tomm70a
chr16	57156665	57167332	-	52633	Nit2
chr16	57168862	57231466	-	67581	Tbc1d23
chr16	57266139	57292851	-	71027	Tmem30c
chr16	57302000	57606867	-	66497	Cmss1
chr16	57353277	57572804	+	78749	Filip1l
chr16	57624256	57754737	-	12837	Col8a1
chr16	58408535	58469745	+	73379	Dcbld2
chr16	58470541	58524246	-	54613	St3gal6
chr16	58613686	58616978	-	328695	Gm813
chr16	58635262	58638403	-	224247	E330017A01Rik
chr16	58670208	58680391	+	12892	Cpox
chr16	58717435	58718724	-	71223	Gpr15
chr16	58727910	58734247	+	224250	Cldnd1
chr16	58760152	58761240	-	259003	Olfr172
chr16	58796779	58797942	-	259002	Olfr173
chr16	58823781	58826761	-	259004	Olfr175-ps1
chr16	58872219	58873148	-	258998	Olfr177
chr16	58889259	58890218	-	258999	Olfr178
chr16	58915686	58918486	-	258178	Olfr180
chr16	58925557	58928644	-	259001	Olfr181
chr16	58995404	59000616	+	258478	Olfr183
chr16	59026976	59027905	-	258318	Olfr186
chr16	59035780	59039749	-	258319	Olfr187
chr16	59074155	59075078	-	258392	Olfr190
chr16	59085552	59086481	-	258035	Olfr191
chr16	59109679	59110608	-	257972	Olfr193
chr16	59119148	59120068	-	433031	Olfr194
chr16	59148852	59149778	+	259000	Olfr195
chr16	59167212	59168141	-	258775	Olfr196
chr16	59185556	59186481	-	258477	Olfr197
chr16	59201504	59202424	-	258036	Olfr198
chr16	59215685	59216611	-	404310	Olfr199
chr16	59268739	59269665	-	258996	Olfr201
chr16	59283572	59284495	-	258997	Olfr202
chr16	59303155	59304075	+	258479	Olfr203
chr16	59314488	59315405	-	258994	Olfr204
chr16	59328590	59329507	-	257881	Olfr205
chr16	59344779	59345699	-	258993	Olfr206
chr16	59361299	59362216	-	257973	Olfr207
chr16	59361316	59362216	-	404311	Olfr209
chr16	59407382	59461739	+	328699	Gabrr3
chr16	59466872	59469238	-	75636	1700022E09Rik
chr16	59471775	59492461	+	67014	Riox2
chr16	59490775	59555752	-	224273	Crybg3
chr16	59613321	59639339	-	56297	Arl6
chr16	59636945	59672993	+	75145	4930547E14Rik
chr16	59653483	60605531	-	13840	Epha6
chr16	62734852	62786716	-	106338	Nsun3
chr16	62793689	62847040	-	68146	Arl13b
chr16	62814676	62822722	+	68159	Stx19
chr16	62854307	62929344	+	19128	Pros1
chr16	63545218	63864157	-	13837	Epha3
chr16	64477810	64479134	-	224291	Csnka2ip
chr16	64766104	64770939	-	67609	4930453N24Rik
chr16	64780347	64851652	-	72020	Zfp654
chr16	64852085	64859491	+	106143	Cggbp1
chr16	64924729	65105784	-	15557	Htr1f
chr16	65520629	65533981	+	18736	Pou1f1
chr16	65539133	65562697	-	68942	Chmp2b
chr16	65815633	65863066	+	73569	Vgll3
chr16	66655421	67620908	-	239857	Cadm2
chr16	66657118	66664626	+	75501	1700010K23Rik
chr16	69796141	69800381	-	78110	4930428D20Rik
chr16	69856874	69863744	-	224318	Speer2
chr16	70313949	70569720	+	74185	Gbe1
chr16	70616425	70624822	+	52645	D16Ertd519e
chr16	71131076	71139029	+	70972	4931420L22Rik
chr16	71249904	71267176	+	78221	4930567J20Rik
chr16	72226383	72234327	-	319533	8030451O07Rik
chr16	72663149	73046100	+	19876	Robo1
chr16	73892306	74410912	-	268902	Robo2
chr16	74341990	74342067	-	751561	Mir691
chr16	75540514	75586061	-	320355	Lipi
chr16	75592891	75602825	+	224344	Rbm11
chr16	75755190	75766818	-	110920	Hspa13
chr16	75858794	75953332	-	67742	Samsn1
chr16	76000784	76034602	+	102632240	Gm15555
chr16	76122613	76156086	+	78215	4930578N18Rik
chr16	76290862	76373827	-	268903	Nrip1
chr16	76751793	76779092	-	102632814	Gm30790
chr16	77004228	77010881	-	76601	1700041M19Rik
chr16	77014069	77116780	+	30940	Usp25
chr16	77236317	77691399	+	77994	Mir99ahg
chr16	77598936	77599000	+	387229	Mir99a
chr16	77599657	77599750	+	387246	Mirlet7c-1
chr16	77646273	77646343	+	723952	Mir125b-2
chr16	78250861	78295015	-	100503619	E330011O21Rik
chr16	78301671	78359785	+	13052	Cxadr
chr16	78540336	78576688	-	67102	D16Ertd472e
chr16	78560316	78564869	+	75818	4930478L05Rik
chr16	78930948	78951728	+	246048	Chodl
chr16	78953008	79091097	-	19146	Tmprss15
chr16	81200697	81624290	+	17968	Ncam2
chr16	84371143	84375505	+	75247	4930553E22Rik
chr16	84679789	84685147	+	78023	4930529L06Rik
chr16	84713023	84715245	+	100653389	Mir155hg
chr16	84714140	84714204	+	387173	Mir155
chr16	84717580	84735302	-	27393	Mrpl39
chr16	84774123	84826380	+	67374	Jam2
chr16	84827871	84835625	-	11957	Atp5j
chr16	84834925	84863779	+	14390	Gabpa
chr16	84954436	85173707	-	11820	App
chr16	84972211	84979451	+	100038614	Gm10791
chr16	85456243	85550709	-	224405	Cyyr1
chr16	85793827	85803113	-	11504	Adamts1
chr16	85819211	85826772	+	75310	4930556C24Rik
chr16	85858157	85901125	-	23794	Adamts5
chr16	86770227	86806513	-	102635020	Gm32461
chr16	87125041	87128439	-	102635567	Gm32865
chr16	87354185	87368649	+	67768	N6amt1
chr16	87376651	87432606	-	78913	Ltn1
chr16	87433331	87440592	-	53858	Rwdd2b
chr16	87454985	87483515	+	74112	Usp16
chr16	87483325	87495869	-	12469	Cct8
chr16	87495999	87504038	+	414095	B130034C11Rik
chr16	87553330	87595336	+	224419	Map3k7cl
chr16	87698954	87733346	+	12013	Bach1
chr16	87895897	88290258	-	14805	Grik1
chr16	87909271	87952254	+	105246151	4930590A17Rik
chr16	88505807	88506978	-	239931	Cldn17
chr16	88560826	88563183	-	54420	Cldn8
chr16	88610709	88612279	-	239932	Krtap24-1
chr16	88626788	88627666	-	69699	2310079G19Rik
chr16	88646824	88647796	-	69533	Krtap26-1
chr16	88671046	88671654	-	239933	Krtap27-1
chr16	88707171	88707962	-	69661	2310061N02Rik
chr16	88728862	88729611	+	268905	Krtap13-1
chr16	88750744	88751628	-	16699	Krtap13
chr16	88758847	88759789	+	117172	2310034C09Rik
chr16	88773181	88774206	-	69696	2310057N15Rik
chr16	88811440	88812220	-	433047	Gm20741
chr16	88825291	88826145	-	23927	Krtap14
chr16	88829009	88829844	+	26560	Krtap15
chr16	88868918	88869410	-	170657	Krtap19-1
chr16	88873665	88874269	-	170651	Krtap19-2
chr16	88877513	88878038	-	77918	Krtap19-3
chr16	88884786	88885089	-	170654	Krtap19-4
chr16	88895968	88896449	-	16704	Krtap19-5
chr16	88931804	88932264	-	170939	Krtap19-9b
chr16	88962304	88962873	-	71369	Krtap16-3
chr16	89010380	89010759	-	68740	Krtap22-2
chr16	89015277	89015846	+	100040201	Gm10229
chr16	89031699	89032292	+	16700	Krtap6-1
chr16	89040923	89041472	-	100040214	Gm10228
chr16	89047289	89047899	-	68484	Krtap6-5
chr16	89063409	89064002	-	68637	1110025L11Rik
chr16	89205861	89206394	+	622935	Krtap20-2
chr16	89403027	89403774	-	170656	Krtap21-1
chr16	89419323	89420111	-	16701	Krtap6-2
chr16	89487374	89487952	-	16703	Krtap8-1
chr16	89507703	89508323	-	71363	Krtap7-1
chr16	89570176	89571183	-	16693	Krtap11-1
chr16	89787111	90143814	-	21844	Tiam1
chr16	90142237	90146827	+	100038709	Gm10789
chr16	90220742	90226324	+	20655	Sod1
chr16	90229139	90284425	-	224432	Scaf4
chr16	90386397	90499553	+	26559	Hunk
chr16	90719312	90727371	-	66578	Mis18a
chr16	90738324	90749776	+	77037	Mrap
chr16	90751527	90810413	-	207932	Urb1
chr16	90826719	90905109	+	70967	Eva1c
chr16	90925811	90934849	-	68001	Cfap298
chr16	90936097	91011308	-	104015	Synj1
chr16	91011249	91016503	+	67394	4930404I05Rik
chr16	91014037	91044379	-	67367	Paxbp1
chr16	91053935	91069145	-	74387	4932438H23Rik
chr16	91225550	91228677	+	50913	Olig2
chr16	91269769	91271939	+	50914	Olig1
chr16	91372783	91405587	+	15976	Ifnar2
chr16	91406235	91425834	+	16155	Il10rb
chr16	91465104	91470123	+	100503120	A930006K02Rik
chr16	91485215	91510523	+	15975	Ifnar1
chr16	91527443	91527544	-	102465190	Mir6367
chr16	91547094	91564007	+	15980	Ifngr2
chr16	91574508	91597680	-	77975	Tmem50b
chr16	91614257	91618999	-	246738	Dnajc28
chr16	91621395	91646972	-	14450	Gart
chr16	91647824	91679194	+	20658	Son
chr16	91679265	91688728	-	60364	Donson
chr16	91688898	91715755	+	100038392	Gm10785
chr16	91689322	91728802	-	66609	Cryzl1
chr16	91729371	91920579	+	16443	Itsn1
chr16	91925223	91931630	-	28080	Atp5o
chr16	92058322	92087473	+	53881	Slc5a3
chr16	92058322	92112227	+	121022	Mrps6
chr16	92292389	92298133	+	246133	Kcne2
chr16	92301303	92313041	+	68936	Smim11
chr16	92308716	92312466	-	100503166	1700048M11Rik
chr16	92318763	92321441	-	75328	Fam243
chr16	92346001	92359468	-	16509	Kcne1
chr16	92377071	92382683	-	101056236	Gm29805
chr16	92391951	92466169	-	54720	Rcan1
chr16	92478742	92497365	+	76785	2410124H12Rik
chr16	92498147	92541241	+	209195	Clic6
chr16	92601466	92826074	-	12394	Runx1
chr16	93343716	93359543	-	69857	1810053B23Rik
chr16	93369720	93369816	+	791074	Mir802
chr16	93396815	93458872	-	72264	1700029J03Rik
chr16	93583460	93603815	-	224440	Setd4
chr16	93607837	93610349	+	12408	Cbr1
chr16	93683219	93690991	+	109857	Cbr3
chr16	93711907	93810588	+	70028	Dop1b
chr16	93792150	93794888	-	102633000	2310043M15Rik
chr16	93832121	93876073	+	338467	Morc3
chr16	93883901	93906106	+	110749	Chaf1b
chr16	93919031	94008837	-	56173	Cldn14
chr16	94085260	94127032	+	20465	Sim2
chr16	94129306	94290286	-	110948	Hlcs
chr16	94328422	94336935	+	170765	Ripply3
chr16	94358763	94371015	-	56176	Pigp
chr16	94370739	94469221	+	22129	Ttc3
chr16	94497724	94526629	-	13185	Vps26c
chr16	94570206	94695519	+	13548	Dyrk1a
chr16	94748683	94997696	-	16522	Kcnj6
chr16	95184409	95259702	-	102633941	Gm31641
chr16	95257558	95300260	+	16516	Kcnj15
chr16	95359169	95586593	-	13876	Erg
chr16	95702407	95721049	+	23872	Ets2
chr16	95831123	95929077	-	69776	1600002D24Rik
chr16	95979935	95990903	-	56088	Psmg1
chr16	95992092	96082428	-	93871	Brwd1
chr16	96121588	96127725	-	15312	Hmgn1
chr16	96145419	96157852	+	71446	Wrb
chr16	96158406	96192257	-	385668	Lca5l
chr16	96200470	96228933	+	50795	Sh3bgr
chr16	96235801	96319858	+	93961	B3galt5
chr16	96361757	96525789	+	72058	Igsf5
chr16	96422298	96443614	-	16415	Itgb2l
chr16	96467606	96525789	+	18546	Pcp4
chr16	96592079	97170735	-	13508	Dscam
chr16	97356728	97439012	+	56175	Bace2
chr16	97447035	97462906	-	17857	Mx1
chr16	97471086	97504936	-	52793	Fam3b
chr16	97536081	97560901	+	17858	Mx2
chr16	97564682	97611195	-	50528	Tmprss2
chr16	97741942	97763755	-	72388	Ripk4
chr16	97791467	97851850	-	114604	Prdm15
chr16	97855209	97922633	-	207781	C2cd2
chr16	97877233	97877291	-	102465581	Mir6964
chr16	97947435	97962622	-	114565	Zbtb21
chr16	97997347	98016756	+	245305	B230307C23Rik
chr16	98001310	98082439	-	320586	A630089N07Rik
chr17	3064318	3084183	-	328734	Pisd-ps2
chr17	3114972	3258895	+	106583	Scaf8
chr17	3326573	3519397	+	24001	Tiam2
chr17	3519256	3557713	-	224481	Tfb1m
chr17	3532554	3533213	+	621628	Cldn20
chr17	3557824	3559863	+	68230	1700102H20Rik
chr17	3635240	3696261	-	224480	Nox3
chr17	4044658	4082995	-	75815	4930470H14Rik
chr17	4119446	4122102	-	78043	4930548J01Rik
chr17	4634980	4637477	+	75117	4930517M08Rik
chr17	4995074	5347656	+	239985	Arid1b
chr17	5410864	5440260	-	70544	Tmem242
chr17	5417323	5418767	-	106557	Ldhal6b
chr17	5480989	5483069	-	666919	Gm8363
chr17	5492600	5753891	+	224454	Zdhhc14
chr17	5798657	5803242	+	78512	3300005D01Rik
chr17	5841380	5930711	+	66616	Snx9
chr17	5941280	6044290	+	20975	Synj2
chr17	6040571	6079739	-	321007	Serac1
chr17	6079828	6085488	+	66467	Gtf2h5
chr17	6106830	6240637	+	68842	Tulp4
chr17	6270470	6308314	+	77106	Tmem181a
chr17	6306344	6493172	-	100310872	Dynlt1a
chr17	6430112	6436296	+	21648	Dynlt1b
chr17	6439002	6450994	-	547127	Tmem181b-ps
chr17	6601779	6607891	+	100040563	Dynlt1c
chr17	6610103	6620925	-	100040525	Tmem181c-ps
chr17	6646606	6655939	-	100040531	Dynlt1f
chr17	6659093	6738044	+	83672	Sytl3
chr17	6738131	6782780	-	22350	Ezr
chr17	6895229	6895337	-	751529	Mir692-1
chr17	6895940	6901717	+	73617	1700122H20Rik
chr17	6904716	6948356	-	100037282	Rsph3b
chr17	6954965	6961156	-	380608	Tagap1
chr17	6978860	7043950	+	68195	Rnaset2b
chr17	7170115	7303315	+	20112	Rps6ka2
chr17	7324660	7345860	+	21461	Tcp10a
chr17	7350904	7352696	-	100216474	Ttll2
chr17	7363712	7385305	-	667055	Unc93a2
chr17	7738568	7827302	-	68655	Fndc1
chr17	7926000	7934897	+	72536	Tagap
chr17	7945614	7979556	+	66832	Rsph3a
chr17	8128316	8147788	-	100037283	Rnaset2a
chr17	8165518	8196470	+	75296	Fgfr1op
chr17	8236043	8257141	+	12458	Ccr6
chr17	8283813	8297661	+	55951	Mpc1
chr17	8293366	8311118	-	75060	4930506C21Rik
chr17	8311103	8327442	+	106489	Sft2d1
chr17	8340406	8344113	+	320111	Prr18
chr17	8372396	8422728	+	21331	T2
chr17	8379045	8389468	-	100504601	Gm16702
chr17	8434423	8442496	+	20997	T
chr17	8526801	8986648	+	23984	Pde10a
chr17	8988333	9008319	+	66931	1700010I14Rik
chr17	9147719	9168022	-	67791	6530411M01Rik
chr17	9666497	9669704	-	67543	Pabpc6
chr17	9750752	9775866	-	71092	4930452A19Rik
chr17	10206471	10319361	-	19317	Qk
chr17	10319919	10321141	+	100526796	Cahm
chr17	10324602	10329312	+	76634	1700110C19Rik
chr17	10403012	10840191	-	69310	Pacrg
chr17	10456216	10493057	+	319750	A230009B12Rik
chr17	10840359	12063366	+	50873	Prkn
chr17	11863070	11883189	-	52027	D17Ertd648e
chr17	12119284	12219640	+	68262	Agpat4
chr17	12227621	12318660	-	26407	Map3k4
chr17	12318853	12327250	+	224523	4732491K20Rik
chr17	12378609	12419384	+	18815	Plg
chr17	12419972	12507704	-	20519	Slc22a3
chr17	12466844	12479578	+	77414	C030013G03Rik
chr17	12584189	12628488	+	20518	Slc22a2
chr17	12648874	12675838	-	20517	Slc22a1
chr17	12682406	12769706	-	16004	Igf2r
chr17	12741311	12859884	+	104103	Airn
chr17	12838841	12868143	-	17171	Mas1
chr17	12876034	12877842	+	80978	Mrgprh
chr17	12888902	12910000	-	240023	Pnldc1
chr17	12911355	12916091	-	67681	Mrpl18
chr17	12916329	12925067	+	21454	Tcp1
chr17	12922857	12922917	+	100303746	Snora20
chr17	12923959	12940396	-	224530	Acat3
chr17	12943042	12960725	-	110460	Acat2
chr17	12966799	12992539	-	60532	Wtap
chr17	13007839	13040063	+	20656	Sod2
chr17	13051321	13052280	-	436440	Gpr31b
chr17	13061111	13377223	+	21462	Tcp10b
chr17	13096660	13098472	-	625850	Gm11166
chr17	13108617	13131791	-	381058	Unc93a
chr17	13205042	13206211	+	100038394	Gm10512
chr17	13221188	13227658	+	27263	Smok2a
chr17	13230263	13237189	+	236574	Smok2b
chr17	13354572	13377223	+	100041352	Tcp10c
chr17	13487021	13568888	-	72578	2700054A10Rik
chr17	13521456	13528434	+	272667	Smok4a
chr17	13713966	13761394	-	21646	Tcte2
chr17	13760541	13905794	+	17356	Afdn
chr17	13948373	13950678	+	635895	Gm7168
chr17	14195230	14203831	-	240025	Dact2
chr17	14279506	14404790	+	64074	Smoc2
chr17	14389107	14398942	-	74917	4930474M22Rik
chr17	14665500	14694262	-	21826	Thbs2
chr17	14818672	14943124	-	71682	Wdr27
chr17	14943184	14945939	+	67912	1600012H06Rik
chr17	14944994	14961260	-	72057	Phf10
chr17	14964189	15010184	-	100041639	Gm3448
chr17	14964189	15041559	-	100041586	Gm3417
chr17	14978864	15011041	+	100041574	9030025P20Rik
chr17	15009840	15041419	+	100041621	Gm3435
chr17	15027154	15041559	-	21647	Tcte3
chr17	15041612	15074993	+	381062	Ermard
chr17	15231585	15240783	-	328747	Gm5091
chr17	15350813	15354461	-	100038481	Gm10510
chr17	15367354	15375823	-	13388	Dll1
chr17	15396202	15433581	+	67544	Fam120b
chr17	15475721	15498276	-	19170	Psmb1
chr17	15499888	15517427	+	21374	Tbp
chr17	15521575	15527301	-	18567	Pdcd2
chr17	15543079	15563331	-	213389	Prdm9
chr17	15631788	15641102	+	71008	4933401D09Rik
chr17	15704967	15772612	+	12648	Chd1
chr17	15806253	15826586	-	68799	Rgmb
chr17	17064103	17089631	+	449000	Zfp960
chr17	17121383	17146878	+	22759	Zfp97
chr17	17178974	17205109	+	626854	Gm38396
chr17	17294443	17319585	+	100862203	Gm6712
chr17	17374332	17394899	+	67045	Riok2
chr17	17402686	17459387	+	66643	Lix1
chr17	17527723	17624489	-	240028	Lnpep
chr17	17703941	17734167	+	626942	Vmn2r90
chr17	17827158	17843009	+	75202	Spaca6
chr17	17830188	17830257	+	387230	Mir99b
chr17	17830352	17830444	+	387248	Mirlet7e
chr17	17830812	17830879	+	387235	Mir125a
chr17	17843326	17855188	-	15116	Has1
chr17	17876471	17883939	-	14293	Fpr1
chr17	17887824	17971677	+	14289	Fpr2
chr17	17970458	17971677	+	14294	Fpr3
chr17	18021733	18022704	+	14291	Fpr-rs4
chr17	18049484	18074220	+	637021	Vmn2r124
chr17	18085057	18136643	+	665210	Vmn2r91
chr17	18151930	18185178	+	627111	Vmn2r92
chr17	18243570	18277566	-	665227	Vmn2r94
chr17	18298281	18326441	+	627132	Vmn2r93
chr17	18424104	18452324	+	328759	Vmn2r95
chr17	18581727	18598157	+	433070	Vmn2r96
chr17	18914322	18948071	+	627367	Vmn2r97
chr17	19053493	19081311	+	224552	Vmn2r98
chr17	19362135	19394590	+	665376	Vmn2r99
chr17	19504811	19532060	+	627537	Vmn2r100
chr17	19577231	19612317	+	627576	Vmn2r101
chr17	19660399	19694748	+	224572	Vmn2r102
chr17	19773363	19812536	+	627636	Vmn2r103
chr17	20029425	20048205	-	22313	Vmn2r104
chr17	20182078	20183097	-	321020	Fpr-rs6
chr17	20208230	20234872	-	627743	Vmn2r105
chr17	20267547	20285430	-	224576	Vmn2r106
chr17	20345425	20375772	+	22312	Vmn2r107
chr17	20419163	20420059	+	665525	Vmn1r224
chr17	20462373	20481236	-	627805	Vmn2r108
chr17	20502299	20503195	+	171228	Vmn1r225
chr17	20540517	20564756	-	627814	Vmn2r109
chr17	20573829	20596259	-	224582	Vmn2r110
chr17	20623846	20624877	-	14290	Fpr-rs3
chr17	20687508	20688404	+	171225	Vmn1r226
chr17	20735100	20736126	+	171229	Vmn1r227
chr17	20776059	20777501	-	171226	Vmn1r228
chr17	20814495	20815415	+	171224	Vmn1r229
chr17	20846551	20847501	+	171231	Vmn1r230
chr17	20889716	20890651	-	171230	Vmn1r231
chr17	20913205	20914363	-	171227	Vmn1r232
chr17	20945454	20965905	+	51792	Ppp2r1a
chr17	20993727	20994686	-	171236	Vmn1r233
chr17	21008941	21043070	+	224585	Zfp160
chr17	21091208	21103347	+	328766	Gm5092
chr17	21228826	21229815	+	171232	Vmn1r234
chr17	21260427	21262863	+	171233	Vmn1r235
chr17	21286533	21287653	+	171235	Vmn1r236
chr17	21314017	21314886	+	171234	Vmn1r237
chr17	21383748	21399265	+	210503	Zfp677
chr17	21423227	21435384	+	22712	Zfp54
chr17	21450374	21465591	+	22709	Zfp51
chr17	21488988	21531828	+	24132	Zfp53
chr17	21528196	21535878	-	319870	9330136K24Rik
chr17	21535539	21562601	+	22710	Zfp52
chr17	21567046	21588685	+	381066	Zfp948
chr17	21650611	21664966	+	73229	Zfp983
chr17	21707741	21725636	+	240034	Zfp760
chr17	21733724	21769342	+	381067	Zfp229
chr17	21816876	21845759	-	75424	Zfp820
chr17	21879570	21909926	-	70081	Zfp995
chr17	21926963	21962464	-	73233	Zfp942
chr17	21962559	21994366	+	74670	Zfp943
chr17	22144359	22165977	-	210853	Zfp947
chr17	22197265	22225614	-	240038	Zfp994
chr17	22337989	22361400	-	319615	Zfp944
chr17	22361453	22377281	+	224598	Zfp758
chr17	22424268	22456689	+	74149	Zfp946
chr17	22547941	22573273	-	210876	Vmn2r111
chr17	22601148	22619133	+	628185	Vmn2r112
chr17	22776230	22817747	-	100042679	Gm16386
chr17	22846697	22867134	-	240041	Zfp945
chr17	22943184	22958814	+	434701	Vmn2r113
chr17	23004971	23006659	+	665976	Vmn2r-ps129
chr17	23173869	23193228	-	22700	Zfp40
chr17	23290934	23312313	-	666002	Vmn2r114
chr17	23343977	23360128	+	638102	Vmn2r115
chr17	23384803	23401864	+	619697	Vmn2r116
chr17	23459675	23479597	-	619788	Vmn2r117
chr17	23550799	23565294	+	320020	6330415G19Rik
chr17	23556767	23564226	-	449521	Zfp213
chr17	23575852	23599487	-	22654	Zfp13
chr17	23600826	23611019	+	332221	Zscan10
chr17	23629169	23645269	-	240047	Mmp25
chr17	23660523	23668621	+	212733	Bicdl2
chr17	23668619	23673864	-	386612	Thoc6
chr17	23673608	23675524	+	353502	Hcfc1r1
chr17	23675445	23677449	-	27279	Tnfrsf12a
chr17	23679365	23682446	+	54419	Cldn6
chr17	23682584	23684026	-	56863	Cldn9
chr17	23726336	23736729	+	268930	Pkmyt1
chr17	23736186	23740330	-	76498	Paqr4
chr17	23741199	23745829	-	73016	Kremen2
chr17	23743234	23754065	+	638247	9530082P21Rik
chr17	23752797	23771591	-	224613	Flywch1
chr17	23776918	23786077	-	76917	Flywch2
chr17	23803187	23824741	+	75956	Srrm2
chr17	23823291	23823369	+	100628593	Mir5125
chr17	23824740	23829109	-	67673	Elob
chr17	23833360	23835767	-	353130	Prss33
chr17	23836785	23844156	-	71003	Prss41
chr17	23853772	23859776	+	69814	Prss32
chr17	23868072	23873113	+	57256	Prss21
chr17	23880876	23882853	+	13184	Dcpp1
chr17	23880876	23900787	+	630537	Dcpp2
chr17	23917458	23919441	+	620253	Dcpp3
chr17	23941996	23945607	+	20234	Sbp
chr17	23953085	23955273	-	638345	Sbpl
chr17	23972127	23975230	-	30943	Prss30
chr17	23993534	23998100	-	70835	Prss22
chr17	24038243	24045949	+	213171	Prss27
chr17	24047720	24073485	-	69259	Kctd5
chr17	24073680	24150922	-	18607	Pdpk1
chr17	24155833	24163733	-	245847	Amdhd2
chr17	24163866	24169429	-	11984	Atp6v0c
chr17	24175431	24205562	-	224617	Tbc1d24
chr17	24203831	24209387	-	18209	Ntn3
chr17	24215054	24220769	-	72016	Tedc2
chr17	24223232	24251409	-	12449	Ccnf
chr17	24234527	24234604	-	100628603	Mir5134
chr17	24240884	24240947	-	102465582	Mir6965
chr17	24264279	24351029	-	381072	Abca17
chr17	24352023	24410204	+	27410	Abca3
chr17	24404649	24414513	-	654822	D330041H03Rik
chr17	24414675	24425898	+	19826	Rnps1
chr17	24426683	24439316	+	13177	Eci1
chr17	24440768	24443101	-	66705	Dnase1l2
chr17	24443778	24455392	-	13560	E4f1
chr17	24470473	24471602	+	67078	Pgp
chr17	24473550	24479078	-	56716	Mlst8
chr17	24473884	24475469	+	319259	Bricd5
chr17	24488783	24508909	+	268932	Caskin1
chr17	24508850	24527938	-	224619	Traf7
chr17	24528251	24528744	+	75614	Rab26os
chr17	24529054	24533747	-	328778	Rab26
chr17	24549950	24596514	+	18763	Pkd1
chr17	24595816	24632627	-	22084	Tsc2
chr17	24632682	24638838	+	18207	Nthl1
chr17	24639282	24650305	-	65962	Slc9a3r2
chr17	24657330	24658425	-	381073	Npw
chr17	24669752	24682016	+	213753	Zfp598
chr17	24685092	24689949	-	20974	Syngr3
chr17	24693191	24696156	-	11692	Gfer
chr17	24696234	24700530	+	71893	Noxo1
chr17	24700653	24707653	-	213773	Tbl3
chr17	24715839	24718057	-	67504	Rnf151
chr17	24719531	24719965	-	73474	Snhg9
chr17	24719676	24719832	-	100306952	Snora78
chr17	24720063	24721927	+	16898	Rps2
chr17	24720789	24720905	+	104366	Snora64
chr17	24722067	24724388	-	68342	Ndufb10
chr17	24727829	24736149	+	66211	Rpl3l
chr17	24736642	24742778	+	27361	Msrb1
chr17	24753003	24758684	+	328779	Hs3st6
chr17	24804382	24839787	+	75178	Meiob
chr17	24848896	24850302	-	68636	Fahd1
chr17	24850490	24864450	+	14651	Hagh
chr17	24878770	24882008	+	16005	Igfals
chr17	24882611	24886350	-	26426	Nubp2
chr17	24886674	24892147	+	79043	Spsb3
chr17	24888486	24895146	-	193838	Eme2
chr17	24892152	24936977	-	30957	Mapk8ip3
chr17	24895120	24896758	+	79044	Mrps34
chr17	24896500	24897531	+	79059	Nme3
chr17	24937419	24960623	-	52009	Jpt2
chr17	24961226	25015782	-	57354	Cramp1l
chr17	25016086	25099499	+	106633	Ift140
chr17	25057702	25081114	-	407831	Tmem204
chr17	25099569	25115967	-	71718	Telo2
chr17	25120760	25125268	+	68509	Ptx4
chr17	25133391	25162103	+	26373	Clcn7
chr17	25162461	25171913	+	207209	Ccdc154
chr17	25184561	25187662	+	214489	BC003965
chr17	25188400	25234443	+	74154	Unkl
chr17	25234317	25240116	-	214505	Gnptg
chr17	25240170	25242799	+	68327	Tsr3
chr17	25242659	25256364	-	545192	Baiap3
chr17	25245551	25245638	-	102465583	Mir3547
chr17	25260511	25274310	-	22196	Ube2i
chr17	25274124	25275528	+	100272221	Gm17801
chr17	25298394	25300161	+	328780	Prss34
chr17	25308646	25311876	+	114661	Prss28
chr17	25318654	25322684	+	114662	Prss29
chr17	25343245	25345562	-	100503895	Tpsab1
chr17	25366333	25368092	+	17229	Tpsb2
chr17	25369273	25374442	+	26945	Tpsg1
chr17	25374287	25433783	-	58226	Cacna1h
chr17	25471590	25476594	+	71840	Tekt4
chr17	25489875	25497288	-	20609	Sstr5
chr17	25565893	25570686	-	20681	Sox8
chr17	25570811	25575043	+	72834	2810468N07Rik
chr17	25579174	25662826	+	76483	Lmf1
chr17	25717172	25719102	+	64337	Gng13
chr17	25719030	25727415	-	214901	Chtf18
chr17	25727751	25731456	+	106707	Rpusd1
chr17	25736040	25748330	+	328783	Mslnl
chr17	25748613	25754378	-	56047	Msln
chr17	25773776	25783332	+	67563	Narfl
chr17	25779843	25785586	-	68977	Haghl
chr17	25780808	25780879	+	102466776	Mir6966
chr17	25786580	25790513	+	381077	Ccdc78
chr17	25790080	25792394	-	214917	Fam173a
chr17	25794571	25797045	-	70083	Metrn
chr17	25809085	25821265	+	214931	Fbxl16
chr17	25823627	25828730	+	268933	Wdr24
chr17	25829043	25831843	+	72106	Jmjd8
chr17	25830636	25833361	-	56424	Stub1
chr17	25831365	25831428	-	100526479	Mir3082
chr17	25834465	25837127	-	214951	Rhbdl1
chr17	25838838	25844851	-	214952	Rhot2
chr17	25844734	25861515	-	106618	Wdr90
chr17	25863698	25868738	-	68241	Mcrip2
chr17	25875500	25877163	+	68347	Mettl26
chr17	25877628	25880858	-	215001	Wfikkn1
chr17	25882114	25919714	-	224624	Rab40c
chr17	25901856	25902227	-	100043160	Gm10012
chr17	25926420	25941989	-	14755	Pigq
chr17	25942233	25944931	-	621239	Nhlrc4
chr17	25946392	25952565	-	100034748	A930017K11Rik
chr17	25958369	25985706	-	50817	Capn15
chr17	25989036	26069177	-	215445	Rab11fip3
chr17	26081211	26090164	-	26378	Decr2
chr17	26091745	26095470	-	56520	Nme4
chr17	26113316	26123254	+	60455	Tmem8
chr17	26123503	26126613	+	68611	Mrpl28
chr17	26138686	26195811	+	12005	Axin1
chr17	26195999	26199087	-	69191	Pdia2
chr17	26199183	26201350	-	14570	Arhgdig
chr17	26202962	26211324	+	50782	Rgs11
chr17	26212692	26244242	-	106581	Fam234a
chr17	26252910	26285506	+	66978	Luc7l
chr17	26414965	26446349	+	240055	Neurl1b
chr17	26505591	26508472	-	19252	Dusp1
chr17	26561512	26656934	+	67458	Ergic1
chr17	26676396	26699647	+	11974	Atp6v0e
chr17	26715650	26776628	+	77128	Crebrf
chr17	26781079	26792521	+	224630	Bnip1
chr17	26838665	26841565	-	18091	Nkx2-5
chr17	26917091	26932579	+	16580	Kifc5b
chr17	26933127	26937908	+	21652	Phf1
chr17	26935472	26935539	+	102465584	Mir6968
chr17	26937972	26939538	-	67675	Cuta
chr17	26941452	26970645	+	240057	Syngap1
chr17	26948056	26948119	-	100526534	Mir3083
chr17	26973179	27036378	+	474156	Zbtb9
chr17	27018035	27036378	+	70772	Ggnbp1
chr17	27019812	27028626	-	12018	Bak1
chr17	27057304	27122223	+	16440	Itpr3
chr17	27091245	27091311	+	102465779	Mir7677
chr17	27122665	27133891	-	67267	Uqcc2
chr17	27143971	27167764	-	271424	Ip6k3
chr17	27189600	27204438	-	224640	Lemd2
chr17	27235075	27248066	-	319720	9630028I04Rik
chr17	27317035	27317095	-	102465700	Mir7214
chr17	27328385	27328460	+	102466818	Mir7216
chr17	27355738	27355799	+	102465701	Mir7217
chr17	27358097	27358155	+	102466228	Mir7218
chr17	27422387	27512832	-	268934	Grm4
chr17	27556574	27563672	+	15361	Hmga1
chr17	27563769	27565727	-	106672	AI413582
chr17	27579382	27623452	-	56409	Nudt3
chr17	27630429	27635242	-	67097	Rps10
chr17	27655591	27711117	+	23969	Pacsin1
chr17	27714447	27728951	-	30051	Spdef
chr17	27751232	27820542	-	224647	D17Wsu92e
chr17	27840087	27851968	+	20630	Snrpc
chr17	27856507	27900040	+	224648	Uhrf1bp1
chr17	27901128	27908243	-	68776	Taf11
chr17	27909306	28062779	+	224650	Anks1
chr17	28066747	28080639	-	21463	Tcp11
chr17	28142526	28171345	+	268935	Scube3
chr17	28177418	28205886	+	224656	Zfp523
chr17	28207778	28228608	+	23853	Def6
chr17	28232754	28301469	+	19015	Ppard
chr17	28271708	28273163	+	69050	1810013A23Rik
chr17	28313530	28326574	+	72775	Fance
chr17	28328471	28331033	+	19896	Rpl10a
chr17	28331671	28350805	-	21678	Tead3
chr17	28351519	28365143	-	22157	Tulp1
chr17	28398753	28517524	-	14229	Fkbp5
chr17	28530861	28538975	+	67645	Armc12
chr17	28549487	28552618	+	328788	Clpsl2
chr17	28558210	28560766	-	109791	Clps
chr17	28558441	28558501	-	102465585	Mir6969
chr17	28575719	28583593	+	328789	Lhfpl5
chr17	28589592	28622454	-	20815	Srpk1
chr17	28637779	28689987	-	224661	Slc26a8
chr17	28691342	28748405	+	26416	Mapk14
chr17	28769317	28778704	+	26415	Mapk13
chr17	28801126	28838789	+	268936	Brpf3
chr17	28858411	28890308	+	433091	Pnpla1
chr17	28896395	28915324	-	207819	4930539E08Rik
chr17	28905265	28906771	+	74179	1700030A11Rik
chr17	28933986	28942262	-	69307	Pxt1
chr17	28952466	28967937	+	66989	Kctd20
chr17	28970885	29007937	-	106504	Stk38
chr17	29032660	29043372	+	20383	Srsf3
chr17	29057474	29079126	-	100504267	Trp53cor1
chr17	29090979	29100722	+	12575	Cdkn1a
chr17	29135056	29148976	+	442827	Rab44
chr17	29156521	29237790	-	240058	Cpne5
chr17	29250835	29263971	-	68816	Ppil1
chr17	29268788	29302887	+	80748	BC004004
chr17	29318882	29329099	+	74116	Pi16
chr17	29332076	29347904	-	56462	Mtch1
chr17	29360914	29379535	+	26382	Fgd2
chr17	29491045	29495465	+	18712	Pim1
chr17	29526009	29549593	-	71138	Tmem217
chr17	29549802	29606808	+	381085	Tbc1d22b
chr17	29578816	29596305	-	74092	Tbc1d22bos
chr17	29595538	29595600	+	102465769	Mir7667
chr17	29614789	29641664	+	58230	Rnf8
chr17	29660595	29705979	+	74157	Cmtr1
chr17	29695977	29717017	-	68597	Ccdc167
chr17	29827958	29887882	-	74762	Mdga1
chr17	30005087	30210020	+	21769	Zfand3
chr17	30215524	30576287	-	224671	Btbd9
chr17	30394825	30396180	-	623169	Gm6402
chr17	30592861	30612659	-	109801	Glo1
chr17	30622441	30626905	-	67522	1700097N02Rik
chr17	30626936	30875264	+	13417	Dnah8
chr17	30901867	30936510	+	14652	Glp1r
chr17	30954683	31010710	+	52020	Umodl1
chr17	31057694	31117984	+	11307	Abcg1
chr17	31125306	31129611	-	21786	Tff3
chr17	31141062	31144282	-	21785	Tff2
chr17	31152752	31163052	+	102631757	LOC102631757
chr17	31161396	31165053	-	21784	Tff1
chr17	31179265	31198974	-	140765	Tmprss3
chr17	31208066	31242403	+	328795	Ubash3a
chr17	31255019	31277356	-	22092	Rsph1
chr17	31295483	31350709	+	224674	Slc37a1
chr17	31386234	31476309	+	18585	Pde9a
chr17	31494322	31512487	-	57773	Wdr4
chr17	31520115	31531326	+	78330	Ndufv3
chr17	31564773	31607693	+	18771	Pknox1
chr17	31612623	31637205	-	12411	Cbs
chr17	31647082	31658754	-	108121	U2af1
chr17	31677931	31681730	+	12954	Cryaa
chr17	31844250	31855792	-	17691	Sik1
chr17	31944769	32034508	-	74377	Hsf2bp
chr17	32036162	32062862	+	72462	Rrp1b
chr17	32076083	32091423	-	435518	Pdxk-ps
chr17	32120893	32166852	-	18131	Notch3
chr17	32183770	32189463	-	71932	Ephx3
chr17	32196272	32284721	-	57261	Brd4
chr17	32241920	32242855	+	100043434	Gm4432
chr17	32303672	32321238	-	56399	Akap8
chr17	32321424	32350577	-	54194	Akap8l
chr17	32354050	32389439	-	22404	Wiz
chr17	32390661	32403581	-	320484	Rasal3
chr17	32403014	32404808	+	664702	A530088E08Rik
chr17	32412459	32424167	-	57757	Pglyrp2
chr17	32452723	32493320	+	320997	Cyp4f39
chr17	32506462	32528894	+	208285	Cyp4f17
chr17	32536629	32551797	+	70101	Cyp4f16
chr17	32621319	32636184	+	677156	Cyp4f37
chr17	32659483	32676480	+	631304	Cyp4f40
chr17	32685659	32703349	+	106648	Cyp4f15
chr17	32765496	32788287	-	208292	Zfp871
chr17	32795676	32809931	-	240063	Zfp811
chr17	32815449	32830261	-	240064	Zfp799
chr17	32879221	32891603	-	240066	Zfp870
chr17	32905070	32917342	-	64385	Cyp4f14
chr17	32924688	32947361	-	170716	Cyp4f13
chr17	32950961	32965716	-	77875	Cyp4f41-ps
chr17	32965831	32979211	+	224691	Zfp472
chr17	32993139	33005457	+	240067	Zfp952
chr17	33016864	33033381	-	73451	Zfp763
chr17	33064143	33068058	-	74042	4921501E09Rik
chr17	33089367	33110705	+	240068	Zfp563
chr17	33111726	33255145	-	77652	Zfp955a
chr17	33135590	33139683	-	240069	Morc2b
chr17	33176416	33177363	+	100038859	Olfr55
chr17	33199062	33200009	+	100038860	Olfr239
chr17	33215261	33216351	-	100043474	Olfr1564
chr17	33268726	33269676	+	258939	Olfr63
chr17	33289544	33304689	+	100043468	Zfp955b
chr17	33333728	33358878	-	224694	Zfp81
chr17	33360507	33394637	-	22643	Zfp101
chr17	33432899	33434268	+	69481	Actl9
chr17	33524196	33553782	+	224697	Adamts10
chr17	33555707	33607764	+	17916	Myo1f
chr17	33629092	33631716	+	328801	Zfp414
chr17	33630759	33645706	+	378460	Pram1
chr17	33646233	33685458	-	76936	Hnrnpm
chr17	33685692	33718677	-	224703	March2
chr17	33742484	33760486	-	19326	Rab11b
chr17	33774900	33781575	-	57875	Angptl4
chr17	33810523	33822914	+	80880	Kank3
chr17	33823036	33824498	-	54127	Rps28
chr17	33824572	33838316	+	66416	Ndufa7
chr17	33843091	33849774	+	54219	Cd320
chr17	33875666	33890633	-	100502766	Kifc1
chr17	33905135	33906675	+	474160	Platr17
chr17	33908182	33909178	-	407803	BC051226
chr17	33909445	33915590	+	13163	Daxx
chr17	33916176	33919325	+	81630	Zbtb22
chr17	33919478	33929290	+	21356	Tapbp
chr17	33929894	33937687	+	19732	Rgl2
chr17	33938909	33940343	-	14976	Pfdn6
chr17	33940723	33949695	+	57315	Wdr46
chr17	33949912	33951488	-	54218	B3galt4
chr17	33951999	33955641	-	20084	Rps18
chr17	33955882	33966488	+	224705	Vps52
chr17	33974659	33978791	-	630499	H2-K2
chr17	33981492	33985358	+	433100	AA388235
chr17	33996012	34000333	-	14972	H2-K1
chr17	34020792	34024680	-	19763	Ring1
chr17	34024983	34025092	-	723823	Mir219a-1
chr17	34025012	34025071	+	102466848	Mir219c
chr17	34026033	34028055	-	14979	H2-Ke6
chr17	34027203	34031690	-	14977	Slc39a7
chr17	34031812	34038403	+	20182	Rxrb
chr17	34039138	34066684	+	12815	Col11a2
chr17	34083843	34095309	-	414076	BC051537
chr17	34092379	34095234	+	15001	H2-Oa
chr17	34112019	34122607	-	14312	Brd2
chr17	34122832	34139101	+	14998	H2-DMa
chr17	34145416	34160229	+	14999	H2-DMb1
chr17	34145416	34160229	+	15000	H2-DMb2
chr17	34182099	34187330	-	16912	Psmb9
chr17	34187556	34197225	+	21354	Tap1
chr17	34198195	34201454	+	16913	Psmb8
chr17	34204479	34216321	+	21355	Tap2
chr17	34226175	34588543	+	18132	Notch4
chr17	34238905	34245908	+	15002	H2-Ob
chr17	34263227	34269418	+	14961	H2-Ab1
chr17	34264832	34316674	+	14969	H2-Eb1
chr17	34282751	34287771	-	14960	H2-Aa
chr17	34325675	34341410	+	381091	H2-Eb2
chr17	34342212	34344645	-	100504404	H2-Ea-ps
chr17	34354822	34369492	+	547431	Btnl2
chr17	34377132	34386028	+	100038862	Btnl1
chr17	34398820	34460734	+	407788	BC051142
chr17	34469042	34475937	-	632126	Btnl4
chr17	34487405	34497429	-	81497	Btnl5-ps
chr17	34507935	34517352	-	624681	Btnl6
chr17	34589806	34591754	+	106512	Gpsm3
chr17	34592471	34597341	+	18515	Pbx2
chr17	34597850	34600937	+	11596	Ager
chr17	34601099	34603561	-	54197	Rnf5
chr17	34605861	34613449	+	55979	Agpat1
chr17	34613350	34615971	-	81701	Egfl8
chr17	34616662	34628279	-	54397	Ppt2
chr17	34629686	34632260	+	260297	Prrt1
chr17	34644883	34646327	+	56299	Fkbpl
chr17	34647146	34655074	+	12915	Atf6b
chr17	34670535	34719815	+	81877	Tnxb
chr17	34728380	34743897	-	12268	C4b
chr17	34728380	34823454	-	625018	C4a
chr17	34801348	34804426	-	13079	Cyp21a1
chr17	34823993	34836903	-	54402	Stk19
chr17	34837019	34839186	+	112403	Dxo
chr17	34839226	34850204	-	108077	Skiv2l
chr17	34841809	34841871	-	102466777	Mir6971
chr17	34845101	34845167	-	102465586	Mir6970
chr17	34850391	34856372	+	27632	Nelfe
chr17	34856374	34862514	-	14962	Cfb
chr17	34857569	34857632	-	102465587	Mir6972
chr17	34862602	34882100	-	12263	C2
chr17	34894559	34896844	+	193736	Zbtb12
chr17	34898492	34914051	+	110147	Ehmt2
chr17	34914466	34930436	+	70129	Slc44a4
chr17	34931253	34937297	+	18010	Neu1
chr17	34950235	34952471	-	68763	1110038B12Rik
chr17	34950950	34951008	-	100217427	Snord52
chr17	34956429	34959238	-	15511	Hspa1b
chr17	34969359	34972156	-	193740	Hspa1a
chr17	34972703	34979228	+	15482	Hspa1l
chr17	34981854	34985891	+	27756	Lsm2
chr17	34996724	35000958	-	110956	D17H6S56E-5
chr17	35000907	35016329	+	22321	Vars
chr17	35016579	35026741	+	27762	Vwa7
chr17	35025959	35028016	-	78376	Sapcd1
chr17	35028605	35046745	-	17687	Msh5
chr17	35050243	35058719	+	114584	Clic1
chr17	35059035	35062099	+	51793	Ddah2
chr17	35062693	35066184	-	106722	Mpig6b
chr17	35064437	35065596	+	114763	G6bos
chr17	35067325	35070048	+	68468	Ly6g6c
chr17	35071348	35085595	-	114654	Ly6g6d
chr17	35076942	35078804	+	70274	Ly6g6e
chr17	35080479	35085595	-	433099	Ly6g6f
chr17	35089291	35102987	+	193742	Abhd16a
chr17	35108300	35111953	+	114652	Ly6g5c
chr17	35113944	35120527	-	266614	Ly6g5b
chr17	35116195	35122053	-	13001	Csnk2b
chr17	35121496	35124815	+	81845	Gpank1
chr17	35126402	35128855	+	114585	D17H6S53E
chr17	35128997	35131752	-	55938	Apom
chr17	35135178	35147322	+	224727	Bag6
chr17	35149076	35164877	-	53761	Prrc2a
chr17	35170992	35176001	-	11629	Aif1
chr17	35185095	35188440	-	16988	Lst1
chr17	35194507	35196305	+	16994	Ltb
chr17	35194972	35195049	+	102465588	Mir6973a
chr17	35199367	35202007	-	21926	Tnf
chr17	35203165	35205351	-	16992	Lta
chr17	35204475	35204557	-	102466990	Mir6974
chr17	35220175	35235815	-	18038	Nfkbil1
chr17	35233763	35238768	+	66237	Atp6v1g2
chr17	35241746	35430053	+	53817	Ddx39b
chr17	35244075	35244135	+	102465589	Mir6975
chr17	35251289	35251405	+	102465886	Mir8094
chr17	35263094	35267497	+	14964	H2-D1
chr17	35265784	35323601	+	14980	H2-L
chr17	35320558	35325099	+	15006	H2-Q1
chr17	35342333	35345722	+	15013	H2-Q2
chr17	35379617	35384674	+	15015	H2-Q4
chr17	35394099	35395630	+	15016	H2-Q5
chr17	35424877	35442551	+	110557	H2-Q6
chr17	35439155	35443773	+	15018	H2-Q7
chr17	35470089	35474563	+	15007	H2-Q10
chr17	35506032	35510777	+	18999	Pou5f1
chr17	35512735	35516824	-	106795	Tcf19
chr17	35517116	35531015	+	240084	Cchcr1
chr17	35533201	35534647	+	57390	Psors1c2
chr17	35552128	35557180	+	386463	Cdsn
chr17	35567485	35568945	+	69542	2300002M23Rik
chr17	35617923	35626637	-	672682	Gm9573
chr17	35635755	35643695	-	268949	Mucl3
chr17	35649708	35650569	+	433102	Sfta2
chr17	35655634	35667592	-	68915	Vars2
chr17	35667728	35673743	-	14885	Gtf2h4
chr17	35681567	35704599	-	12305	Ddr1
chr17	35772450	35780687	+	74601	4833427F10Rik
chr17	35821713	35822911	+	15937	Ier3
chr17	35823357	35832787	+	14251	Flot1
chr17	35833920	35838301	-	22154	Tubb5
chr17	35841498	35859670	+	240087	Mdc1
chr17	35861318	35865400	+	106582	Nrm
chr17	35865595	35875596	+	76448	Ppp1r18
chr17	35879778	35892670	+	69192	Dhx16
chr17	35892677	35897378	-	69662	2310061I04Rik
chr17	35897595	35910068	-	73242	Atat1
chr17	35910385	35916369	-	66973	Mrps18b
chr17	35916983	35932283	+	52040	Ppp1r10
chr17	35917889	35917969	+	100316810	Mir1894
chr17	35947154	35953317	+	667766	Gm8801
chr17	35956819	35969750	-	224742	Abcf1
chr17	35960730	35960814	-	100124459	Mir877
chr17	35972539	35979825	-	75210	Prr3
chr17	35979955	35989462	+	14670	Gnl1
chr17	35994504	36038174	+	77810	A930015D03Rik
chr17	36005695	36020560	-	15042	H2-T24
chr17	36029977	36111426	-	15040	H2-T23
chr17	36038409	36042712	-	15039	H2-T22
chr17	36038409	36121444	-	15051	H2-T9
chr17	36042961	36058645	+	547347	Gm6034
chr17	36055816	36058371	-	100529082	Gm11127
chr17	36080189	36084249	-	14963	H2-Bl
chr17	36109030	36111676	-	667803	H2-T-ps
chr17	36115871	36121444	-	15024	H2-T10
chr17	36127609	36129425	-	630294	Gm7030
chr17	36145018	36162374	+	675325	2410017I17Rik
chr17	36164444	36168537	-	667977	Gm8909
chr17	36178777	36181364	+	625785	Gm6623
chr17	36185571	36190151	-	15043	H2-T3
chr17	36255673	36257846	-	67676	Rpp21
chr17	36258873	36272247	-	79263	Trim39
chr17	36284227	36286421	-	333715	H2-M10.2
chr17	36322860	36326150	-	14985	H2-M10.1
chr17	36365004	36368417	-	110696	H2-M10.3
chr17	36460162	36462329	-	224753	H2-M10.4
chr17	36547075	36549252	+	224754	H2-M11
chr17	36639285	36642644	-	14997	H2-M9
chr17	36670008	36672197	-	224756	H2-M1
chr17	36772910	36776235	+	224761	H2-M10.5
chr17	36812175	36815566	+	399549	H2-M10.6
chr17	36837146	36859398	+	22670	Trim26
chr17	36860691	36867210	-	69097	Trim15
chr17	36869574	36877833	+	19824	Trim10
chr17	36881598	36890125	-	195359	Trim40
chr17	36898130	36910217	+	224762	Trim31
chr17	36923792	36933432	+	73286	1700031A10Rik
chr17	36943051	36947986	+	386454	Rnf39
chr17	36948355	36951792	-	76497	Ppp1r11
chr17	36954358	36958485	-	66136	Znrd1
chr17	36958592	36965623	+	76416	Znrd1as
chr17	36977701	36981237	-	76797	2410137M14Rik
chr17	36986855	36989504	-	240095	H2-M5
chr17	37001163	37010729	+	22715	Zfp57
chr17	37010740	37023398	-	17441	Mog
chr17	37045966	37074305	+	54393	Gabbr1
chr17	37085191	37086236	-	258469	Olfr90
chr17	37092934	37093872	-	258470	Olfr91
chr17	37111042	37111980	-	258448	Olfr92
chr17	37151032	37151970	-	258051	Olfr93
chr17	37193892	37196101	+	24108	Ubd
chr17	37196806	37197966	-	258219	Olfr94
chr17	37210913	37211851	-	258506	Olfr95
chr17	37225127	37226068	+	258507	Olfr96
chr17	37231436	37232368	-	258505	Olfr97
chr17	37262733	37263662	-	258503	Olfr98
chr17	37270234	37274485	+	14991	H2-M3
chr17	37279501	37280418	-	258508	Olfr99
chr17	37299494	37300420	-	258831	Olfr101
chr17	37313411	37314437	-	258218	Olfr102
chr17	37336289	37337230	-	258830	Olfr103
chr17	37405477	37406509	+	258504	Olfr107
chr17	37445480	37446517	+	258457	Olfr108
chr17	37466208	37467152	+	258832	Olfr109
chr17	37480851	37483529	-	14990	H2-M2
chr17	37492468	37499674	+	258325	Olfr110
chr17	37529957	37530997	+	545205	Olfr111
chr17	37563239	37569451	-	258096	Olfr112
chr17	37574483	37575421	-	258286	Olfr113
chr17	37589413	37590351	-	258284	Olfr114
chr17	37609785	37610779	-	257908	Olfr115
chr17	37623668	37624633	-	258625	Olfr116
chr17	37659378	37660331	-	258263	Olfr117
chr17	37672025	37672990	+	404308	Olfr118
chr17	37696685	37701637	+	258095	Olfr119
chr17	37725999	37726991	+	258624	Olfr120
chr17	37748866	37753004	+	258622	Olfr121
chr17	37768642	37772620	+	258285	Olfr122
chr17	37795446	37796375	+	258623	Olfr123
chr17	37805069	37806190	+	259064	Olfr124
chr17	37834911	37836028	+	258287	Olfr125
chr17	37850594	37851553	+	258892	Olfr126
chr17	37903548	37904519	+	258374	Olfr127
chr17	37923568	37924494	+	383243	Olfr128
chr17	37952051	37953022	-	258094	Olfr761
chr17	38054599	38059784	-	258324	Olfr129
chr17	38067173	38068126	+	258480	Olfr130
chr17	38082032	38082976	-	258867	Olfr131
chr17	38130249	38131190	-	257889	Olfr132
chr17	38148590	38149528	+	258828	Olfr133
chr17	38175086	38176024	+	258829	Olfr134
chr17	38208247	38209185	+	258329	Olfr135
chr17	38274773	38275711	+	170648	Olfr138
chr17	38304521	38305459	-	258481	Olfr137
chr17	38335159	38336097	+	258803	Olfr136
chr17	38416474	38420185	-	100126765	Esp36
chr17	38554192	38560621	+	100126773	Esp34
chr17	38639447	38645653	+	100126768	Esp31
chr17	39036695	39040227	+	100126776	Esp24
chr17	39073691	39077037	-	100126779	Esp23
chr17	39406359	39410992	+	100126774	Esp18
chr17	39536142	39540847	+	100043300	Esp16
chr17	39640957	39645667	+	668200	Esp15
chr17	39950520	39955287	+	100126775	Esp38
chr17	40207018	40208609	-	18663	Pgk2
chr17	40221777	40242258	-	11572	Crisp3
chr17	40293758	40319207	-	11571	Crisp1
chr17	40520022	40530702	+	100126778	Esp8
chr17	40561507	40565627	+	433107	Esp6
chr17	40561507	40579549	+	102577428	Gm44501
chr17	40574711	40579549	+	102577427	Esp5
chr17	40598594	40602618	+	100126777	Esp4
chr17	40632075	40637060	+	100126766	Esp3
chr17	40727120	40731782	+	619517	Esp1
chr17	40764734	40794146	-	22024	Crisp2
chr17	40811149	40840754	+	19743	Rhag
chr17	40875482	40880558	-	71583	9130008F23Rik
chr17	40904741	40914350	-	435528	Glyatl3
chr17	40923055	40934551	-	83815	Cenpq
chr17	40934685	40961989	+	17850	Mut
chr17	42315947	42507741	+	627626	Ptchd4
chr17	42556783	42611313	-	353344	Opn5
chr17	42656887	42692284	-	78249	Adgrf4
chr17	42708937	42742179	-	435529	Adgrf2
chr17	42792951	42876424	-	12488	Cd2ap
chr17	43016555	43089188	+	94185	Tnfrsf21
chr17	43146041	43158291	-	545207	E130008D07Rik
chr17	43270347	43324406	+	77596	Adgrf1
chr17	43389466	43459557	+	224792	Adgrf5
chr17	43474329	43502773	-	17287	Mep1a
chr17	43534174	43543639	-	100043332	Ankrd66
chr17	43568451	43612201	+	27226	Pla2g7
chr17	43588340	43591509	-	73504	1700071M16Rik
chr17	43615335	43630299	-	210510	Tdrd6
chr17	43641900	43667015	-	74011	Slc25a27
chr17	43667372	43751431	+	56050	Cyp39a1
chr17	43801851	44039516	+	53901	Rcan2
chr17	44078846	44086567	+	83965	Enpp5
chr17	44096309	44105808	-	224794	Enpp4
chr17	44188572	44280168	+	224796	Clic5
chr17	44603989	44814797	-	12393	Runx2
chr17	44777171	45119284	+	109115	Supt3
chr17	44879704	44880885	-	75341	4930564C03Rik
chr17	45391887	45433707	-	71702	Cdc5l
chr17	45433831	45442544	+	105246278	B230354K17Rik
chr17	45445881	45474938	-	71020	Spats1
chr17	45506841	45520843	+	224805	Aars2
chr17	45523434	45542679	+	21645	Tcte1
chr17	45541940	45549677	-	210573	Tmem151b
chr17	45555700	45563169	+	18037	Nfkbie
chr17	45563960	45567669	+	73836	Slc35b2
chr17	45567778	45573261	-	15516	Hsp90ab1
chr17	45585200	45599603	-	63959	Slc29a1
chr17	45600967	45602102	-	653016	Mymx
chr17	45630204	45659309	-	268958	Capn11
chr17	45660177	45686218	-	224807	Tmem63b
chr17	45686372	45698495	+	68463	Mrpl14
chr17	45732864	45733844	-	72240	1600014C23Rik
chr17	45756710	45786817	+	433111	F630040K05Rik
chr17	46016993	46032377	-	22339	Vegfa
chr17	46111004	46128908	+	68565	Mrps18a
chr17	46129277	46144198	-	75564	Rsph9
chr17	46147385	46153551	-	66591	Mad2l1bp
chr17	46161032	46169370	+	56055	Gtpbp2
chr17	46171993	46202625	-	80905	Polh
chr17	46202855	46242299	+	72322	Xpo5
chr17	46231531	46231619	+	751553	Mir693
chr17	46243920	46248045	-	20016	Polr1c
chr17	46248080	46252537	+	28064	Yipf3
chr17	46254165	46257316	+	224813	Lrrc73
chr17	46257851	46283026	-	74094	Tjap1
chr17	46297483	46303271	+	106565	Dlk2
chr17	46303230	46328023	-	224814	Abcc10
chr17	46383766	46420920	+	57908	Zfp318
chr17	46428942	46431771	+	114570	Crip3
chr17	46432185	46438477	-	108114	Slc22a7
chr17	46442448	46487675	-	106763	Ttbk1
chr17	46496789	46499618	+	381101	Dnph1
chr17	46500609	46546388	-	78309	Cul9
chr17	46546839	46556162	-	20807	Srf
chr17	46553827	46553889	-	102466778	Mir6976
chr17	46564451	46629504	-	71461	Ptk7
chr17	46630631	46646022	-	74764	Klc4
chr17	46646221	46650132	+	27398	Mrpl2
chr17	46650338	46664364	+	66515	Cul7
chr17	46667442	46674255	-	224823	Rrp36
chr17	46674550	46680930	-	71765	Klhdc3
chr17	46680453	46683126	+	17256	Mea1
chr17	46682991	46705002	-	21770	Ppp2r5d
chr17	46711463	46725541	+	224824	Pex6
chr17	46725664	46729165	-	14711	Gnmt
chr17	46735711	46752214	-	72029	Cnpy3
chr17	46755663	46763712	-	19208	Ptcra
chr17	46772635	46773407	+	67101	2310039H08Rik
chr17	46773907	46782656	-	66229	Rpl7l1
chr17	46798116	46832314	-	210982	Bicral
chr17	46890621	46892463	+	72726	Tbcc
chr17	46910485	46924926	+	19133	Prph2
chr17	46928291	47010532	-	224826	Ubr2
chr17	47140942	47359458	+	224829	Trerf1
chr17	47368887	47378679	+	64657	Mrps10
chr17	47385393	47392967	+	107477	Guca1b
chr17	47394557	47400606	-	14913	Guca1a
chr17	47412734	47437375	-	75462	1700001C19Rik
chr17	47436639	47470638	+	224833	AI661453
chr17	47488050	47502287	-	63856	Taf8
chr17	47505051	47599689	+	12445	Ccnd3
chr17	47599331	47611492	-	53414	Bysl
chr17	47611596	47651613	+	56771	Med20
chr17	47611596	47684067	+	224836	Usp49
chr17	47686645	47688386	-	66119	Tomm6
chr17	47687610	47691092	+	100415787	Tomm6os
chr17	47688474	47694736	-	381104	Prickle4
chr17	47695207	47704286	+	107971	Frs3
chr17	47699969	47701996	-	100126242	Frs3os
chr17	47726842	47734478	+	109820	Pgc
chr17	47737037	47792416	+	21425	Tfeb
chr17	47815328	47834691	-	17240	Mdfi
chr17	47867133	47924632	-	74123	Foxp4
chr17	48036745	48038293	-	76651	1700122O11Rik
chr17	48064789	48090378	-	320638	A730006G06Rik
chr17	48089632	48090920	+	68224	1700067P10Rik
chr17	48125605	48146307	-	328829	9830107B12Rik
chr17	48151708	48167257	-	328830	A530064D06Rik
chr17	48232739	48246924	+	58217	Trem1
chr17	48247729	48258847	+	58218	Trem3
chr17	48264295	48275358	+	224840	Treml4
chr17	48299498	48312534	+	328833	Treml2
chr17	48316162	48326511	+	320148	B430306N03Rik
chr17	48346401	48352276	+	83433	Trem2
chr17	48359916	48367176	+	71326	Treml1
chr17	48386885	48409820	-	18044	Nfya
chr17	48410000	48417270	+	106821	Oard1
chr17	48419231	48432728	-	11811	Apobec2
chr17	48448435	48451501	-	70026	Tspo2
chr17	48454901	48539714	+	76589	Unc5cl
chr17	48932582	49097590	+	70530	Lrfn2
chr17	49112264	49113533	-	69311	1700008K24Rik
chr17	49304479	49312960	-	100415784	Gm17830
chr17	49428364	49455430	+	56738	Mocs1
chr17	49456022	49564337	-	76441	Daam2
chr17	49615172	49909847	+	319991	Kif6
chr17	49993307	50190497	-	76438	Rftn1
chr17	50239208	50246316	+	446210	AY702103
chr17	50279393	50293620	-	13164	Dazl
chr17	50509547	50688494	+	224860	Plcl2
chr17	50733127	51179352	-	72238	Tbc1d5
chr17	51425209	51448269	-	328837	C330011F03Rik
chr17	51736187	51833290	-	20230	Satb1
chr17	51882727	51965257	+	100504169	Gm20098
chr17	52602709	52979194	+	211468	Kcnh8
chr17	53398889	53463321	-	211482	Efhb
chr17	53479234	53507678	+	271457	Rab5a
chr17	53507460	53539451	-	110332	Pp2d1
chr17	53566971	53672721	+	18519	Kat2b
chr17	53674787	53689315	-	72415	Sgo1
chr17	53716509	53733843	+	211496	4932415M13Rik
chr17	53829637	53845958	-	69083	Sult1c2
chr17	53961615	53990631	-	20888	Sult1c1
chr17	54273590	54299034	-	63993	Slc5a7
chr17	54352583	54370074	-	69418	1700025K24Rik
chr17	55445717	55510412	+	240119	St6gal2
chr17	55592341	55624672	-	383258	Vmn2r118
chr17	55652025	55712628	-	72836	Pot1b
chr17	55749984	55853662	+	52614	Adgre4
chr17	55864892	55944906	-	104349	Zfp119a
chr17	55892093	55898932	+	224893	Zfp959
chr17	55938373	55949500	-	240120	Zfp119b
chr17	55952623	55957022	+	50498	Ebi3
chr17	55954771	55959401	-	100504333	Gm16712
chr17	55959187	55967951	+	72886	Yju2
chr17	55970482	55976620	+	20420	Shd
chr17	55986511	55996881	+	240121	Fsd1
chr17	55997076	56005606	-	106766	Stap2
chr17	56009201	56016790	+	68047	Mpnd
chr17	56016750	56036637	-	20405	Sh3gl1
chr17	56040416	56070276	+	27221	Chaf1a
chr17	56068253	56074989	-	66530	Ubxn6
chr17	56079631	56100605	+	15193	Hdgfl2
chr17	56100591	56109802	-	57435	Plin4
chr17	56111601	56117548	-	66968	Plin5
chr17	56119678	56121946	-	76905	Lrg1
chr17	56123085	56140343	-	20359	Sema6b
chr17	56162491	56173955	+	66443	Tnfaip8l1
chr17	56176541	56183920	-	28106	Mydgf
chr17	56186682	56218889	-	224897	Dpp9
chr17	56242988	56243098	+	723883	Mir7b
chr17	56256793	56263608	+	14154	Fem1a
chr17	56269462	56276767	-	106759	Ticam1
chr17	56278962	56290511	-	66905	Plin3
chr17	56294111	56300286	-	76920	Arrdc5
chr17	56303337	56323486	+	18140	Uhrf1
chr17	56326050	56402873	+	193796	Kdm4b
chr17	56412426	56476480	-	19280	Ptprs
chr17	56418846	56418909	-	102465590	Mir6977
chr17	56511248	56512483	-	20834	Znrf4
chr17	56551414	56554387	-	100504425	Gm20219
chr17	56560973	56584583	-	224902	Safb2
chr17	56584982	56606294	+	224903	Safb
chr17	56607452	56609771	-	224904	2410015M20Rik
chr17	56613395	56614246	+	54217	Rpl36
chr17	56614297	56626903	-	74142	Lonp1
chr17	56628143	56664456	+	106757	Catsperd
chr17	56673225	56711769	+	71810	Ranbp3
chr17	56713932	56717699	-	106639	Vmac
chr17	56717762	56724248	+	69875	Ndufa11
chr17	56734228	56739292	+	14346	Fut4-ps1
chr17	56751325	56757530	-	18188	Nrtn
chr17	56764751	56770093	+	224907	Dus3l
chr17	56770276	56772134	+	100504446	Prr22
chr17	56775897	56831008	-	19725	Rfx2
chr17	56843104	56874447	-	328845	Acsbg2
chr17	56875633	56888838	+	78625	1700061G19Rik
chr17	56892611	56935388	-	64144	Mllt1
chr17	56953490	56982126	-	171168	Acer1
chr17	56990264	56996371	+	53895	Clpp
chr17	56997339	56999340	+	66400	Alkbh7
chr17	56999457	57000018	-	19197	Pspn
chr17	57003402	57011288	-	98053	Gtf2f1
chr17	57021049	57031507	-	16549	Khsrp
chr17	57032772	57041654	-	103775	Slc25a41
chr17	57043711	57059863	-	66972	Slc25a23
chr17	57062201	57065918	+	224912	Crb3
chr17	57066055	57078510	-	70785	Dennd1c
chr17	57080066	57087782	-	22153	Tubb4a
chr17	57092023	57105942	-	100169874	Gm11110
chr17	57105385	57107757	+	21950	Tnfsf9
chr17	57145997	57149777	-	21948	Cd70
chr17	57189474	57194181	-	50930	Tnfsf14
chr17	57203967	57228136	-	12266	C3
chr17	57217172	57217228	-	102465591	Mir6978
chr17	57234914	57247689	-	78308	Gpr108
chr17	57249451	57263697	+	106628	Trip10
chr17	57279100	57329236	+	22324	Vav1
chr17	57358686	57483529	+	13733	Adgre1
chr17	57508783	57545314	-	224916	Vmn2r120
chr17	57769570	58410342	+	620292	Cntnap5c
chr17	58878808	58991375	-	69239	Pdzph1
chr17	58996251	59024981	+	75039	Nudt12os
chr17	59001401	59013322	-	67993	Nudt12
chr17	62602957	62881317	-	13640	Efna5
chr17	63045949	63500580	-	50758	Fbxl17
chr17	63305446	63312973	-	414079	4930405O22Rik
chr17	63863981	64139496	+	14158	Fer
chr17	64049862	64050672	-	68771	1110058D11Rik
chr17	64281006	64331883	-	224938	Pja2
chr17	64440806	64440907	+	102465228	Mir6420
chr17	64514089	64555590	-	100043582	AU016765
chr17	64601649	64755110	+	17158	Man2a1
chr17	64767111	64767931	+	101202683	Dreh
chr17	64832702	64834614	-	78057	4930583I09Rik
chr17	65256005	65540782	-	381107	Tmem232
chr17	65580053	65613555	-	30960	Vapa
chr17	65637505	65642204	-	213272	Txndc2
chr17	65651726	65772752	-	106572	Rab31
chr17	65783355	65841926	+	70351	Ppp4r1
chr17	65848415	65885755	-	19765	Ralbp1
chr17	65921972	65951187	-	65960	Twsg1
chr17	65967501	66077046	-	106585	Ankrd12
chr17	66078795	66101559	-	72900	Ndufv2
chr17	66111546	66120503	+	68767	Washc1
chr17	66123520	66152168	+	320209	Ddx11
chr17	66336982	66449750	-	68617	Mtcl1
chr17	66494512	66519670	-	19328	Rab12
chr17	66555252	66594622	-	74556	Themis3
chr17	66666848	67354459	-	19274	Ptprm
chr17	66714456	66720485	+	102639882	1700016K05Rik
chr17	67026147	67026235	-	100885844	Mir5709
chr17	67630965	67632723	-	240131	Lrrc30
chr17	67697265	67822645	+	16772	Lama1
chr17	67842706	68004108	-	268970	Arhgap28
chr17	68273797	68780086	+	320858	L3mbtl4
chr17	68837136	68843138	+	622645	Tmem200c
chr17	69156810	69289989	+	13823	Epb41l3
chr17	69275362	69277206	-	69750	2410021H03Rik
chr17	69383375	69390544	+	22666	Zbtb14
chr17	69416447	69419193	+	77533	C030034I22Rik
chr17	69439326	69489233	+	320722	Akain1
chr17	69969368	70821413	+	224997	Dlgap1
chr17	70844205	70853532	-	21815	Tgif1
chr17	70860503	70860600	-	100316676	Mir1195
chr17	70973963	70990516	-	67938	Myl12b
chr17	70993793	71002533	-	67268	Myl12a
chr17	71002633	71126856	+	17929	Myom1
chr17	71182560	71249818	+	64898	Lpin2
chr17	71252176	71311556	-	246707	Emilin2
chr17	71333201	71341804	-	100043644	Gm4566
chr17	71344489	71475343	-	74355	Smchd1
chr17	71496100	71526857	-	67052	Ndc80
chr17	71526896	71589533	+	70891	Spdya
chr17	71557027	71598761	-	68789	Trmt61b
chr17	71615895	71659031	+	72515	Wdr43
chr17	71631279	71631361	+	100217462	Snord92
chr17	71640889	71640956	+	100217456	Snord53
chr17	71673261	71729669	+	320159	Togaram2
chr17	71743555	71752885	-	225004	Pcare
chr17	71769691	71864210	+	78785	Clip4
chr17	71868988	72604307	-	11682	Alk
chr17	72836704	72851195	+	383295	Ypel5
chr17	72918305	72941946	+	77889	Lbh
chr17	73107985	73243368	+	225010	Lclat1
chr17	73306464	73399296	-	381122	Capn13
chr17	73493751	73710451	-	71685	Galnt14
chr17	73804841	73832093	+	57440	Ehd3
chr17	73883895	73950196	-	22436	Xdh
chr17	74017706	74047916	-	94224	Srd5a2
chr17	74200700	74294863	-	76890	Memo1
chr17	74299474	74323944	-	66310	Dpy30
chr17	74338987	74391113	+	50850	Spast
chr17	74395608	74424229	+	210148	Slc30a6
chr17	74426295	74459108	-	268973	Nlrc4
chr17	74489493	74500277	+	67864	Yipf4
chr17	74528295	74703356	+	12211	Birc6
chr17	74717750	74863570	+	74196	Ttc27
chr17	75005529	75392967	+	268977	Ltbp1
chr17	75435905	75529054	+	240168	Rasgrp3
chr17	75537086	75551946	-	72722	Fam98a
chr17	75861023	75889039	+	100043885	Gm4710
chr17	78200248	78376592	+	50766	Crim1
chr17	78369212	78418152	-	225020	Fez2
chr17	78508063	78627409	+	74199	Vit
chr17	78653964	78736560	-	268980	Strn
chr17	78752906	78835381	-	320473	Heatr5b
chr17	78835516	78848308	+	53951	Gpatch11
chr17	78850504	78852544	-	625054	Gm6548
chr17	78852550	78882572	-	19106	Eif2ak2
chr17	78883938	78906992	-	73671	Sult6b1
chr17	78916499	78921048	+	68554	Cebpzos
chr17	78919003	78937070	-	12607	Cebpz
chr17	78937135	78948052	+	73694	Ndufaf7
chr17	78949405	79020816	-	75292	Prkd3
chr17	79051906	79090378	+	70536	Qpct
chr17	79334025	79355091	-	260409	Cdc42ep3
chr17	79475624	79477885	-	74622	4930429F11Rik
chr17	79506049	79510486	-	100038718	Gm10494
chr17	79614900	79682152	+	381110	Rmdn2
chr17	79706894	79715041	-	13078	Cyp1b1
chr17	79848390	79896123	-	56298	Atl2
chr17	80029487	80062268	-	72692	Hnrnpll
chr17	80127471	80185032	+	319625	Galm
chr17	80200080	80207305	-	225027	Srsf7
chr17	80215914	80217936	+	67737	Ttc39d
chr17	80224489	80228497	+	67242	Gemin6
chr17	80238304	80290476	-	106794	Dhx57
chr17	80290212	80297476	+	378462	Morn2
chr17	80307407	80388689	+	381112	Arhgef33
chr17	80371857	80373542	-	791338	Gm10190
chr17	80393752	80480453	-	20662	Sos1
chr17	80523550	80563834	-	381113	Cdkl4
chr17	80580513	80728025	-	225028	Map4k3
chr17	80896793	80933447	+	320784	C230072F16Rik
chr17	80944632	81001816	+	68027	Tmem178
chr17	81026327	81065085	-	72167	Thumpd2
chr17	81266210	81738387	-	20541	Slc8a1
chr17	83033592	83078225	-	100503434	Gm19689
chr17	83215283	83225069	+	106522	Pkdcc
chr17	83350931	83480361	+	78798	Eml4
chr17	83501917	83514333	-	20463	Cox7a2l
chr17	83585957	83631895	-	225030	Kcng3
chr17	83706163	83821516	+	116871	Mta3
chr17	83831354	83846790	-	107766	Haao
chr17	83998552	84013408	+	78148	8430430B14Rik
chr17	84078660	84089875	+	74473	4933433H22Rik
chr17	84183924	84187947	-	12193	Zfp36l2
chr17	84190056	84466208	-	240174	Thada
chr17	84511895	84622142	+	213556	Plekhh2
chr17	84626496	84655568	+	213575	Dync2li1
chr17	84658174	84683011	-	27409	Abcg5
chr17	84676302	84700333	+	67470	Abcg8
chr17	84705247	84790786	-	72416	Lrpprc
chr17	84917182	84957710	-	68531	1110020A21Rik
chr17	84956741	85023992	+	19043	Ppm1b
chr17	85028347	85064241	+	20532	Slc3a1
chr17	85063477	85090274	-	213760	Prepl
chr17	85090700	85458580	+	73582	Camkmt
chr17	85601932	85618396	-	100043902	Six3os1
chr17	85620834	85629302	+	20473	Six3
chr17	85684268	85688254	-	20472	Six2
chr17	85984665	86145175	-	78586	Srbd1
chr17	86167785	86657919	+	18754	Prkce
chr17	86285167	86287178	-	72104	2010106C02Rik
chr17	86753864	86833410	+	13819	Epas1
chr17	86917348	86922367	+	78469	Tmem247
chr17	86944109	86947887	-	74915	Atp6v1e2
chr17	86963111	87000069	+	104215	Rhoq
chr17	86997259	87025401	-	18701	Pigf
chr17	87025561	87035808	+	56724	Cript
chr17	87107679	87137585	+	56468	Socs5
chr17	87192216	87194942	-	399626	C330024C12Rik
chr17	87254443	87265947	-	193813	Mcfd2
chr17	87274886	87282814	-	74597	4833418N02Rik
chr17	87282886	87381770	+	225049	Ttc7
chr17	87389571	87427741	-	75467	Stpg4
chr17	87433401	87446935	-	12314	Calm2
chr17	87635979	87651127	+	17075	Epcam
chr17	87672557	87723713	+	17685	Msh2
chr17	87745821	87797994	-	210741	Kcnk12
chr17	87975050	87990892	+	17688	Msh6
chr17	87990859	88065285	-	225055	Fbxo11
chr17	88125512	88131116	+	225058	Gm4832
chr17	88440712	88490533	+	14236	Foxn2
chr17	88530124	88588367	+	73825	Ppp1r21
chr17	88626555	88662586	+	77057	Ston1
chr17	88668660	88715150	+	71828	Gtf2a1l
chr17	88716483	88791976	-	16867	Lhcgr
chr17	88984952	89200675	-	14309	Fshr
chr17	89320227	89327333	+	71052	4933400B14Rik
chr17	89379241	89384993	+	100043904	Gm4719
chr17	90033644	91092952	-	18189	Nrxn1
chr17	90792442	90793476	-	102634634	Gm20491
chr17	90861169	90867102	+	78800	4930480K15Rik
chr17	93199017	93206537	+	11516	Adcyap1
chr17	94727080	94750019	-	76781	Mettl4
chr17	94750100	94775129	+	77022	2700099C18Rik
chr17	94759942	94834799	-	100038746	Gm1976
chr17	94864918	94878321	+	100044193	Gm20939
chr18	3122492	3123412	-	100312476	Vmn1r238
chr18	3266354	3337589	-	12916	Crem
chr18	3336416	3366863	+	633947	Gm6225
chr18	3383031	3436700	+	71745	Cul2
chr18	3507957	3516404	+	68010	Bambi
chr18	4165832	4182236	+	67328	Lyzl1
chr18	4331327	4352953	-	26410	Map3k8
chr18	4353547	4368945	+	73915	4833419F23Rik
chr18	4375592	4397330	+	67440	Mtpap
chr18	4634929	4682869	+	240185	Jcad
chr18	4812486	4850959	+	100038439	Gm10556
chr18	4920540	5119293	+	225115	Svil
chr18	5210031	5334439	-	240186	Zfp438
chr18	5449454	5592437	-	791318	Gm10125
chr18	5591860	5775468	+	21417	Zeb1
chr18	6024448	6136098	-	75415	Arhgap12
chr18	6201005	6241524	-	16573	Kif5b
chr18	6435951	6516108	-	13831	Epc1
chr18	6490564	6490646	-	100316773	Mir1893
chr18	6603633	6638966	+	70901	4921524L21Rik
chr18	6765167	6791606	+	19330	Rab18
chr18	6934966	7004779	-	210719	Mkx
chr18	7088233	7297932	-	74934	Armc4
chr18	7347962	7626863	-	75739	Mpp7
chr18	7868832	7929028	+	225131	Wac
chr18	9212856	9216201	+	14370	Fzd8
chr18	9278607	9282809	-	225152	Gjd4
chr18	9314044	9450150	-	67974	Ccny
chr18	9618419	9619469	-	26369	Cetn1
chr18	9707648	9877995	+	140792	Colec12
chr18	9958180	9995484	+	225160	Thoc1
chr18	9993615	10030149	-	59025	Usp14
chr18	10064401	10181792	-	19877	Rock1
chr18	10325179	10562941	+	381157	Greb1l
chr18	10566512	10610352	-	77805	Esco1
chr18	10617796	10628230	+	20641	Snrpd1
chr18	10644411	10706696	-	106861	Abhd3
chr18	10706860	10711832	+	75370	4930563E18Rik
chr18	10725625	10818704	+	225164	Mib1
chr18	10782909	10782976	-	387151	Mir133a-1
chr18	10785446	10785567	+	100316783	Mir1b
chr18	10785481	10785552	-	723959	Mir1a-2
chr18	11042037	11052567	-	68434	1010001N08Rik
chr18	11052510	11085635	+	14465	Gata6
chr18	11633276	11743207	+	225182	Rbbp8
chr18	11821088	11839377	-	621998	Gm6277
chr18	11839274	11945627	+	63955	Cables1
chr18	11840361	11840438	-	100316686	Mir1901
chr18	11981303	12121537	-	338363	Tmem241
chr18	12128850	12157367	+	66878	Riok3
chr18	12168730	12189974	+	76482	Rmc1
chr18	12189694	12236386	-	18145	Npc1
chr18	12252357	12305720	-	225187	Ankrd29
chr18	12334024	12583013	+	16774	Lama3
chr18	12643533	12737052	+	72747	Ttc39c
chr18	12714811	12714895	+	100316699	Mir1948
chr18	12741355	12755142	+	71132	Cabyr
chr18	12755312	12941841	-	64291	Osbpl1a
chr18	12972252	12992948	+	16210	Impact
chr18	13006990	13022882	+	225192	Hrh4
chr18	13687013	13972733	-	225207	Zfp521
chr18	14232306	14278542	+	74529	8430422H06Rik
chr18	14625629	14682914	-	268996	Ss18
chr18	14706151	14762299	+	73677	Psma8
chr18	14783245	14900359	+	72504	Taf4b
chr18	14968685	15151446	-	106931	Kctd1
chr18	14988995	15047987	+	74456	4933424G05Rik
chr18	15389394	15410982	-	11829	Aqp4
chr18	15452175	15760157	-	71367	Chst9
chr18	16588877	16809246	-	12558	Cdh2
chr18	16816407	16822783	+	328906	Gm15328
chr18	17019076	17137559	+	75433	1700001G01Rik
chr18	17234483	17235482	-	664619	4921533I20Rik
chr18	17568746	17580990	-	75162	4930545E07Rik
chr18	19960930	20002097	-	13507	Dsc3
chr18	20030633	20059554	-	13506	Dsc2
chr18	20083471	20114773	-	13505	Dsc1
chr18	20247340	20285031	+	211924	Dsg1c
chr18	20310873	20343353	+	13510	Dsg1a
chr18	20376729	20412183	+	225256	Dsg1b
chr18	20436175	20471821	+	16769	Dsg4
chr18	20510274	20541310	+	13512	Dsg3
chr18	20558074	20604526	+	13511	Dsg2
chr18	20665250	20674326	+	22139	Ttr
chr18	20684599	20746404	-	56386	B4galt6
chr18	20817224	20896078	-	75964	Trappc8
chr18	20944625	20983848	+	67664	Rnf125
chr18	21001300	21028224	+	56515	Rnf138
chr18	21072344	21100199	+	17288	Mep1b
chr18	21127342	21300139	-	381126	Garem1
chr18	21550377	21652368	-	225266	Klhl14
chr18	21651565	21656107	+	74644	4930426D05Rik
chr18	21810897	22171396	-	70950	Ccdc178
chr18	22345089	22530227	+	211961	Asxl3
chr18	22693155	23041653	-	319211	Nol4
chr18	23217596	23217818	+	665797	Gm7788
chr18	23310020	23659719	+	13527	Dtna
chr18	23750447	23752305	-	100502834	Gm15972
chr18	23752333	23893861	+	212307	Mapre2
chr18	23774864	23774989	-	102465185	Mir6360
chr18	23954688	23964671	+	69256	Zfp397
chr18	23989634	24005371	+	22694	Zfp35
chr18	24012267	24020771	-	59057	Zfp24
chr18	24104761	24121819	-	225280	Ino80c
chr18	24205344	24286816	+	14423	Galnt1
chr18	24429110	24429170	-	387182	Mir187
chr18	24470871	24477767	+	68046	2700062C07Rik
chr18	24484962	24530204	-	225283	Rprd1a
chr18	24579881	24603817	-	106957	Slc39a6
chr18	24603961	24638830	+	58523	Elp2
chr18	24653691	24701556	+	68591	Mocos
chr18	24708623	25133507	+	225288	Fhod3
chr18	25127223	25168877	-	66648	Tpgs2
chr18	25169020	25467321	+	225289	AW554918
chr18	25477620	25753983	-	108013	Celf4
chr18	28560166	28998176	+	320624	4930474G06Rik
chr18	29396716	29496416	-	78058	4930578E11Rik
chr18	29442200	29466107	+	78199	4930527G23Rik
chr18	30272896	30348120	+	225326	Pik3c3
chr18	30974314	31317128	-	19762	Rit2
chr18	31437808	31447415	-	20983	Syt4
chr18	31580168	31610528	-	67453	Slc25a46
chr18	31634383	31723061	+	269003	Sap130
chr18	31759824	31784083	+	225339	Ammecr1l
chr18	31789159	31796701	+	69241	Polr2d
chr18	31804057	31908987	+	74320	Wdr33
chr18	31909094	31911903	-	67158	Sft2d3
chr18	31931507	31958619	+	225341	Lims2
chr18	31942999	31949636	-	574402	Gpr17
chr18	31959234	32036931	-	17922	Myo7b
chr18	32067734	32104331	+	73473	Iws1
chr18	32123126	32139570	-	19123	Proc
chr18	32163089	32236751	+	26405	Map3k2
chr18	32240331	32270147	+	13872	Ercc3
chr18	32359057	32378284	-	402767	A830052D11Rik
chr18	32377217	32435740	+	30948	Bin1
chr18	32528320	32560034	-	71683	Gypc
chr18	32663642	32837287	-	75795	4930455D15Rik
chr18	32815383	32819799	+	53603	Tslp
chr18	32837225	32866420	+	225348	Wdr36
chr18	32880573	32880673	-	102465186	Mir6361
chr18	32939041	33195767	+	12326	Camk4
chr18	33201421	33213816	-	170459	Stard4
chr18	33437019	33464029	-	27528	Nrep
chr18	33464163	33474710	+	433171	Gm10549
chr18	33794892	33795989	+	69749	Epb41l4aos
chr18	33796327	34007206	-	13824	Epb41l4a
chr18	34207775	34221772	-	633395	Gm10548
chr18	34220984	34322190	+	11789	Apc
chr18	34331145	34336599	+	66384	Srp19
chr18	34344885	34373415	-	13476	Reep5
chr18	34408489	34442789	+	53871	Pkd2l2
chr18	34442351	34506823	-	225358	Fam13b
chr18	34542328	34548061	+	20890	Wnt8a
chr18	34557643	34579106	-	75533	Nme5
chr18	34579846	34597468	-	271508	4933408B17Rik
chr18	34598615	34624863	-	78656	Brd8
chr18	34624624	34633277	+	19348	Kif20a
chr18	34630951	34651736	-	52563	Cdc23
chr18	34689898	34720387	-	14587	Gfra3
chr18	34732993	34751533	-	12532	Cdc25c
chr18	34758906	34773760	+	66306	Fam53c
chr18	34777008	34839370	+	277250	Kdm3b
chr18	34840589	34847463	+	225362	Reep2
chr18	34861207	34864956	+	13653	Egr1
chr18	34902785	34932003	-	225363	Etf1
chr18	34937414	34954351	-	15526	Hspa9
chr18	35118912	35254775	+	12385	Ctnna1
chr18	35209003	35215024	-	107065	Lrrtm2
chr18	35266396	35498925	-	81500	Sil1
chr18	35553410	35558316	+	100503380	Snhg4
chr18	35554567	35554636	+	100316700	Mir1949
chr18	35557030	35557227	+	436583	Snora74a
chr18	35562158	35592045	+	17184	Matr3
chr18	35598667	35617185	+	67869	Paip2
chr18	35614604	35627227	-	20522	Slc23a1
chr18	35647265	35649367	-	69816	Mzb1
chr18	35650351	35655199	-	381148	Prob1
chr18	35656689	35662186	-	71242	Spata24
chr18	35671103	35703144	-	76594	Dnajc18
chr18	35713089	35722351	-	68545	Ecscr
chr18	35726989	35730869	+	73449	1700066B19Rik
chr18	35733678	35740554	-	72512	Tmem173
chr18	35771559	35807172	+	56550	Ube2d2a
chr18	35829818	35861688	+	67393	Cxxc5
chr18	35964830	36014715	+	74002	Psd2
chr18	36017649	36197160	-	100042150	Nrg2
chr18	36106203	36109954	+	74966	4930471G03Rik
chr18	36281162	36288245	+	19290	Pura
chr18	36300101	36301478	+	109169	Igip
chr18	36348624	36402978	+	66060	Cystm1
chr18	36403679	36454495	-	67199	Pfdn1
chr18	36504927	36515805	-	15200	Hbegf
chr18	36528152	36556272	+	240215	Slc4a9
chr18	36560603	36666324	+	108857	Ankhd1
chr18	36664060	36666324	+	108112	Eif4ebp3
chr18	36667187	36670311	-	24068	Sra1
chr18	36671159	36679366	-	225372	Apbb3
chr18	36679215	36683862	+	67843	Slc35a4
chr18	36684923	36695925	-	240216	E230025N22Rik
chr18	36725064	36726815	-	12475	Cd14
chr18	36735070	36742391	+	71983	Tmco6
chr18	36742332	36744587	-	17991	Ndufa2
chr18	36744656	36757639	+	24010	Ik
chr18	36760239	36763708	+	67936	Wdr55
chr18	36763671	36766214	-	213236	Dnd1
chr18	36766528	36783205	-	15115	Hars
chr18	36783209	36792562	+	70791	Hars2
chr18	36793923	36799660	+	66492	Zmat2
chr18	36801763	36802107	+	378472	Vaultrc5
chr18	36920305	36922207	+	627427	Gm6756
chr18	36930285	37187661	+	116731	Pcdha1
chr18	36939205	37187661	+	353234	Pcdha2
chr18	36946207	37187661	+	192163	Pcdha3
chr18	36952648	37187661	+	12936	Pcdha4
chr18	36952648	37841873	+	100384868	Gm37013
chr18	36960440	37187661	+	12941	Pcdha5
chr18	36967631	37187661	+	12937	Pcdha6
chr18	36967631	37841873	+	103611158	Gm38666
chr18	36973802	37187661	+	12939	Pcdha7
chr18	36973802	37841873	+	103611159	Gm38667
chr18	36992467	37187661	+	353235	Pcdha8
chr18	36997880	37187661	+	192161	Pcdha9
chr18	37005320	37187661	+	12943	Pcdha10
chr18	37010858	37187661	+	12942	Pcdha11
chr18	37020230	37187661	+	192164	Pcdha12
chr18	37090136	37187661	+	353236	Pcdhac1
chr18	37143969	37187661	+	353237	Pcdhac2
chr18	37264998	37267454	+	93872	Pcdhb1
chr18	37294840	37297614	+	93873	Pcdhb2
chr18	37300799	37304585	+	93874	Pcdhb3
chr18	37307455	37311173	+	93875	Pcdhb4
chr18	37320381	37323913	+	93876	Pcdhb5
chr18	37334028	37336346	+	93877	Pcdhb6
chr18	37341702	37345207	+	93878	Pcdhb7
chr18	37355271	37357610	+	93879	Pcdhb8
chr18	37400855	37403909	+	93880	Pcdhb9
chr18	37411674	37414514	+	93881	Pcdhb10
chr18	37421418	37425032	+	93882	Pcdhb11
chr18	37435621	37438654	+	93883	Pcdhb12
chr18	37442517	37446209	+	93884	Pcdhb13
chr18	37447657	37451094	+	93885	Pcdhb14
chr18	37473546	37476340	+	93886	Pcdhb15
chr18	37477768	37483038	+	93887	Pcdhb16
chr18	37485021	37488290	+	93888	Pcdhb17
chr18	37489465	37494503	+	93889	Pcdhb18
chr18	37496998	37501711	+	93890	Pcdhb19
chr18	37504264	37507660	+	93891	Pcdhb20
chr18	37513652	37521419	+	93893	Pcdhb22
chr18	37637378	37638723	-	83885	Slc25a2
chr18	37640491	37644204	-	24074	Taf7
chr18	37661945	37841873	+	93709	Pcdhga1
chr18	37669105	37841873	+	93710	Pcdhga2
chr18	37674335	37841873	+	93711	Pcdhga3
chr18	37680458	37841873	+	93699	Pcdhgb1
chr18	37685400	37841873	+	93712	Pcdhga4
chr18	37689859	37841873	+	93700	Pcdhgb2
chr18	37694501	37841873	+	93713	Pcdhga5
chr18	37707229	37841873	+	93714	Pcdhga6
chr18	37714834	37841873	+	93715	Pcdhga7
chr18	37720554	37841873	+	93701	Pcdhgb4
chr18	37725706	37841873	+	93716	Pcdhga8
chr18	37731154	37841873	+	93702	Pcdhgb5
chr18	37736936	37841873	+	93717	Pcdhga9
chr18	37742094	37841873	+	93703	Pcdhgb6
chr18	37747188	37841873	+	93722	Pcdhga10
chr18	37751779	37841873	+	93704	Pcdhgb7
chr18	37755773	37841873	+	93723	Pcdhga11
chr18	37761801	37841873	+	93705	Pcdhgb8
chr18	37765580	37841873	+	93724	Pcdhga12
chr18	37806410	37841873	+	93706	Pcdhgc3
chr18	37815079	37841873	+	93707	Pcdhgc4
chr18	37819546	37841873	+	93708	Pcdhgc5
chr18	37843601	37935423	-	13367	Diaph1
chr18	37854605	37854660	-	102465592	Mir6979
chr18	37936971	37954988	-	15183	Hdac3
chr18	37955559	37959179	+	225392	Rell2
chr18	37957434	37969731	-	319262	Fchsd1
chr18	37972623	37998969	-	106952	Arap3
chr18	37974503	37974617	-	102466779	Mir6981
chr18	37990887	37990945	-	102466913	Mir6980
chr18	38196694	38209762	-	75599	Pcdh1
chr18	38238405	38250565	-	73516	1700086O06Rik
chr18	38250249	38262629	+	66839	Dele1
chr18	38267092	38284402	-	53601	Pcdh12
chr18	38296635	38317849	+	56736	Rnf14
chr18	38327537	38338993	-	26384	Gnpda1
chr18	38418975	38464839	+	65113	Ndfip1
chr18	38586265	38601268	-	24066	Spry4
chr18	38838673	38929404	-	14164	Fgf1
chr18	38892456	38971274	+	545253	Gm5820
chr18	38993145	39376285	+	71302	Arhgap26
chr18	39410545	39489776	-	14815	Nr3c1
chr18	39773497	39776082	+	18459	Pabpc2
chr18	40204865	40219399	-	67180	Yipf5
chr18	40256962	40257703	+	73001	2900055J20Rik
chr18	40258361	40531184	+	383348	Kctd16
chr18	41875696	41951194	-	77619	Prelid2
chr18	41985323	41999049	-	332309	Grxcr2
chr18	42053710	42158695	+	269016	Sh3rf2
chr18	42178675	42196709	-	69401	Plac8l1
chr18	42202349	42262071	-	107045	Lars
chr18	42274380	42275197	-	100042757	Gm4013
chr18	42275353	42341542	+	225432	Rbm27
chr18	42394597	42396093	+	18998	Pou4f3
chr18	42511487	42575785	+	56070	Tcerg1
chr18	42578020	42579652	-	240239	Gpr151
chr18	42645221	43059471	-	72930	Ppp2r2b
chr18	43207697	43317481	+	269019	Stk32a
chr18	43320979	43438286	-	22240	Dpysl3
chr18	43531408	43687773	-	76217	Jakmip2
chr18	43728069	43737237	-	20730	Spink1
chr18	43764301	43767399	+	117158	Scgb3a2
chr18	43777196	43792878	-	225443	Gm94
chr18	43963241	44022487	+	72432	Spink5
chr18	44027869	44032208	+	433178	Spink14
chr18	44071393	44083610	+	433180	Spink6
chr18	44104523	44108543	+	78242	Spink12
chr18	44156403	44159885	-	100042855	Gm10267
chr18	44166358	44175073	-	77424	Spinkl
chr18	44190045	44196177	-	433181	Spink11
chr18	44270127	44277700	+	18169	Npy6r
chr18	44334074	44355722	+	58916	Myot
chr18	44380500	44424969	+	70640	Dcp2
chr18	44425060	44812182	-	328949	Mcc
chr18	44661665	44676271	+	626275	A930012L18Rik
chr18	44828665	44889720	+	240255	Ythdc2
chr18	45268860	45685883	+	140492	Kcnn2
chr18	45683487	46045260	-	107003	A330093E20Rik
chr18	46165300	46212607	-	28105	Trim36
chr18	46239949	46280850	-	225467	Pggt1b
chr18	46282151	46311928	-	240261	Ccdc112
chr18	46464934	46465816	-	72076	Mospd4
chr18	46504606	46525971	-	240263	Fem1c
chr18	46558231	46574533	-	225471	Ticam2
chr18	46585928	46597535	-	66676	Tmed7
chr18	46597704	46610225	+	13664	Eif1a
chr18	46713205	46728342	-	12583	Cdo1
chr18	46732417	46741579	-	67526	Atg12
chr18	46741876	46790826	+	11777	Ap3s1
chr18	46850039	46905446	+	74574	Lvrn
chr18	46921815	46934222	+	381142	Arl14epl
chr18	46958876	47087995	+	69456	Commd10
chr18	47245254	47368870	-	20358	Sema6a
chr18	47452668	47470868	+	77668	9130209A04Rik
chr18	47537735	47718636	+	328953	Gm5095
chr18	47922841	48107980	+	414127	G630055G22Rik
chr18	49523289	49524440	+	67321	1700044K03Rik
chr18	49696145	49755601	-	68857	Dtwd2
chr18	49803332	49817956	-	76609	1700065O20Rik
chr18	49832997	49965473	+	240283	Dmxl1
chr18	49979427	50093229	+	106869	Tnfaip8
chr18	50042740	50053844	-	102635912	C030005K06Rik
chr18	50128201	50196270	+	15488	Hsd17b4
chr18	50278369	50283019	+	225497	Fam170a
chr18	50567656	50568699	-	67365	Pudp
chr18	51117898	51420044	+	71373	Prr16
chr18	52331536	52332996	+	67634	Ftmt
chr18	52465693	52490738	+	67222	Srfbp1
chr18	52516060	52529867	-	16948	Lox
chr18	52615915	52639830	+	66758	Zfp474
chr18	52646220	52663731	+	78414	1700034E13Rik
chr18	52693679	52695593	+	14625	Gykl1
chr18	52767811	52915931	+	67847	Sncaip
chr18	53176365	53220860	+	67804	Snx2
chr18	53245662	53390837	+	69226	Snx24
chr18	53406341	53418007	-	19038	Ppic
chr18	53464546	53575857	+	225518	Prdm6
chr18	53648151	53705418	+	100502945	Gm19466
chr18	53681723	53744547	-	225523	Cep120
chr18	53862113	53955684	+	70425	Csnk1g3
chr18	54422295	54453294	+	77433	Redrum
chr18	54611744	54639870	+	328957	9330117O12Rik
chr18	54888045	54992591	-	269023	Zfp608
chr18	56400337	56503792	+	107022	Gramd3
chr18	56525736	56572939	-	110695	Aldh7a1
chr18	56538139	56538198	+	102465790	Mir1258
chr18	56562569	56587712	+	56698	Phax
chr18	56588348	56594782	+	67343	Tex43
chr18	56707813	56753424	+	16906	Lmnb1
chr18	56761716	56925548	-	320253	March3
chr18	56936260	56940518	+	100038410	Gm10536
chr18	56955828	56975379	-	77422	C330018D20Rik
chr18	57133090	57297467	+	70417	Megf10
chr18	57354733	57392719	+	73137	Prrc1
chr18	57373455	57552397	-	75084	4930511M06Rik
chr18	57468486	57478134	+	629147	Ctxn3
chr18	57533780	57731065	+	75444	Ccdc192
chr18	57632079	57638585	-	70157	2210409D07Rik
chr18	57774166	57779995	-	100503033	Gm19519
chr18	57878678	57946821	+	20496	Slc12a2
chr18	58008623	58209926	-	14119	Fbn2
chr18	58556240	58612869	+	225579	Slc27a6
chr18	58659482	58679570	+	66307	Isoc1
chr18	58836764	59053678	+	240322	Adamts19
chr18	59062381	59076962	+	225583	Minar2
chr18	59175340	59411336	+	78923	Chsy3
chr18	59579630	59579735	+	102465182	Mir6355
chr18	60212077	60247820	+	240327	Gm4951
chr18	60268301	60273267	-	225594	Gm4841
chr18	60293380	60303016	+	240328	F830016B08Rik
chr18	60376029	60392634	+	60440	Iigp1
chr18	60474191	60501983	-	106878	Smim3
chr18	60526221	60558762	+	67665	Dctn4
chr18	60560786	60572729	+	66810	Rbm22
chr18	60573717	60591716	-	170947	Myoz3
chr18	60593990	60630085	-	104027	Synpo
chr18	60663410	60671624	+	328963	G630071F17Rik
chr18	60685963	60748665	-	15531	Ndst1
chr18	60774596	60778546	+	20044	Rps14
chr18	60803849	60812652	+	16149	Cd74
chr18	60812076	60812163	+	100628611	Mir5107
chr18	60813755	60848964	-	21453	Tcof1
chr18	60912240	60917768	+	545260	Arsi
chr18	60925632	60988152	+	12322	Camk2a
chr18	60953873	60953932	+	102465703	Mir7220
chr18	60958073	60958140	+	102465593	Mir6982
chr18	60995380	61014199	-	240332	Slc6a7
chr18	61018862	61036199	-	12590	Cdx1
chr18	61045150	61085067	+	18596	Pdgfrb
chr18	61105572	61131139	+	12978	Csf1r
chr18	61117468	61117531	+	102466212	Mir6983
chr18	61131277	61177050	-	106894	Hmgxb3
chr18	61196854	61211596	-	13521	Slc26a2
chr18	61220499	61289750	+	225600	Pde6a
chr18	61298136	61400431	-	170826	Ppargc1b
chr18	61397835	61397900	-	723889	Mir378a
chr18	61470225	61484607	-	442846	A530050N04Rik
chr18	61493794	61536536	-	328967	Arhgef37
chr18	61555582	61588299	+	93687	Csnk1a1
chr18	61639653	61647485	+	545261	Bvht
chr18	61645878	61665538	-	328968	Carmn
chr18	61647825	61647894	-	387163	Mir145a
chr18	61649196	61649258	-	387161	Mir143
chr18	61687915	61692537	+	56069	Il17b
chr18	61696837	61707635	-	240334	Pcyox1l
chr18	61712424	61726331	-	17714	Grpel2
chr18	61726390	61728254	+	68982	1500015A07Rik
chr18	61730262	61786662	-	106877	Afap1l1
chr18	61799392	61911852	-	319713	Ablim3
chr18	61953075	62015719	+	225608	Sh3tc2
chr18	62177713	62179981	-	11555	Adrb2
chr18	62180126	62184403	+	225609	Gm9949
chr18	62324204	62496574	+	15562	Htr4
chr18	62504059	62548743	-	107035	Fbxo38
chr18	62548911	62661388	+	328971	Spink10
chr18	62592413	62596264	-	408198	Spink7
chr18	62607540	62741387	-	100038417	Spink13
chr18	62751674	62756347	-	78449	2700046A07Rik
chr18	62922327	62953195	+	494504	Apcdd1
chr18	62977916	62999450	+	108123	Napg
chr18	63010213	63387183	-	667742	Piezo2
chr18	63662801	63692359	-	53382	Txnl1
chr18	63708695	63989760	+	104082	Wdr7
chr18	64157724	64277180	-	73588	St8sia3os
chr18	64254359	64276144	+	20451	St8sia3
chr18	64340364	64398488	+	225631	Onecut2
chr18	64456550	64489066	-	14151	Fech
chr18	64499647	64516557	-	70223	Nars
chr18	64528979	64661000	-	54670	Atp8b1
chr18	64887756	65217826	+	83814	Nedd4l
chr18	65248861	65248926	+	387231	Mir122
chr18	65265529	65393888	-	225638	Alpk2
chr18	65430997	65478792	+	240354	Malt1
chr18	65580230	65689443	+	328977	Zfp532
chr18	65698268	65751537	+	319888	Oacyl
chr18	65800578	65817657	+	66286	Sec11c
chr18	65873486	65886596	+	225642	Grp
chr18	65934639	65939089	-	19434	Rax
chr18	65955722	65970178	-	225644	Cplx4
chr18	65980739	66002635	-	70361	Lman1
chr18	66047166	66291838	-	320924	Ccbe1
chr18	66219264	66219333	-	751558	Mir694
chr18	66458604	66465558	+	58801	Pmaip1
chr18	66504178	66511737	+	100503565	Gm9926
chr18	66857705	66860487	-	17202	Mc4r
chr18	66924762	66949961	-	100503582	Gm19784
chr18	67088298	67226792	+	14680	Gnal
chr18	67205359	67207887	+	67064	Chmp1b
chr18	67225530	67245830	-	225651	Mppe1
chr18	67289223	67318841	+	114663	Impa2
chr18	67321209	67344103	-	338360	B430212C06Rik
chr18	67343564	67367794	+	12683	Cidea
chr18	67390731	67402749	+	67951	Tubb6
chr18	67404764	67449136	-	69597	Afg3l2
chr18	67464849	67480581	+	225655	Prelid3a
chr18	67488209	67610790	-	68166	Spire1
chr18	67617397	67641336	-	225659	Cep76
chr18	67641599	67654162	+	107047	Psmg2
chr18	67665501	67724621	-	19255	Ptpn2
chr18	67774876	67795487	+	72124	Seh1l
chr18	67776033	67799943	-	75286	4930549G23Rik
chr18	67800107	67885170	+	70799	Cep192
chr18	67933257	68255549	+	52662	Ldlrad4
chr18	68260184	68300333	-	108654	Fam210a
chr18	68260920	68260973	-	102465702	Mir7219
chr18	68300355	68324852	+	67897	Rnmt
chr18	68337603	68339711	+	17203	Mc5r
chr18	68406899	68429320	-	17200	Mc2r
chr18	68739400	68739501	+	102465183	Mir6356
chr18	68889487	68951528	-	78931	4930546C10Rik
chr18	69022199	69022273	-	102465187	Mir145b
chr18	69344492	69687967	+	21413	Tcf4
chr18	69925559	69969484	+	381175	Ccdc68
chr18	69979131	70141605	-	80718	Rab27b
chr18	70240429	70244584	-	75577	Dynap
chr18	70453140	70472480	-	269033	4930503L19Rik
chr18	70472454	70501066	+	170461	Stard6
chr18	70508680	70530321	-	26447	Poli
chr18	70516786	70516889	+	102466152	Mir6357
chr18	70568292	70626131	+	17191	Mbd2
chr18	71253632	72351069	-	13176	Dcc
chr18	73572705	73592578	+	240396	Mex3c
chr18	73639013	73703741	-	17128	Smad4
chr18	73735038	73754479	-	114615	Elac1
chr18	73770040	73815392	-	107029	Me2
chr18	73859385	73879134	+	71263	Mro
chr18	73928486	74064949	-	225724	Mapk4
chr18	74017907	74020088	+	77855	D730045A05Rik
chr18	74195299	74207818	-	66468	Ska1
chr18	74216212	74221491	+	74322	Cxxc1
chr18	74268288	74282684	+	17190	Mbd1
chr18	74283100	74359984	+	74453	Cfap53
chr18	74442619	74771477	+	17919	Myo5b
chr18	74495678	74531124	-	73606	1700120E14Rik
chr18	74778394	74778455	-	100217466	Scarna17
chr18	74779212	74806207	+	52538	Acaa2
chr18	74939322	74961263	-	16891	Lipg
chr18	74972764	74981547	-	71545	9030625G05Rik
chr18	75000477	75003381	+	319195	Rpl17
chr18	75001068	75001122	+	100217457	Snord58b
chr18	75005868	75009933	+	407819	BC031181
chr18	75018772	75286966	+	69190	Dym
chr18	75288660	75297329	-	100503117	2010010A06Rik
chr18	75367365	75395934	+	17131	Smad7
chr18	75431205	75697696	-	269037	Ctif
chr18	75514645	75522806	+	100038353	Gm10532
chr18	75820178	76148564	+	207259	Zbtb7c
chr18	76091557	76098471	-	73009	2900057B20Rik
chr18	76170552	76170652	+	102465184	Mir6358
chr18	76241701	76311747	+	17126	Smad2
chr18	76856405	76900342	+	664805	Skor2
chr18	76930027	76941614	+	66191	Ier3ip1
chr18	76944115	76972171	+	76987	Hdhd2
chr18	76977149	77047296	-	71206	Katnal2
chr18	77065208	77155708	+	17344	Pias2
chr18	77185847	77255450	+	225742	St8sia5
chr18	77281958	77442257	+	240411	Loxhd1
chr18	77456110	77565136	-	225743	Rnf165
chr18	77633281	77714486	-	212163	8030462N17Rik
chr18	77714184	77715445	+	67640	4930465K10Rik
chr18	77757567	77767780	-	225745	Haus1
chr18	77773768	77782869	+	11946	Atp5a1
chr18	77789913	77882879	+	19201	Pstpip2
chr18	77793259	77796740	-	619308	F830208F22Rik
chr18	77938467	78035027	+	100502841	Epg5
chr18	78043614	78057268	-	620235	Siglec15
chr18	78100091	78142119	-	108052	Slc14a1
chr18	78146144	78596950	-	27411	Slc14a2
chr18	78750378	79109391	-	240427	Setbp1
chr18	80046895	80119640	+	93737	Pard6g
chr18	80127135	80151482	-	240442	Adnp2
chr18	80186239	80193569	+	105246506	LOC105246506
chr18	80192264	80200619	-	68731	Rbfa
chr18	80206798	80225851	+	27366	Txnl4a
chr18	80229751	80247102	-	66255	Hsbp1l1
chr18	80253292	80292724	+	66943	Pqlc1
chr18	80294544	80364254	-	240444	Kcng2
chr18	80407959	80469667	-	67655	Ctdp1
chr18	80541892	80544546	-	100039348	Gm2176
chr18	80606205	80713071	-	18018	Nfatc1
chr18	80734141	80934058	-	50771	Atp9b
chr18	80966359	80986578	-	20689	Sall3
chr18	81992010	81992080	-	100628596	Mir5127
chr18	82392496	82406777	-	14427	Galr1
chr18	82475123	82585637	+	17196	Mbp
chr18	82593597	82692734	-	329002	Zfp236
chr18	82720281	82720340	+	100628586	Mir5112
chr18	82754505	82759039	-	76961	2210420H20Rik
chr18	82855897	82870604	+	73985	4930445N18Rik
chr18	82910879	83005314	+	329003	Zfp516
chr18	82918405	82920560	-	75853	4930592I03Rik
chr18	83292792	83325884	-	70960	4921531P14Rik
chr18	84011627	84086562	-	110796	Tshz1
chr18	84088158	84097514	+	225791	Zadh2
chr18	84207701	84589504	-	240476	Zfp407
chr18	84610509	84650095	-	338403	Cndp1
chr18	84667465	84685702	-	66054	Cndp2
chr18	84720242	84740436	+	240479	Fam69c
chr18	84851414	84879863	+	109672	Cyb5a
chr18	84935025	84981392	+	50764	Fbxo15
chr18	84947294	84951524	-	67105	Timm21
chr18	86394952	86501897	+	246317	Neto1
chr18	86711110	86718283	+	12405	Cbln2
chr18	88688067	88894207	-	54607	Socs6
chr18	88971790	89131014	+	246102	Rttn
chr18	88972030	88972110	+	102466633	Mir6359
chr18	89176969	89270327	+	225825	Cd226
chr18	89301135	89769136	-	623279	Dok6
chr18	90510154	90543267	+	67988	Tmx3
chr19	3153211	3197703	-	70011	1700030N03Rik
chr19	3259076	3283010	-	20589	Ighmbp2
chr19	3283047	3292837	+	353242	Mrpl21
chr19	3288920	3288983	+	102465594	Mir6984
chr19	3323301	3385733	+	12894	Cpt1a
chr19	3388857	3407823	+	17771	Tesmin
chr19	3409917	3414457	-	14419	Gal
chr19	3454928	3575749	-	52036	Ppp6r3
chr19	3584825	3686564	-	16973	Lrp5
chr19	3708333	3717881	+	72056	1810055G02Rik
chr19	3767421	3818303	+	225888	Kmt5b
chr19	3851773	3894369	+	12660	Chka
chr19	3896050	3907133	-	27060	Tcirg1
chr19	3908863	3912774	-	225887	Ndufs8
chr19	3913491	3929716	-	67689	Aldh3b1
chr19	3935186	3949340	+	54445	Unc93b1
chr19	3958808	3970438	+	73458	Aldh3b3
chr19	3972328	3981665	+	621603	Aldh3b2
chr19	3986570	3990007	+	71670	Acy3
chr19	3992752	3999512	+	109575	Tbx10
chr19	4000580	4003814	+	66387	Nudt8
chr19	4003385	4007005	+	60425	Doc2g
chr19	4007499	4012755	-	17995	Ndufv1
chr19	4035411	4037912	-	14870	Gstp1
chr19	4040288	4042221	-	14869	Gstp2
chr19	4057487	4059431	-	225884	Gstp3
chr19	4082488	4087340	+	29866	Cabp2
chr19	4097351	4099017	+	52004	Cdk2ap2
chr19	4099998	4113965	+	18739	Pitpnm1
chr19	4113756	4125858	-	11632	Aip
chr19	4125960	4132307	+	66990	Tmem134
chr19	4135423	4139609	-	73660	Cabp4
chr19	4139799	4145741	+	269053	Gpr152
chr19	4148663	4154035	+	23789	Coro1b
chr19	4154646	4156710	+	19265	Ptprcap
chr19	4156977	4163245	-	58988	Rps6kb2
chr19	4164324	4175479	-	107239	Carns1
chr19	4184357	4191047	-	108995	Tbc1d10c
chr19	4192174	4195419	+	19045	Ppp1ca
chr19	4195198	4201603	-	19367	Rad9a
chr19	4214238	4223505	+	56708	Clcf1
chr19	4214238	4233634	+	105948585	Gm45928
chr19	4231893	4233634	+	69745	Pold4
chr19	4261668	4269172	-	245857	Ssh3
chr19	4263818	4263878	-	102465595	Mir6985
chr19	4270180	4283137	-	68423	Ankrd13d
chr19	4285999	4306222	-	110355	Grk2
chr19	4316144	4398266	-	225876	Kdm2a
chr19	4425457	4439424	-	11854	Rhod
chr19	4439323	4448325	+	319314	A930001C03Rik
chr19	4445908	4477143	-	171180	Syt12
chr19	4496788	4498583	-	69861	2010003K11Rik
chr19	4510472	4621752	+	18563	Pcx
chr19	4611784	4615667	-	225875	Lrfn4
chr19	4622551	4625617	-	19671	Rce1
chr19	4623898	4623955	-	102466780	Mir6986
chr19	4625841	4698668	-	381196	Gm960
chr19	4711223	4752352	+	20743	Sptbn2
chr19	4742913	4811634	-	102902673	Gm21992
chr19	4756525	4765940	+	66704	Rbm4b
chr19	4784293	4794009	-	19653	Rbm4
chr19	4800566	4811634	-	56275	Rbm14
chr19	4825366	4839322	-	12460	Ccs
chr19	4839366	4842528	+	399599	Ccdc87
chr19	4855129	4860912	+	56464	Ctsf
chr19	4861216	4877909	-	11474	Actn3
chr19	4878668	4885397	+	70605	Zdhhc24
chr19	4886882	4906627	-	52028	Bbs1
chr19	4907229	4928287	-	75221	Dpp3
chr19	4931855	4943092	-	240518	Peli3
chr19	4962306	4966995	+	66419	Mrpl11
chr19	4984355	4989971	-	225872	Npas4
chr19	5024006	5031972	+	13340	Slc29a2
chr19	5038826	5049917	+	108902	B4gat1
chr19	5040307	5049917	+	107392	Brms1
chr19	5050808	5057071	+	225870	Rin1
chr19	5068078	5070640	+	70445	Cd248
chr19	5079337	5085477	-	381199	Tmem151a
chr19	5088538	5092879	+	68090	Yif1a
chr19	5092868	5098521	-	12794	Cnih2
chr19	5099207	5106996	-	76308	Rab1b
chr19	5107746	5118408	-	16594	Klc2
chr19	5133685	5273119	-	107975	Pacs1
chr19	5273921	5295455	-	319322	Sf3b2
chr19	5298331	5308739	+	545276	Gal3st3
chr19	5335741	5344153	+	225865	Catsper1
chr19	5344705	5349574	-	73720	Cst6
chr19	5364633	5366876	-	23825	Banf1
chr19	5366813	5371511	+	69860	Eif1ad
chr19	5377523	5388703	-	20227	Sart1
chr19	5388336	5390069	+	414115	D330050I16Rik
chr19	5406815	5422847	+	74931	4930481A15Rik
chr19	5422804	5424979	-	66556	Drap1
chr19	5425144	5427317	+	107242	AI837181
chr19	5447698	5455938	+	14283	Fosl1
chr19	5453163	5457563	-	240514	Ccdc85b
chr19	5460607	5465052	+	58249	Fibp
chr19	5465043	5468507	-	13041	Ctsw
chr19	5474690	5481854	+	58859	Efemp2
chr19	5482840	5488336	-	71711	Mus81
chr19	5490455	5494031	+	12631	Cfl1
chr19	5494848	5510489	-	225861	Snx32
chr19	5502767	5503787	-	75555	1700020D05Rik
chr19	5549137	5560575	-	18426	Ovol1
chr19	5568025	5571261	+	381201	Ap5b1
chr19	5601873	5602959	+	68209	Rnaseh2c
chr19	5603014	5610094	-	81601	Kat5
chr19	5637490	5648130	+	19697	Rela
chr19	5651185	5663707	-	20469	Sipa1
chr19	5664635	5688908	-	104401	Pcnx3
chr19	5679004	5679076	-	102465596	Mir6987
chr19	5689131	5702865	+	26403	Map3k11
chr19	5704476	5707101	+	16530	Kcnk7
chr19	5707369	5726317	-	114601	Ehbp1l1
chr19	5728087	5731732	-	17826	Fam89b
chr19	5729237	5731732	-	56390	Sssca1
chr19	5740904	5758532	+	16998	Ltbp3
chr19	5758427	5771401	-	78891	Scyl1
chr19	5795690	5802671	-	72289	Malat1
chr19	5824708	5845480	-	66961	Neat1
chr19	5850974	5875208	-	67457	Frmd8
chr19	5877826	5885768	+	107375	Slc25a45
chr19	5891138	5894107	-	332359	Tigd3
chr19	5896516	5912871	-	19708	Dpf2
chr19	5917556	5924816	-	104252	Cdc42ep2
chr19	5940543	5964206	-	18969	Pola2
chr19	5970234	5986143	-	381203	Slc22a20
chr19	5988545	6015825	-	12333	Capn1
chr19	6012620	6018459	+	100502985	Gm10814
chr19	6046576	6053718	+	74126	Syvn1
chr19	6051334	6051392	+	102465597	Mir6988
chr19	6053630	6057751	-	18120	Mrpl49
chr19	6057888	6059524	+	14109	Fau
chr19	6061207	6062468	+	29805	Znhit2
chr19	6062821	6067867	-	73166	Tm7sf2
chr19	6067842	6077187	-	68505	Vps51
chr19	6080038	6080785	+	433215	Tmem262
chr19	6080762	6084891	-	81909	Zfpl1
chr19	6085097	6091773	+	67849	Cdca5
chr19	6105798	6115555	+	381204	Naaladl1
chr19	6116004	6118586	-	66406	Sac3d1
chr19	6119404	6128215	-	69024	Snx15
chr19	6134389	6141137	-	56327	Arl2
chr19	6164458	6172476	+	74481	Batf2
chr19	6184410	6224219	+	622554	Majin
chr19	6226401	6227768	+	170458	Gpha2
chr19	6227767	6235840	-	225849	Ppp2r5b
chr19	6241668	6262304	+	329015	Atg2a
chr19	6264643	6264728	+	723957	Mir194-2
chr19	6264844	6264932	+	387187	Mir192
chr19	6276896	6300096	+	13660	Ehd1
chr19	6306457	6325652	+	240505	Cdc42bpg
chr19	6334979	6340894	+	17283	Men1
chr19	6341160	6355619	+	26412	Map4k2
chr19	6346480	6346544	+	102465598	Mir6989
chr19	6363690	6378038	+	22668	Sf1
chr19	6384408	6398464	+	19309	Pygm
chr19	6400583	6415216	+	19395	Rasgrp2
chr19	6418738	6544169	+	18190	Nrxn2
chr19	6535854	6543070	-	20521	Slc22a12
chr19	6829084	6840627	-	56613	Rps6ka4
chr19	6829886	6829944	-	100628576	Mir5046
chr19	6844623	6858211	-	78317	Ccdc88b
chr19	6906819	6909645	-	54683	Prdx5
chr19	6909698	6911028	+	67674	Trmt112
chr19	6910977	6921808	-	26379	Esrra
chr19	6914196	6914286	-	102466213	Mir6990
chr19	6922426	6925380	-	67077	Catsperz
chr19	6925690	6934515	-	16528	Kcnk4
chr19	6938070	6942450	-	107173	Gpr137
chr19	6941861	6951905	+	12015	Bad
chr19	6952325	6969814	-	18797	Plcb3
chr19	6975048	6977324	+	18938	Ppp1r14b
chr19	6977739	6980461	-	14227	Fkbp2
chr19	6982472	6987651	-	22340	Vegfb
chr19	6987911	6992272	-	57431	Dnajc4
chr19	6993019	6996037	-	68323	Nudt22
chr19	6996131	6999285	+	107328	Trpt1
chr19	6998958	7019469	-	108101	Fermt3
chr19	7020696	7040026	-	20867	Stip1
chr19	7056768	7198062	+	107227	Macrod1
chr19	7092001	7105729	-	396184	Flrt1
chr19	7198206	7206284	-	107260	Otub1
chr19	7215158	7217616	-	12868	Cox8a
chr19	7225668	7241222	-	70999	Naa40
chr19	7267394	7275225	+	104383	Rcor2
chr19	7275396	7341860	-	13728	Mark2
chr19	7356464	7383026	-	68229	Spindoc
chr19	7383003	7383561	+	654802	1700105P06Rik
chr19	7417625	7425904	+	108899	2700081O15Rik
chr19	7422573	7422642	+	102466781	Mir6991
chr19	7425895	7483291	-	20168	Rtn3
chr19	7494040	7538609	+	109168	Atl3
chr19	7557459	7588545	+	225845	Pla2g16
chr19	7596661	7607181	-	56072	Lgals12
chr19	7612569	7639238	+	66727	Hrasls5
chr19	7673075	7711310	-	207151	Slc22a19
chr19	7781980	7802667	-	236149	Slc22a26
chr19	7864388	7966027	-	171405	Slc22a27
chr19	8062209	8131982	-	434674	Slc22a28
chr19	8160168	8218839	-	236293	Slc22a29
chr19	8160168	8405105	-	319800	Slc22a30
chr19	8591254	8611835	+	19879	Slc22a8
chr19	8617996	8628299	+	18399	Slc22a6
chr19	8651796	8663335	-	402757	9830166K06Rik
chr19	8664005	8683606	+	12669	Chrm1
chr19	8706882	8723369	-	17254	Slc3a2
chr19	8723487	8726442	+	83673	Snhg1
chr19	8725866	8725991	+	100127111	Snord22
chr19	8735839	8740624	+	107071	Wdr74
chr19	8740718	8741225	+	74307	1700092M07Rik
chr19	8741424	8755642	+	56389	Stx5a
chr19	8742971	8743079	+	102465599	Mir6992
chr19	8754789	8756969	-	102640359	1700023D09Rik
chr19	8757103	8770910	+	53319	Nxf1
chr19	8770996	8772475	+	66836	Tmem223
chr19	8772522	8774467	-	67706	Tmem179b
chr19	8774354	8786417	-	225895	Taf6l
chr19	8774485	8776962	+	100039957	Gm2518
chr19	8793129	8798557	-	67710	Polr2g
chr19	8802496	8804854	+	75291	Zbtb3
chr19	8809075	8819294	-	70387	Ttc9c
chr19	8819401	8834142	+	68693	Hnrnpul2
chr19	8836929	8839246	-	14704	Gng3
chr19	8837467	8848683	+	14705	Bscl2
chr19	8850768	8853909	+	68852	Lrrn4cl
chr19	8871496	8875663	+	225896	Ubxn1
chr19	8880014	8880933	-	107197	Uqcc3
chr19	8883878	8890759	+	102308570	Lbhd1
chr19	8888883	8890759	+	66276	1810009A15Rik
chr19	8892987	8897890	+	109077	Ints5
chr19	8898057	8916742	+	14376	Ganab
chr19	8920393	8927236	+	72727	B3gat3
chr19	8927382	8929356	-	19881	Rom1
chr19	8929694	8941582	+	225898	Eml3
chr19	8941920	8952300	+	23942	Mta2
chr19	8953850	8966210	+	70044	Tut1
chr19	8967041	8978180	+	67160	Eef1g
chr19	8989284	9076926	+	66395	Ahnak
chr19	9083642	9087956	-	22287	Scgb1a1
chr19	9111719	9135566	-	66514	Asrgl1
chr19	9872297	9899533	-	16319	Incenp
chr19	9980600	9985111	+	14319	Fth1
chr19	9985172	10001633	-	24115	Best1
chr19	10001669	10038380	+	74760	Rab3il1
chr19	10041548	10059671	+	60527	Fads3
chr19	10064164	10101503	-	56473	Fads2
chr19	10182888	10196874	+	76267	Fads1
chr19	10191375	10191439	+	102465600	Mir6993
chr19	10199132	10203943	-	14156	Fen1
chr19	10204202	10207824	+	69038	Tmem258
chr19	10208271	10240748	-	225908	Myrf
chr19	10245265	10304877	-	269060	Dagla
chr19	10389090	10453181	+	54525	Syt7
chr19	10455371	10457447	-	278795	Lrrc10b
chr19	10474257	10482897	-	67752	Ppp1r32
chr19	10500512	10525209	-	66072	Sdhaf2
chr19	10525244	10547735	+	269061	Cpsf7
chr19	10533865	10556238	-	68642	Tmem216
chr19	10570478	10577386	-	72982	Tmem138
chr19	10577157	10590041	+	225912	Cyb561a3
chr19	10587791	10605432	-	225913	Tkfc
chr19	10605625	10629822	+	13194	Ddb1
chr19	10634233	10665210	+	71768	Vwce
chr19	10645694	10648053	-	75096	4930524O05Rik
chr19	10668957	10678071	-	58803	Pga5
chr19	10684793	10685558	+	72305	2210404E10Rik
chr19	10688735	10714419	+	107305	Vps37c
chr19	10718143	10738974	-	12507	Cd5
chr19	10740947	10786043	+	403202	A430093F15Rik
chr19	10789339	10830058	-	12511	Cd6
chr19	10842544	10859362	+	65221	Slc15a3
chr19	10857829	10869779	-	98170	Tmem132a
chr19	10870660	10881743	-	68539	Tmem109
chr19	10895231	10909559	+	28000	Prpf19
chr19	10914296	10920601	-	22786	Zp1
chr19	10937160	10942511	+	14764	Ptgdr2
chr19	10941481	10949266	-	108673	Ccdc86
chr19	10962293	10974670	-	69826	Ms4a10
chr19	10978307	10993250	-	545279	Ms4a15
chr19	10997025	11017963	-	76002	Ms4a18
chr19	11047612	11050566	-	107350	AW112010
chr19	11067471	11081103	-	64381	Ms4a8a
chr19	11096816	11130878	-	69369	1700017D01Rik
chr19	11139683	11165320	-	69416	1700025F22Rik
chr19	11169418	11196723	-	73466	Ms4a13
chr19	11196817	11299884	+	75138	4930526L06Rik
chr19	11250603	11266151	-	12482	Ms4a1
chr19	11273866	11283813	-	269063	Ms4a5
chr19	11321039	11336146	-	109225	Ms4a7
chr19	11375488	11392915	+	666907	Ms4a4a
chr19	11407661	11427246	+	64380	Ms4a4c
chr19	11443558	11463549	+	60361	Ms4a4b
chr19	11469368	11482197	+	73656	Ms4a6c
chr19	11492038	11512577	+	666926	Gm8369
chr19	11518559	11530403	+	69774	Ms4a6b
chr19	11536849	11558466	+	66607	Ms4a4d
chr19	11586606	11604804	-	68774	Ms4a6d
chr19	11615520	11623719	-	14126	Ms4a2
chr19	11629499	11640851	-	170813	Ms4a3
chr19	11647284	11660559	-	225922	Oosp2
chr19	11667460	11691051	-	170834	Oosp1
chr19	11697055	11711858	+	225923	Oosp3
chr19	11747559	11763447	+	14603	Gif
chr19	11770415	11774956	+	94063	Mrpl16
chr19	11775118	11819403	-	20908	Stx3
chr19	11828077	11829024	-	258938	Olfr1417
chr19	11854995	11855951	-	258227	Olfr1418
chr19	11870183	11871214	-	257938	Olfr1419
chr19	11896023	11896952	+	258405	Olfr1420
chr19	11912399	11945096	+	225929	Patl1
chr19	11923728	11923800	+	102465601	Mir6994
chr19	11965844	11994114	+	76303	Osbp
chr19	12035808	12036740	-	258675	Olfr1423
chr19	12058809	12059750	-	258676	Olfr1424
chr19	12073695	12074630	-	258155	Olfr1425
chr19	12087610	12091847	-	258805	Olfr1426
chr19	12098702	12099637	-	258674	Olfr1427
chr19	12108600	12109544	-	258673	Olfr1428
chr19	12119721	12120674	-	258677	Olfr76
chr19	12209568	12210506	+	258409	Olfr1431
chr19	12228519	12229562	-	257961	Olfr1432
chr19	12240721	12241659	-	258683	Olfr262
chr19	12268232	12269170	+	258681	Olfr235
chr19	12279854	12283988	+	258680	Olfr1434
chr19	12298183	12299130	-	258682	Olfr1436
chr19	12321887	12322825	-	258117	Olfr1437
chr19	12394265	12395212	+	258679	Olfr1440
chr19	12422311	12423267	+	258678	Olfr1441
chr19	12427905	12432110	+	56093	Pfpl
chr19	12460779	12465285	+	17476	Mpeg1
chr19	12466336	12502145	-	207521	Dtx4
chr19	12573525	12589696	+	107373	Fam111a
chr19	12585868	12596566	-	74333	A330040F15Rik
chr19	12599984	12627616	+	240549	Gm4952
chr19	12633308	12651737	+	107146	Glyat
chr19	12674179	12675243	+	258692	Olfr1442
chr19	12678166	12683851	+	258693	Olfr1443
chr19	12695790	12719902	+	64697	Keg1
chr19	12763528	12765632	-	12803	Cntf
chr19	12763528	12796123	-	664779	Gm44505
chr19	12766939	12796123	-	109910	Zfp91
chr19	12798609	12833808	+	107321	Lpxn
chr19	12861777	12862736	+	258697	Olfr1444
chr19	12883883	12884827	+	258694	Olfr1445
chr19	12889649	12890575	-	258699	Olfr1446
chr19	12900849	12901778	-	258698	Olfr1447
chr19	12905231	12906993	+	433224	Gm5512
chr19	12919363	12920307	-	258696	Olfr1448
chr19	12934740	12935684	+	258300	Olfr1449
chr19	12953591	12954568	+	258368	Olfr1450
chr19	12998988	12999920	+	258700	Olfr1451
chr19	13027404	13028327	-	258695	Olfr1453
chr19	13063413	13064336	+	258687	Olfr1454
chr19	13094693	13095646	-	258568	Olfr1457
chr19	13145734	13146657	-	258684	Olfr1459
chr19	13165016	13165954	+	258299	Olfr1461
chr19	13190669	13191592	+	258688	Olfr1462
chr19	13234252	13235184	+	258120	Olfr1463
chr19	13313360	13314283	-	258121	Olfr1465
chr19	13341760	13342692	+	258689	Olfr1466
chr19	13364630	13365556	+	258686	Olfr1467
chr19	13410571	13411500	+	258690	Olfr1469
chr19	13445014	13445958	+	258231	Olfr1471
chr19	13453571	13454515	-	258685	Olfr1472
chr19	13470972	13471916	+	258123	Olfr1474
chr19	13479252	13480196	-	258298	Olfr1475
chr19	13500546	13503292	+	258691	Olfr1477
chr19	13529675	13530622	+	404339	Olfr1480
chr19	13585306	13586253	+	258288	Olfr1484
chr19	13619164	13620111	+	258629	Olfr1487
chr19	13633113	13634054	+	258628	Olfr1489
chr19	13654446	13655396	+	258098	Olfr1490
chr19	13704829	13705788	+	258342	Olfr1491
chr19	13749108	13750055	+	258992	Olfr1494
chr19	13768344	13769303	+	258341	Olfr1495
chr19	13780548	13781614	+	258991	Olfr1496
chr19	13794665	13795609	-	258736	Olfr1497
chr19	13814644	13815588	-	258792	Olfr1499
chr19	13827459	13828394	-	258097	Olfr1500
chr19	13838224	13839171	-	258626	Olfr1501
chr19	13861795	13862745	+	258793	Olfr1502
chr19	13887261	13888208	-	258627	Olfr1504
chr19	13919022	13919972	+	258151	Olfr1505
chr19	14397487	14435950	-	667433	Gm8630
chr19	14448072	14598183	-	21888	Tle4
chr19	15905123	15925059	-	107272	Psat1
chr19	15955773	15984989	-	208518	Cep78
chr19	15985075	16010912	+	100502653	C130060C02Rik
chr19	16132831	16387453	+	14682	Gnaq
chr19	16164098	16170458	+	595139	E030024N20Rik
chr19	16314892	16315004	-	102465218	Mir496b
chr19	16435667	16610818	+	14675	Gna14
chr19	16615366	16780933	-	271564	Vps13a
chr19	16872316	16873830	-	14240	Foxb2
chr19	16956118	17223932	+	353211	Prune2
chr19	17326141	17372844	-	14537	Gcnt1
chr19	17394043	17401349	+	54391	Rfk
chr19	17432314	17837632	-	18552	Pcsk5
chr19	18580364	18631813	-	20409	Ostf1
chr19	18631962	18652191	+	225994	Nmrk1
chr19	18670780	18704792	+	67383	Carnmt1
chr19	18713236	18718429	+	225995	D030056L22Rik
chr19	18749983	18892511	+	225997	Trpm6
chr19	18930609	19111196	-	225998	Rorb
chr19	20373434	20390671	-	16952	Anxa1
chr19	20405288	20422785	+	68994	1500015L24Rik
chr19	20492715	20556410	+	320092	E030003E18Rik
chr19	20492715	20643462	+	11668	Aldh1a1
chr19	20534527	20552330	-	320155	C730002L08Rik
chr19	20692953	20727556	-	26358	Aldh1a7
chr19	20783458	20954202	-	13409	Tmc1
chr19	21104710	21105538	+	75354	4930554I06Rik
chr19	21272278	21286840	+	22682	Zfand5
chr19	21391307	21472661	-	14544	Gda
chr19	21597313	21652791	-	66206	1110059E24Rik
chr19	21653309	21685637	+	226016	Abhd17b
chr19	21778340	21858360	+	83921	Cemip2
chr19	22139117	22989884	+	226025	Trpm3
chr19	22750605	22750672	+	387200	Mir204
chr19	23141226	23166911	+	16601	Klf9
chr19	23149431	23149551	+	100316672	Mir1192
chr19	23206441	23273897	-	226026	Smc5
chr19	23302609	23448322	-	71738	Mamdc2
chr19	23558760	23652812	-	67483	1700028P14Rik
chr19	23687400	23721129	+	72351	Ptar1
chr19	23758876	23949597	+	319924	Apba1
chr19	23972750	24031019	-	381217	Fam189a2
chr19	24094502	24225026	-	21873	Tjp2
chr19	24261453	24280586	-	14297	Fxn
chr19	24294796	24555827	-	18719	Pip5k1b
chr19	24475779	24477474	-	68034	Fam122a
chr19	24674008	24679661	+	226040	Tmem252
chr19	24678261	24861842	-	226041	Pgm5
chr19	24898965	24901309	-	14237	Foxd4
chr19	24919916	24961616	-	226043	Cbwd1
chr19	24942235	60774397	-	100526521	Mir3084-1
chr19	24999529	25202432	+	76088	Dock8
chr19	25237202	25434496	+	107351	Kank1
chr19	25505706	25604328	+	50796	Dmrt1
chr19	25610537	25623921	+	240590	Dmrt3
chr19	25671134	25672239	-	100503074	2610016A17Rik
chr19	25672411	25678991	+	226049	Dmrt2
chr19	26605160	26778321	+	67155	Smarca2
chr19	26768801	26823907	-	70942	4931403E22Rik
chr19	26885925	26888647	+	329047	Gm815
chr19	27217020	27254231	+	22359	Vldlr
chr19	27322619	27337179	+	240595	Kcnv2
chr19	27388698	27429908	-	52874	Pum3
chr19	27430037	27432631	+	107372	C030016D13Rik
chr19	27761721	28011166	-	19726	Rfx3
chr19	28258851	28680077	-	226075	Glis3
chr19	28678224	28720027	+	320176	D930032P07Rik
chr19	28835166	28913960	+	20510	Slc1a1
chr19	28901268	28967730	-	381218	4430402I18Rik
chr19	28963920	28966801	+	74411	Plpp6
chr19	28990352	29026678	+	67072	Cdc37l1
chr19	29020832	29047902	-	56248	Ak3
chr19	29047483	29048729	+	67329	1700018L02Rik
chr19	29067301	29069503	+	100503337	Gm9895
chr19	29101375	29143843	+	59028	Rcl1
chr19	29135279	29135375	+	724062	Mir101b
chr19	29251803	29313080	+	16452	Jak2
chr19	29321354	29325318	-	27356	Insl6
chr19	29331755	29334670	-	19773	Rln1
chr19	29348677	29361871	-	67759	Plgrkt
chr19	29367438	29388095	+	60533	Cd274
chr19	29410919	29472927	+	58205	Pdcd1lg2
chr19	29464750	29523159	-	77779	A930007I19Rik
chr19	29522282	29605921	+	226089	Ric1
chr19	29609883	29648420	-	226090	Ermp1
chr19	29697941	29708306	+	77836	Mlana
chr19	29714402	29806009	-	240613	9930021J03Rik
chr19	29808108	29812974	-	240614	Ranbp6
chr19	29925114	29960715	+	77125	Il33
chr19	30003790	30006020	+	66745	Trpd52l3
chr19	30030513	30093726	+	109113	Uhrf2
chr19	30098441	30175441	-	104174	Gldc
chr19	30232957	30239682	+	17195	Mbl2
chr19	30538876	30539679	-	546723	Ppp1r2-ps3
chr19	30545876	30549496	-	13380	Dkk1
chr19	30564487	31765033	-	19091	Prkg1
chr19	30930380	30930962	-	625995	Gm6642
chr19	31082841	31086592	+	83410	Cstf2t
chr19	31213543	31216396	-	78103	8430431K14Rik
chr19	31868761	31949406	+	69865	A1cf
chr19	31984646	32108168	-	54447	Asah2
chr19	32122727	32389714	-	208449	Sgms1
chr19	32389216	32391184	+	67188	2700046G09Rik
chr19	32485769	32515370	+	17330	Minpp1
chr19	32595715	32667187	+	23972	Papss2
chr19	32672563	32712298	-	67979	Atad1
chr19	32757577	32826160	+	19211	Pten
chr19	33137744	33392295	-	67795	Rnls
chr19	33157112	33157201	+	100628575	Mir3970
chr19	33499049	33517770	-	628236	Lipo4
chr19	33555160	33590311	-	381236	Lipo3
chr19	33613149	33625249	-	668106	Gm8978
chr19	33719674	33761951	-	101055671	Lipo2
chr19	33776037	33787452	-	329055	Lipo1
chr19	33961248	33976813	+	67717	Lipf
chr19	34008254	34047903	+	240633	Lipk
chr19	34067358	34084918	+	70166	Lipn
chr19	34100943	34122687	+	78753	Lipm
chr19	34122549	34166041	-	52024	Ankrd22
chr19	34192270	34240328	+	76630	Stambpl1
chr19	34240336	34255373	-	11475	Acta2
chr19	34290659	34327770	+	14102	Fas
chr19	34473783	34475135	-	12642	Ch25h
chr19	34492316	34527474	-	16889	Lipa
chr19	34550694	34576534	+	15958	Ifit2
chr19	34583529	34588982	+	15959	Ifit3
chr19	34592888	34662419	-	667373	Ifit1bl1
chr19	34607933	34613401	+	667370	Ifit3b
chr19	34617051	34640743	-	112419	Ifit1bl2
chr19	34640889	34650009	+	15957	Ifit1
chr19	34668406	34747111	-	240638	Slc16a12
chr19	34806935	34879455	-	75735	Pank1
chr19	34820687	34820773	-	723826	Mir107
chr19	34922358	34975731	+	240641	Kif20b
chr19	34965396	34965469	+	100316775	Mir1950
chr19	35835221	35924578	-	329056	A830019P07Rik
chr19	35958727	36057360	-	15566	Htr7
chr19	36083716	36104773	+	54364	Rpp30
chr19	36111965	36119844	-	107765	Ankrd1
chr19	36348454	36456204	+	76073	Pcgf5
chr19	36554639	36621135	+	226098	Hectd2
chr19	36614052	36705641	-	668215	Hectd2os
chr19	36731731	36736604	-	53412	Ppp1r3c
chr19	36834232	36893477	+	74493	Tnks2
chr19	36917550	36919599	-	72514	Fgfbp3
chr19	36926079	37014057	+	107182	Btaf1
chr19	37021291	37207471	-	208922	Cpeb3
chr19	37173843	37196541	+	319931	A330032B11Rik
chr19	37207545	37224457	+	69104	March5
chr19	37258423	37264095	-	77059	4931408D14Rik
chr19	37268741	37337852	-	15925	Ide
chr19	37376403	37421859	+	16551	Kif11
chr19	37434841	37440731	+	15242	Hhex
chr19	37465254	37471827	+	78640	1700122C19Rik
chr19	37550418	37683253	+	107371	Exoc6
chr19	37685680	37693307	+	546726	Cyp26c1
chr19	37697808	37701536	+	13082	Cyp26a1
chr19	37899036	38043577	-	226101	Myof
chr19	38055025	38074425	+	74107	Cep55
chr19	38097079	38114263	+	107221	Ffar4
chr19	38116620	38125321	-	19662	Rbp4
chr19	38132781	38183955	+	110855	Pde6c
chr19	38188477	38224132	-	70567	Fra10ac1
chr19	38264782	38308939	+	56839	Lgi1
chr19	38395980	38405607	+	240660	Slc35g1
chr19	38524197	38785105	+	74055	Plce1
chr19	38788128	38819237	-	57753	Noc3l
chr19	38836579	38919923	+	209478	Tbc1d12
chr19	38930990	38968277	+	15201	Hells
chr19	39007019	39042687	+	72082	Cyp2c55
chr19	39061006	39093948	+	72303	Cyp2c65
chr19	39113898	39186756	+	69888	Cyp2c66
chr19	39229254	39274737	+	638988	Cyp2c53-ps
chr19	39269405	39330713	+	13095	Cyp2c29
chr19	39389556	39463075	-	13097	Cyp2c38
chr19	39510822	39568529	+	13098	Cyp2c39
chr19	39608858	39649042	-	545288	Cyp2c67
chr19	39688836	39741101	-	433247	Cyp2c68
chr19	39767073	39812814	-	13099	Cyp2c40
chr19	39842660	39886769	-	100043108	Cyp2c69
chr19	39992424	40012243	+	13096	Cyp2c37
chr19	40037940	40073813	-	404195	Cyp2c54
chr19	40089679	40113955	+	107141	Cyp2c50
chr19	40153361	40187286	-	226105	Cyp2c70
chr19	40222239	40271616	-	54132	Pdlim1
chr19	40292040	40513812	-	20411	Sorbs1
chr19	40550257	40588463	-	56454	Aldh18a1
chr19	40596446	40612215	-	67590	Tctn3
chr19	40612366	40741602	+	12495	Entpd1
chr19	40831279	40848572	+	240665	Ccnj
chr19	40868316	40882639	+	381223	E030044B06Rik
chr19	40894703	40894786	+	102466881	Mir8092
chr19	40894703	40917947	+	72672	Zfp518a
chr19	40928927	40994535	-	17060	Blnk
chr19	41005019	41013815	-	100861913	C330026H20Rik
chr19	41029275	41059525	+	21673	Dntt
chr19	41063420	41077113	-	226115	Opalin
chr19	41083981	41206774	-	24087	Tll2
chr19	41210842	41264004	-	107358	Tm9sf3
chr19	41274218	41385070	-	83490	Pik3ap1
chr19	41482645	41559781	+	212391	Lcor
chr19	41525252	41526961	+	627352	Morf4l1b
chr19	41588651	41588789	+	102465884	Mir8091
chr19	41600257	41743856	-	20562	Slit1
chr19	41746961	41750097	+	100502871	Gm19424
chr19	41766588	41802084	-	71085	Arhgap19
chr19	41829970	41832583	+	14296	Frat1
chr19	41845972	41848132	-	212398	Frat2
chr19	41862851	41896153	-	107094	Rrp12
chr19	41911871	41918665	+	18648	Pgam1
chr19	41922980	41933314	-	66583	Exosc1
chr19	41933472	41944103	+	74168	Zdhhc16
chr19	41943707	41981136	-	72199	Mms19
chr19	41981763	42034641	+	226122	Ubtd1
chr19	42036038	42045110	+	56642	Ankrd2
chr19	42045851	42070939	+	67432	Hoga1
chr19	42052228	42053628	+	66765	4933411K16Rik
chr19	42074939	42086370	-	226123	Morn4
chr19	42090435	42122218	+	84095	Pi4k2a
chr19	42123275	42128993	-	69534	Avpi1
chr19	42147389	42151703	+	277010	Marveld1
chr19	42170567	42194593	+	319740	Zfyve27
chr19	42197971	42202252	-	54612	Sfrp5
chr19	42247578	42270348	+	71146	Golga7b
chr19	42280082	42280170	-	100526549	Mir3085
chr19	42283037	42431783	-	72832	Crtac1
chr19	42518805	42592256	+	52013	R3hcc1l
chr19	42592279	42612806	-	67573	Loxl4
chr19	42725858	42752775	-	74580	Pyroxd2
chr19	42755196	42779976	-	192236	Hps1
chr19	42788595	43388355	-	545291	Hpse2
chr19	43440436	43497213	+	83674	Cnnm1
chr19	43499752	43524605	-	14718	Got1
chr19	43612325	43615892	+	18089	Nkx2-3
chr19	43637380	43642007	-	100043245	Gm4311
chr19	43663801	43674881	-	246696	Slc25a28
chr19	43675178	43677170	+	100502982	BC037704
chr19	43689689	43733853	+	93685	Entpd7
chr19	43733254	43753000	-	226139	Cox15
chr19	43753023	43768638	+	66388	Cutc
chr19	43782308	43838218	+	12780	Abcc2
chr19	43838803	43840845	+	100038628	Gm10768
chr19	43846815	43940198	-	71972	Dnmbp
chr19	43956307	43986520	-	93721	Cpn1
chr19	44005022	44029247	-	226143	Cyp2c23
chr19	44034943	44069785	-	226144	Erlin1
chr19	44073334	44107477	-	12675	Chuk
chr19	44108637	44135876	-	72502	Cwf19l1
chr19	44139246	44146446	-	73689	Bloc1s2
chr19	44147637	44192442	-	329064	Pkd2l1
chr19	44203288	44244016	+	30049	Scd3
chr19	44293676	44306864	+	20250	Scd2
chr19	44303171	44303231	+	100628619	Mir5114
chr19	44333326	44346743	+	329065	Scd4
chr19	44394450	44407709	-	20249	Scd1
chr19	44493472	44514273	+	22423	Wnt8b
chr19	44516957	44545848	-	240667	Sec31b
chr19	44550215	44555415	-	67264	Ndufb8
chr19	44562854	44576274	+	319594	Hif1an
chr19	44757394	44837871	+	18504	Pax2
chr19	44808406	44808529	+	102466645	Mir6405
chr19	44828493	44835938	-	73322	1700039E22Rik
chr19	44931119	44983787	+	226151	Slf2
chr19	44972117	44984550	-	73894	4930414N06Rik
chr19	44989344	45003395	+	26456	Sema4g
chr19	45005014	45006442	-	94067	Mrpl43
chr19	45005692	45012762	+	226153	Twnk
chr19	45015176	45027104	+	226154	Lzts2
chr19	45026907	45045772	-	100503041	Pdzd7
chr19	45047576	45056383	+	94280	Sfxn3
chr19	45075241	45079289	+	107250	Kazald1
chr19	45150715	45156943	+	21908	Tlx1
chr19	45233728	45235236	-	16814	Lbx1
chr19	45363734	45533343	+	12234	Btrc
chr19	45552275	45560543	-	56626	Poll
chr19	45560615	45578287	+	226162	Dpcd
chr19	45578257	45660193	-	30838	Fbxw4
chr19	45726555	45730558	-	71232	4933429K18Rik
chr19	45736798	45742884	-	14179	Fgf8
chr19	45747734	45749563	-	18150	Npm3
chr19	45750259	45783779	-	76055	Mgea5
chr19	45792346	45816063	-	80906	Kcnip2
chr19	45818144	45998488	-	71617	Armh3
chr19	46003478	46006173	+	20170	Hps6
chr19	46032594	46045211	-	16825	Ldb1
chr19	46056539	46072909	+	226169	Pprc1
chr19	46075847	46085543	+	70769	Nolc1
chr19	46131899	46135694	+	12686	Elovl3
chr19	46135685	46148325	-	18742	Pitx3
chr19	46152558	46286510	+	107338	Gbf1
chr19	46303593	46305611	-	100503392	4833438C02Rik
chr19	46304737	46312385	+	18034	Nfkb2
chr19	46312087	46327156	-	73728	Psd
chr19	46328184	46330446	+	68431	Fbxl15
chr19	46329812	46338660	-	67116	Cuedc2
chr19	46342762	46342870	+	751550	Mir146b
chr19	46348201	46348988	-	75579	2310034G01Rik
chr19	46356880	46375254	+	75146	Mfsd13a
chr19	46376814	46395735	-	54130	Actr1a
chr19	46396896	46488804	+	24069	Sufu
chr19	46501648	46516455	+	93679	Trim8
chr19	46531109	46573085	-	56350	Arl3
chr19	46573365	46598066	+	94279	Sfxn2
chr19	46599106	46657389	+	226178	Wbp1l
chr19	46667165	46673000	-	13074	Cyp17a1
chr19	46689906	46703382	+	66439	Borcs7
chr19	46707443	46741095	+	57344	As3mt
chr19	46761609	46878580	+	94219	Cnnm2
chr19	46886831	47015189	-	76952	Nt5c2
chr19	47014698	47024358	+	226180	Ina
chr19	47033617	47050906	-	71041	Pcgf6
chr19	47067748	47083479	+	226182	Taf5
chr19	47083471	47090625	-	66477	Usmg5
chr19	47090766	47131146	+	18572	Pdcd11
chr19	47132232	47138294	-	72691	Calhm2
chr19	47141035	47144174	-	546729	Calhm1
chr19	47178820	47259441	+	18011	Neurl1a
chr19	47260174	47464411	-	14218	Sh3pxd2a
chr19	47273519	47273589	-	102466782	Mir6995
chr19	47501048	47537020	-	108689	Stn1
chr19	47512982	47516578	+	100503104	Gm19557
chr19	47580019	47645246	+	20874	Slk
chr19	47646341	47692042	-	12821	Col17a1
chr19	47731756	47735588	+	67788	Sfr1
chr19	47736857	47919299	-	100048534	Cfap43
chr19	47755022	47755157	-	102465883	Mir8090
chr19	47854973	47864790	+	14873	Gsto1
chr19	47865545	47886305	+	68214	Gsto2
chr19	47894594	47919299	-	414801	Itprip
chr19	47937712	48035379	+	381229	Cfap58
chr19	48206025	48805505	+	66673	Sorcs3
chr19	50143301	50678646	-	58178	Sorcs1
chr19	52264297	52265015	+	16333	Ins1
chr19	52923181	52926931	+	100043450	AA387883
chr19	52946141	53038654	-	170750	Xpnpep1
chr19	53010656	53010756	-	102465220	Mir6407
chr19	53076252	53084392	+	78457	1700054A03Rik
chr19	53140443	53247326	+	27360	Add3
chr19	53248736	53255205	-	69319	1700001K23Rik
chr19	53310506	53375810	+	17859	Mxi1
chr19	53379214	53390573	-	76479	Smndc1
chr19	53441212	53464796	-	381232	Mirt1
chr19	53529318	53541322	+	240672	Dusp5
chr19	53600396	53645831	+	13006	Smc3
chr19	53677306	53867080	+	73713	Rbm20
chr19	53892231	53929861	+	18569	Pdcd4
chr19	53929656	53944627	-	100503572	Bbip1
chr19	53944306	54033278	+	56392	Shoc2
chr19	54045182	54048982	+	11551	Adra2a
chr19	55067268	55127216	-	14732	Gpam
chr19	55180885	55196313	+	21684	Tectb
chr19	55192678	55192734	+	102465990	Mir6715
chr19	55198098	55241236	-	73707	Gucy2g
chr19	55253369	55296628	+	433256	Acsl5
chr19	55271291	55316032	-	66980	Zdhhc6
chr19	55316057	55627461	+	53611	Vti1a
chr19	55640589	55702204	-	77594	4930552P12Rik
chr19	55741810	55933655	+	21416	Tcf7l2
chr19	56287938	56320089	+	226243	Habp2
chr19	56320041	56390038	-	18175	Nrap
chr19	56397129	56442344	+	12369	Casp7
chr19	56461637	56486729	+	226245	Plekhs1
chr19	56529161	56548222	-	55947	Dclre1a
chr19	56548261	56598846	+	66866	Nhlrc2
chr19	56722372	56724862	+	11554	Adrb1
chr19	56790963	56822181	-	213993	Ccdc186
chr19	56826209	56870012	+	83561	Tdrd1
chr19	56874416	56912078	+	240675	Vwa2
chr19	56912354	57008575	-	226250	Afap1l2
chr19	57033264	57314919	-	226251	Ablim1
chr19	57273960	57277052	+	78120	4930449E18Rik
chr19	57323197	57360899	-	320879	B230217O12Rik
chr19	57361009	57389594	+	226252	Fam160b1
chr19	57452906	57491005	+	72133	Trub1
chr19	57508564	57512788	+	78073	6720468P15Rik
chr19	57611034	58133343	+	226255	Atrnl1
chr19	58051167	58051236	+	100885835	Mir5623
chr19	58235581	58455398	-	14585	Gfra1
chr19	58296204	58300348	+	791347	Gm10007
chr19	58511993	58553085	+	75645	Ccdc172
chr19	58606329	58629753	+	69055	1810007D17Rik
chr19	58670365	58681788	+	69060	Pnlip
chr19	58698917	58701323	+	69166	1810018F18Rik
chr19	58728887	58744169	+	18946	Pnliprp1
chr19	58759723	58777534	+	18947	Pnliprp2
chr19	58785803	58794414	-	67507	1700019N19Rik
chr19	58795750	58943672	-	73442	Hspa12a
chr19	58911673	58911759	-	100526480	Mir3086
chr19	58943425	58971421	+	226265	Eno4
chr19	58973358	59076069	-	71653	Shtn1
chr19	59164485	59170029	-	22326	Vax1
chr19	59219648	59237370	+	332396	Kcnk18
chr19	59260878	59296012	+	214084	Slc18a2
chr19	59296084	59345780	-	107368	Pdzd8
chr19	59425104	59458635	-	329078	Emx2os
chr19	59458690	59465357	+	13797	Emx2
chr19	59493136	59559391	+	72647	2700089I24Rik
chr19	59902884	59943654	-	74998	Rab11fip2
chr19	60144675	60162591	+	107376	E330013P04Rik
chr19	60198586	60226701	-	76539	Fam204a
chr19	60466733	60468304	-	226278	Prlhr
chr19	60524696	60581023	-	78832	Cacul1
chr19	60755987	60759914	+	332397	Nanos1
chr19	60761116	60790693	-	13669	Eif3a
chr19	60811570	60836232	+	67894	Fam45a
chr19	60837277	60861430	-	94281	Sfxn4
chr19	60864066	60874538	-	11757	Prdx3
chr19	60889749	61092556	+	14773	Grk5
chr19	61053840	61140840	-	414758	Zfp950
chr19	61174686	61176309	-	633057	Gm7102
chr19	61224402	61228418	-	12982	Csf2ra
chrX	3076920	3078823	+	100861966	Btbd35f23
chrX	3955043	3957002	-	668958	Btbd35f11
chrX	4037674	4802359	+	100042254	Btbd35f4
chrX	4196576	4198535	+	627264	Btbd35f28
chrX	4289286	4291245	-	668963	Btbd35f20
chrX	4370636	4372595	+	668964	Btbd35f17
chrX	4515589	4517543	+	546185	Gm5925
chrX	4952135	4954077	+	100042275	Btbd35f27
chrX	5466904	5469265	-	17870	Mycs
chrX	5669067	5671026	+	434725	Btbd35f7
chrX	6047507	6054751	+	58242	Nudt11
chrX	6081218	6083420	-	102991	AU022751
chrX	6168696	6172991	-	102954	Nudt10
chrX	6314106	6320723	-	12155	Bmp15
chrX	6400032	6637454	+	208431	Shroom4
chrX	6452376	6574663	-	71422	5430428K19Rik
chrX	6779306	6948363	+	331374	Dgkk
chrX	6979652	7041619	-	209091	Ccnb3
chrX	7067515	7078609	+	11643	Akap4
chrX	7158412	7319358	-	12728	Clcn5
chrX	7237683	7237774	-	723974	Mir500
chrX	7241243	7241351	-	751560	Mir501
chrX	7241982	7242046	-	723851	Mir362
chrX	7247989	7248056	-	387183	Mir188
chrX	7248402	7248497	-	751544	Mir532
chrX	7372591	7375830	-	54651	Usp27x
chrX	7375925	7378042	+	100270707	Gm14379
chrX	7411817	7445143	-	68355	2010204K13Rik
chrX	7558562	7574281	-	54646	Ppp1r3f
chrX	7573600	7581016	+	78185	Flicr
chrX	7579676	7595243	+	20371	Foxp3
chrX	7593809	7605420	-	54638	Ccdc22
chrX	7607103	7635196	+	54652	Cacna1f
chrX	7638580	7653256	+	20977	Syp
chrX	7657379	7668186	+	54630	Prickle3
chrX	7667941	7671390	-	18824	Plp2
chrX	7673166	7681251	-	54634	Magix
chrX	7697134	7710261	+	209416	Gpkow
chrX	7722220	7728201	+	54636	Wdr45
chrX	7728571	7731063	+	54637	Praf2
chrX	7731714	7741324	-	54648	Ccdc120
chrX	7762661	7775202	+	209446	Tfe3
chrX	7789993	7820567	+	54645	Gripap1
chrX	7807101	7807221	+	100316807	Mir1198
chrX	7823759	7838278	+	16506	Kcnd1
chrX	7841831	7876626	+	54644	Otud5
chrX	7878306	7883432	+	18715	Pim2
chrX	7884244	7894492	+	22232	Slc35a2
chrX	7894519	7899269	-	54633	Pqbp1
chrX	7899336	7907652	+	21855	Timm17b
chrX	7919822	7924410	+	30052	Pcsk1n
chrX	7924276	7928607	-	353283	Eras
chrX	7930122	7947889	-	15185	Hdac6
chrX	7959260	7976574	-	14460	Gata1
chrX	8004201	8018492	-	69824	Glod5
chrX	8061171	8074760	-	20937	Suv39h1
chrX	8081466	8090491	-	22376	Was
chrX	8097087	8106701	+	627782	Gm6787
chrX	8123301	8132858	-	73447	Wdr13
chrX	8138975	8145880	-	19652	Rbm3
chrX	8145427	8147964	+	70226	Rbm3os
chrX	8154472	8176181	-	209815	Tbc1d25
chrX	8185329	8193512	-	13595	Ebp
chrX	8193846	8206525	-	53627	Porcn
chrX	8238668	8252406	-	54632	Ftsj1
chrX	8271381	8280179	+	209837	Slc38a5
chrX	8327424	8336235	+	385312	Ssxb10
chrX	8366978	8754587	+	387131	Ssxb9
chrX	8413305	8805970	+	67985	Ssxb1
chrX	8454343	8461726	-	387132	Ssxb2
chrX	8514052	8524954	-	546263	Gm14459
chrX	8514052	8548255	-	668976	Ssxb6
chrX	8542604	8589258	-	278174	Ssxb3
chrX	8542604	8690844	-	631002	Ssxb8
chrX	8748430	8754587	+	382206	Ssx9
chrX	8803691	8809386	+	387586	Ssxb5
chrX	8843994	8849607	+	625480	Gm6592
chrX	8892353	8894964	+	102941	B630019K06Rik
chrX	8962134	8962975	-	434726	Fthl17b
chrX	8975718	8976559	-	434727	Fthl17c
chrX	8985940	8986672	-	100042782	Fthl17d
chrX	9033486	9034333	+	83457	Fthl17e
chrX	9043551	9044410	+	434728	Fthl17-ps1
chrX	9063090	9063822	+	434729	Fthl17f
chrX	9104562	9106342	+	75775	4930402K13Rik
chrX	9199973	9268085	+	236285	Lancl3
chrX	9272784	9313245	+	22439	Xk
chrX	9283764	9284288	+	76383	H2al1m
chrX	9350599	9351137	+	547154	H2al1k
chrX	9435254	9469324	-	13058	Cybb
chrX	9571960	9572391	-	333452	H2al1o
chrX	9654270	9662983	-	67117	Dynlt3
chrX	9846947	9847500	+	67334	Hypm
chrX	9849703	9850252	+	385317	H2al3
chrX	9885621	9998864	+	236643	Sytl5
chrX	10037977	10117661	-	51795	Srpx
chrX	10073622	10216795	-	19893	Rpgr
chrX	10252305	10321024	+	18416	Otc
chrX	10485116	10596604	+	21912	Tspan7
chrX	10717365	10719702	+	68041	Mid1ip1
chrX	11299257	11299757	+	100042922	H2al1a
chrX	11302432	11302921	+	100042927	H2al1b
chrX	11305655	11309141	+	100042946	H2al1i
chrX	11311934	11312427	+	547160	H2al1e
chrX	11315158	11324976	+	100042931	H2al1d
chrX	11318256	11318764	+	100042943	H2al1g
chrX	11321453	11321894	+	100042944	H2al1h
chrX	11327822	11328151	+	236663	H2al1j
chrX	12036737	12160355	-	71458	Bcor
chrX	12339779	12354996	-	100043946	Gm14635
chrX	12587759	12617051	+	70495	Atp6ap2
chrX	12651883	12652821	+	245347	Gm4984
chrX	12654879	12673639	-	69155	1810030O07Rik
chrX	12675371	12761973	-	26896	Med14
chrX	12762278	12821492	+	552913	Gm14634
chrX	12936873	12938541	+	245350	AA414768
chrX	13042015	13045295	+	70489	5730405O15Rik
chrX	13071498	13173328	+	22284	Usp9x
chrX	13234641	13247733	-	72122	2010308F09Rik
chrX	13281022	13293983	+	13205	Ddx3x
chrX	13466110	13489313	+	236690	Nyx
chrX	13517080	13846556	-	12361	Cask
chrX	13632138	13640858	+	23890	Gpr34
chrX	13661363	13667433	+	319200	Gpr82
chrX	14211148	14211657	+	385328	H2al1n
chrX	15110586	15111489	-	67395	Ppp1r2-ps9
chrX	16522869	16523691	+	66742	Cypt1
chrX	16619698	16687812	+	17161	Maoa
chrX	16709281	16817366	-	109731	Maob
chrX	16885521	16911774	-	17986	Ndp
chrX	17132049	17319368	-	74405	Efhc2
chrX	17555600	17572325	-	72018	Fundc1
chrX	18145870	18146694	+	73547	Dusp21
chrX	18162575	18279936	+	22289	Kdm6a
chrX	18414881	18461397	-	75905	4930578C19Rik
chrX	19146294	19146388	-	723827	Mir221
chrX	19146893	19146971	-	723828	Mir222
chrX	20059570	20097521	+	60322	Chst7
chrX	20105755	20291764	-	236727	Slc9a7
chrX	20364481	20405653	+	19889	Rp2
chrX	20425688	20519939	+	382207	Jade3
chrX	20549818	20562087	+	19733	Rgn
chrX	20615326	20617564	-	104130	Ndufb11
chrX	20617503	20650905	+	236732	Rbm10
chrX	20658302	20683179	+	22201	Uba1
chrX	20687954	20699880	+	18555	Cdk16
chrX	20703909	20720539	+	236733	Usp11
chrX	20797814	20860521	+	11836	Araf
chrX	20860511	20920918	-	20964	Syn1
chrX	20863126	20863182	-	100885829	Mir5617
chrX	20870166	20874737	+	21857	Timp1
chrX	20925454	20931555	-	18636	Cfp
chrX	20933395	20950608	-	13712	Elk1
chrX	20951665	20961978	-	22294	Uxt
chrX	20961676	20987349	+	320742	A230072C01Rik
chrX	21026184	21062043	-	319535	Zfp182
chrX	21068488	21077959	+	278203	Spaca5
chrX	21079150	21089229	-	245368	Zfp300
chrX	21118377	21122088	+	385338	Ssxa1
chrX	21206580	21221665	-	100503481	4930453H23Rik
chrX	21312210	21334727	-	629024	Gm6938
chrX	21484624	21488833	+	11609	Agtr2
chrX	21714900	21742358	+	56774	Slc6a14
chrX	22461596	22463543	+	76705	Ppp1r2-ps7
chrX	23219271	23365082	-	67455	Klhl13
chrX	23693051	23806002	+	72404	Wdr44
chrX	23892724	23907550	+	236749	Gm4907
chrX	24474308	24499163	-	546272	Gm5934
chrX	24552250	24573305	-	100043216	Gm4297
chrX	24753162	24775164	-	546282	Gm5935
chrX	25277487	25301455	-	382277	Gm5169
chrX	25548501	25570449	-	100038977	Gm1993
chrX	26028214	26051041	-	382275	Gm5168
chrX	26200882	26231323	-	100039030	Gm2012
chrX	26287199	26310044	-	100039065	Gm2030
chrX	26522657	26545565	-	664829	Slx
chrX	26672780	26702638	-	100039120	Gm14525
chrX	26912743	26935669	-	619991	Gm6121
chrX	27924021	27946885	-	100039240	Gm10058
chrX	28270710	30843469	-	100039467	Gm10487
chrX	28584995	28607874	-	100039324	Gm10147
chrX	28931807	28954702	-	100039377	Gm10096
chrX	29976314	29999162	+	100042109	Gm10488
chrX	32278394	32280342	+	100040482	Btbd35f2
chrX	32560055	32562009	+	71847	Btbd35f1
chrX	32726137	32728057	+	100862329	Btbd35f21
chrX	32973897	32975846	+	100040533	Btbd35f5
chrX	33056286	33057063	+	100040552	Gm2837
chrX	33313338	33315288	+	100040606	Btbd35f12
chrX	33575387	33577346	-	100040698	Btbd35f15
chrX	33657140	33659082	+	100040722	Btbd35f13
chrX	33700649	33702349	-	100040732	Btbd35f14
chrX	35888832	36076562	+	75974	Dock11
chrX	36112108	36171262	+	16164	Il13ra1
chrX	36195904	36199158	+	72693	Zcchc12
chrX	36328409	36366856	+	74365	Lonrf3
chrX	36403477	36404654	+	621901	Gm6268
chrX	36598193	36606079	+	53328	Pgrmc1
chrX	36608183	36645414	-	338351	Akap17b
chrX	36743632	36777307	+	194744	Slc25a43
chrX	36795597	36798808	+	11740	Slc25a5
chrX	36814768	36817200	-	69591	Mdrl
chrX	36848543	36864303	-	77644	C330007P06Rik
chrX	36874295	36884222	+	22209	Ube2a
chrX	36887540	36902899	-	77286	Nkrf
chrX	36910834	36911985	+	100534633	Gm15008
chrX	36911272	36989695	-	56526	Sept6
chrX	37048845	37050418	+	245381	Sowahd
chrX	37082518	37085222	-	67248	Rpl39
chrX	37082912	37083033	-	104369	Snora69
chrX	37091678	37110322	-	68134	Upf3b
chrX	37126763	37150746	+	67050	Nkap
chrX	37150698	37168842	-	434756	Akap14
chrX	37187588	37191238	-	54405	Ndufa1
chrX	37191222	37192467	+	69942	Rnf113a1
chrX	37208502	37211041	-	194854	Gm9
chrX	37213804	37222258	-	385343	Rhox1
chrX	37244992	37249690	+	75199	Rhox2a
chrX	37249919	37258978	+	382209	Rhox3a
chrX	37265375	37395620	+	664609	Rhox4a
chrX	37412105	37416806	+	100039913	Rhox2b
chrX	37432494	37562282	+	57737	Rhox4b
chrX	37453659	37458375	+	100039948	Rhox2c
chrX	37469868	37473961	+	100135654	Rhox3c
chrX	37480337	37485124	+	434759	Rhox4c
chrX	37493410	37497715	+	434760	Rhox2d
chrX	37514535	37562282	+	664610	Rhox4d
chrX	37530468	37541809	+	100040016	Rhox2e
chrX	37546966	37550897	+	100135657	Rhox3e
chrX	37557412	37562282	+	194856	Rhox4e
chrX	37571421	37576159	+	434764	Rhox2f
chrX	37581352	37585496	+	621852	Rhox3f
chrX	37602895	37607686	-	636177	Rhox4f
chrX	37623431	37628139	-	546294	Rhox3g
chrX	37623431	37668764	-	434758	Rhox3h
chrX	37639112	37643470	-	434766	Rhox2g
chrX	37646501	37651327	-	664608	Rhox4g
chrX	37668997	37673277	-	622301	Rhox2h
chrX	37754608	37808878	+	18617	Rhox5
chrX	37827055	37829857	+	19202	Rhox6
chrX	37831686	37841171	+	547168	Rhox7a
chrX	37874776	37878944	-	434768	Rhox8
chrX	37899097	37901770	-	104384	Rhox9
chrX	38013908	38018815	-	436199	Btg1-ps1
chrX	38038199	38043114	-	194735	Btg1-ps2
chrX	38066475	38071688	+	434769	Rhox10
chrX	38076598	38085139	-	194738	Rhox11
chrX	38104062	38110907	-	382282	Rhox12
chrX	38120840	38129966	+	73614	Rhox13
chrX	38189793	38197046	+	56805	Zbtb33
chrX	38196573	38252481	-	245386	Tmem255a
chrX	38210441	38210520	+	100526512	Mir3110
chrX	38316122	38336784	+	67821	Atp1b4
chrX	38401357	38456460	-	16784	Lamp2
chrX	38531616	38576196	-	72584	Cul4b
chrX	38600658	38613522	+	68995	Mcts1
chrX	38630783	38635143	-	59048	C1galt1c1
chrX	38772780	38962688	+	77883	6030498E09Rik
chrX	39346266	39346963	+	78631	Cypt15
chrX	39862919	39863604	-	100504400	Cypt14
chrX	41400854	41678601	+	53623	Gria3
chrX	41794994	41911901	-	331401	Thoc2
chrX	42067836	42109664	+	11798	Xiap
chrX	42149412	42277186	+	20843	Stag2
chrX	42502453	42522097	+	20400	Sh2d1a
chrX	42532391	43429126	-	23963	Tenm1
chrX	43590989	43593530	+	637093	Tex13c1
chrX	44365457	44368337	-	245403	Dcaf12l2
chrX	44786567	44790197	-	245404	Dcaf12l1
chrX	45090904	45092791	+	68800	Prr32
chrX	46267559	46328911	-	75133	4930515L19Rik
chrX	46329007	46330345	+	73360	Actrt1
chrX	47809370	47892884	-	93761	Smarca1
chrX	47912456	47965868	+	320634	Ocrl
chrX	48025146	48034852	-	30878	Apln
chrX	48108725	48136981	+	170745	Xpnpep2
chrX	48146436	48161565	+	74131	Sash3
chrX	48171971	48208878	-	208884	Zdhhc9
chrX	48256934	48282449	+	72554	Utp14a
chrX	48276792	48285426	-	100500713	9530027J09Rik
chrX	48341358	48406728	+	320376	Bcorl1
chrX	48411049	48463132	-	56501	Elf4
chrX	48474944	48513563	-	26926	Aifm1
chrX	48519285	48530240	+	19337	Rab33a
chrX	48541626	48594452	-	208968	Zfp280c
chrX	48623578	48662298	+	20523	Slc25a14
chrX	48667979	48674478	-	236781	Gpr119
chrX	48695004	48710719	+	209003	Rbmx2
chrX	48841466	48877713	-	209005	Gm595
chrX	49009707	49288242	-	209224	Enox2
chrX	49463945	49500250	+	75404	Arhgap36
chrX	49683504	49684463	+	236784	Olfr1320
chrX	49726973	49727932	-	236785	Olfr1321
chrX	49782536	49797745	-	209268	Igsf1
chrX	49885469	49886401	-	257978	Olfr1322
chrX	50009306	50010235	-	258385	Olfr1323
chrX	50425496	50426494	-	258289	Olfr1324
chrX	50537389	50562598	+	102639259	Gm35612
chrX	50555745	50635321	-	103012	Firre
chrX	50841371	50893098	+	70415	Stk26
chrX	50892645	50942710	-	385354	Frmd7
chrX	51003912	51018018	-	72065	Rap2c
chrX	51113494	51205990	-	171170	Mbnl3
chrX	51386637	51681602	-	50786	Hs6st2
chrX	51753959	51801233	-	83563	Usp26
chrX	51968695	51972772	-	74279	1700080O16Rik
chrX	52053018	52164923	-	14735	Gpc4
chrX	52272426	52613974	-	14734	Gpc3
chrX	52378121	52378181	-	102465202	Mir6384
chrX	52422407	52422515	-	751531	Mir717
chrX	52575843	52619047	+	100504594	A630012P03Rik
chrX	52741693	52741767	-	723852	Mir363
chrX	52741838	52741928	-	723942	Mir92-2
chrX	52741983	52742066	-	387195	Mir19b-2
chrX	52742113	52742192	-	723923	Mir20b
chrX	52742331	52742413	-	100124431	Mir18b
chrX	52742503	52744593	-	751866	Kis2
chrX	52791200	52799468	+	434778	Ccdc160
chrX	52912214	52956961	+	70998	Phf6
chrX	52988078	53021660	+	15452	Hprt
chrX	53047997	53048078	-	751532	Mir450b
chrX	53048154	53048244	-	723869	Mir450-1
chrX	53048299	53048367	-	723938	Mir450-2
chrX	53049403	53049487	-	723901	Mir542
chrX	53053112	53057190	-	72575	C430049B03Rik
chrX	53053255	53053353	-	723910	Mir351
chrX	53053984	53054054	-	723879	Mir503
chrX	53054255	53054349	-	723907	Mir322
chrX	53070002	53240111	-	56096	Plac1
chrX	53243415	53269805	-	78755	Fam122b
chrX	53273433	53331185	+	73866	Fam122c
chrX	53344594	53370559	-	70380	Mospd1
chrX	53434918	53443576	+	69501	Etd
chrX	53607922	53609135	+	72865	Rtl8c
chrX	53642488	53643763	-	66158	Rtl8a
chrX	53669177	53670408	-	553127	Rtl8b
chrX	53686527	53691325	+	100504039	LOC100504039
chrX	53696922	53716578	-	331578	AW822252
chrX	53724831	53738222	+	75013	4930502E18Rik
chrX	53742901	53757831	-	75514	1700013H16Rik
chrX	53772686	53776394	-	333473	Zfp36l3
chrX	53777118	53797706	-	22441	Xlr
chrX	54531208	54639016	+	100040894	Gm16430
chrX	54713224	55112451	+	666122	Gm14595
chrX	55019254	55036105	+	625508	Gm14596
chrX	55226876	55243736	+	75140	Slxl1
chrX	55430235	55446892	+	625210	Gm14625
chrX	55551596	55722219	+	100039055	Gm16404
chrX	56136572	56153496	+	70691	3830403N18Rik
chrX	56189827	56212881	-	331416	Gm773
chrX	56317608	56320664	+	72030	1600025M17Rik
chrX	56346400	56365674	+	78619	Zfp449
chrX	56374586	56378470	+	320237	Smim10l2a
chrX	56454839	56507843	+	236790	Ints6l
chrX	56543874	56549606	-	270599	Gm648
chrX	56585512	56597919	-	236792	Mmgt1
chrX	56587852	56587914	-	100628628	Mir5116
chrX	56609835	56664230	+	236794	Slc9a6
chrX	56731761	56793346	+	14199	Fhl1
chrX	56797953	56822325	-	320923	Map7d3
chrX	57043074	57048758	+	12209	Brs3
chrX	57053570	57067183	+	72459	Htatsf1
chrX	57088106	57106540	+	170828	Vgll1
chrX	57200637	57204378	+	100502842	Gm14718
chrX	57212143	57224042	+	21947	Cd40lg
chrX	57231485	57338729	-	73341	Arhgef6
chrX	57383348	57393036	-	19655	Rbmx
chrX	57391448	57391509	-	353374	Snord61
chrX	57409149	57488773	+	245423	Gm364
chrX	57496668	57503757	-	245424	Gpr101
chrX	58030628	58041732	+	22773	Zic3
chrX	58911461	58920304	+	75352	4930550L24Rik
chrX	59062145	59585572	-	14168	Fgf13
chrX	59097658	59097736	-	100124476	Mir504
chrX	59999464	60030760	+	14071	F9
chrX	60055956	60179089	-	109904	Mcf2
chrX	60223290	60403981	-	320940	Atp11c
chrX	60394403	60394492	-	751545	Mir505
chrX	60436052	60456195	-	631784	Gm7073
chrX	60548008	60549217	+	279618	Gm715
chrX	60891366	60893430	-	20675	Sox3
chrX	61011694	61076068	+	102631697	Gm14664
chrX	61116378	61175991	+	331424	C230004F18Rik
chrX	61183246	61185558	-	631990	Cdr1
chrX	61191293	61194165	+	320247	C030023E24Rik
chrX	61709616	61710950	+	434784	Ldoc1
chrX	62283499	62292078	+	74437	4933402E13Rik
chrX	62510539	62527011	-	75545	Tslrn1
chrX	64151405	64152198	-	627470	Gm6760
chrX	64173548	64178778	+	70696	3830417A13Rik
chrX	64269444	64276996	-	245446	Slitrk4
chrX	65047644	65049017	+	70062	Ctag2
chrX	66649318	66661402	+	245450	Slitrk2
chrX	66776757	66776818	-	100049546	Mir743
chrX	66777256	66777332	-	100124496	Mir743b
chrX	66780373	66780437	-	100049548	Mir742
chrX	66780758	66780833	-	100124462	Mir883a
chrX	66789890	66789967	-	100124493	Mir883b
chrX	66792595	66792661	-	723939	Mir471
chrX	66796805	66796875	-	100049545	Mir741
chrX	66799223	66799297	-	723887	Mir463
chrX	66800530	66800607	-	100124480	Mir880
chrX	66801508	66801585	-	100124479	Mir878
chrX	66801944	66802021	-	100124460	Mir881
chrX	66810428	66810504	-	100124478	Mir871
chrX	66813951	66814025	-	723873	Mir470
chrX	66822656	66822713	-	102466239	Mir465d
chrX	66825955	66832597	-	100124441	Mir465c-1
chrX	66829202	66835842	-	100124473	Mir465b-1
chrX	66839052	66839125	-	723888	Mir465
chrX	67682900	67693562	-	382217	Gm1140
chrX	67695698	67706258	+	666842	Gm14692
chrX	67919864	67921450	-	66780	4933436I01Rik
chrX	67988096	67988161	-	387197	Mir201
chrX	67988374	67988451	-	723918	Mir547
chrX	68010105	68010179	-	100124449	Mir509
chrX	68667514	68678399	-	100038638	Fmr1os
chrX	68678541	68717963	+	14265	Fmr1
chrX	68761839	68804561	+	207854	Fmr1nb
chrX	68892373	68893053	-	627927	Gm6812
chrX	69360331	69868037	+	14266	Aff2
chrX	69929260	70143588	-	74305	1700111N16Rik
chrX	69945281	69945980	+	75509	1700020N15Rik
chrX	70343069	70365085	-	15931	Ids
chrX	70385913	70389416	+	68618	1110012L19Rik
chrX	70393901	70394740	-	619303	4930567H17Rik
chrX	70460056	70477043	-	236848	Tmem185a
chrX	70545558	70546385	+	628053	Gm14725
chrX	71050256	71154717	+	333639	Mamld1
chrX	71210767	71315295	+	17772	Mtm1
chrX	71364760	71419196	+	53332	Mtmr1
chrX	71420060	71492849	-	171486	Cd99l2
chrX	71555917	71560673	+	15354	Hmgb3
chrX	71663667	71669257	+	14765	Gpr50
chrX	71816080	71824706	+	67048	Vma21
chrX	71932438	71940871	+	382221	Gm1141
chrX	71962625	71972722	+	208748	Prrg3
chrX	71972986	71989046	+	77905	Fate1
chrX	71991849	72010218	+	12789	Cnga2
chrX	72222017	72222964	+	17140	Magea4
chrX	72257432	72274721	-	14404	Gabre
chrX	72261031	72261112	-	723894	Mir224
chrX	72262224	72262308	-	723919	Mir452
chrX	72381870	72386858	-	236852	Magea10
chrX	72432676	72656246	-	14396	Gabra3
chrX	72589988	72590094	-	100316827	Mir767
chrX	72591500	72591579	-	100124463	Mir105
chrX	72825178	72842602	+	57249	Gabrq
chrX	72913565	72918344	-	26370	Cetn2
chrX	72918521	72958528	+	18194	Nsdhl
chrX	72987339	73031543	+	22673	Zfp185
chrX	72992079	72992144	+	100316779	Mir2137
chrX	73033981	73037103	-	385377	Pnma5
chrX	73064787	73068191	+	245468	Pnma3
chrX	73074345	73082507	-	434794	Xlr4a
chrX	73086293	73097095	-	22445	Xlr3a
chrX	73107635	73117702	-	574438	Xlr5a
chrX	73123068	73129260	+	574404	Gm14685
chrX	73148841	73158399	+	627081	Xlr5b
chrX	73175302	73176989	-	100504429	Spin2d
chrX	73192179	73202930	+	574437	Xlr3b
chrX	73214333	73222453	+	27083	Xlr4b
chrX	73228306	73230795	+	14070	F8a
chrX	73234076	73243130	-	72891	Xlr4c
chrX	73254540	73265390	-	22446	Xlr3c
chrX	73285197	73290515	-	27084	Xlr5c
chrX	73342620	73359080	+	27081	Zfp275
chrX	73411096	73428382	+	22754	Zfp92
chrX	73433705	73435343	-	24102	Trex2
chrX	73437315	73459029	-	73738	Haus7
chrX	73483601	73495936	+	12111	Bgn
chrX	73503086	73573270	+	320707	Atp2b3
chrX	73639441	73643514	+	75590	Dusp9
chrX	73655992	73660070	-	93843	Pnck
chrX	73673133	73682502	+	102857	Slc6a8
chrX	73686178	73717815	-	27061	Bcap31
chrX	73716597	73738534	+	11666	Abcd1
chrX	73757060	73772510	+	140571	Plxnb3
chrX	73774405	73778925	+	56504	Srpk3
chrX	73778963	73786897	-	15929	Idh3g
chrX	73787028	73790828	+	20832	Ssr4
chrX	73793357	73824969	-	245469	Pdzd4
chrX	73853780	73880834	-	16728	L1cam
chrX	73892102	73894428	+	12000	Avpr2
chrX	73894352	73911298	-	171207	Arhgap4
chrX	73916870	73921944	-	56292	Naa10
chrX	73922121	73930850	-	19703	Renbp
chrX	73942792	73966357	-	15161	Hcfc1
chrX	74013914	74023921	-	16179	Irak1
chrX	74023528	74023598	-	100628601	Mir5132
chrX	74023849	74023936	-	751533	Mir718
chrX	74026592	74085690	-	17257	Mecp2
chrX	74127466	74150756	+	14539	Opn1mw
chrX	74150944	74167838	-	385380	Tex28
chrX	74177259	74208498	+	83553	Tktl1
chrX	74223461	74246534	-	192176	Flna
chrX	74254687	74261548	+	13726	Emd
chrX	74270816	74273135	+	110954	Rpl10
chrX	74272492	74272620	+	104368	Snora70
chrX	74273217	74282333	-	69537	Dnase1l1
chrX	74274027	74274105	-	102466804	Mir7091
chrX	74282718	74290151	+	66826	Taz
chrX	74297097	74304721	+	54411	Atp6ap1
chrX	74305012	74311867	+	14567	Gdi1
chrX	74313033	74320149	+	108160	Fam50a
chrX	74317362	74317429	+	102465662	Mir7092
chrX	74329066	74344689	+	18846	Plxna3
chrX	74351276	74353618	-	66192	Lage3
chrX	74356816	74373349	-	100169864	Gm44504
chrX	74365718	74368722	-	27643	Ubl4a
chrX	74369217	74373349	-	214601	Slc10a3
chrX	74384720	74393274	-	66294	Fam3a
chrX	74393291	74453778	+	16151	Ikbkg
chrX	74409486	74429161	-	14381	G6pdx
chrX	74480287	74481399	-	628456	Gm6880
chrX	74594328	74595275	+	258393	Olfr1325
chrX	74639119	74645635	-	434797	Gm5640
chrX	74740927	74742188	+	628518	Gm6890
chrX	74837196	74843369	+	546325	Gm5936
chrX	74966844	75084905	-	100503280	Gm38425
chrX	74988545	75084905	-	210710	Gab3
chrX	75095854	75109776	+	245474	Dkc1
chrX	75109733	75131016	-	17524	Mpp1
chrX	75146057	75163751	-	434800	Smim9
chrX	75172715	75380041	-	14069	F8
chrX	75382399	75397158	+	67391	Fundc2
chrX	75404846	75416584	-	105886298	Cmc4
chrX	75410442	75416584	-	17763	Mtcp1
chrX	75416628	75455701	+	210766	Brcc3
chrX	75514297	75534946	+	22327	Vbp1
chrX	75572045	75578231	-	67790	Rab39b
chrX	75725458	75764699	-	74396	4933407K13Rik
chrX	75785654	75875170	-	102866	Pls3
chrX	76264306	76267673	+	238829	Cldn34b3
chrX	76393350	76397979	+	619294	Cldn34b4
chrX	76582610	76602924	-	74987	Cldn34d
chrX	77511227	77660265	+	21372	Tbl1x
chrX	77674814	77675452	-	628893	Cldn34-ps
chrX	77762023	77795960	-	19108	Prkx
chrX	77837898	77853500	-	54192	Pbsn
chrX	77864758	77870033	+	628923	Gm14744
chrX	77919786	77925062	-	71351	5430402E10Rik
chrX	78085505	78091374	-	18249	Obp1a
chrX	78125467	78130403	+	546335	Gm5938
chrX	78186808	78192242	+	628991	Obp1b
chrX	78240462	78245921	-	236874	Gm14743
chrX	78369643	78371128	+	74910	4930480E11Rik
chrX	78449610	78583897	-	546336	Prrg1
chrX	78737763	78739410	+	70864	Fam47c
chrX	79330513	79358068	-	667736	Gm8787
chrX	79482568	79517285	-	636104	Gm7173
chrX	79623231	79671435	-	71967	Mageb16
chrX	81070644	81097875	+	192216	Tmem47
chrX	81419575	81458122	-	245492	4930595M18Rik
chrX	82814910	85205050	+	13405	Dmd
chrX	83486674	83487924	-	100502723	Tsga8
chrX	85249677	85270291	+	71996	Fthl17a
chrX	85574022	85634469	+	66724	Tab3
chrX	85701937	85776819	-	14933	Gk
chrX	85821945	85891499	+	71398	5430427O19Rik
chrX	86044199	86047313	+	73495	Samt3
chrX	86191775	86195947	+	11614	Nr0b1
chrX	86250256	86256219	-	434903	Mageb4
chrX	86345475	86354994	-	245502	Gm41
chrX	86747242	88115623	-	331461	Il1rapl1
chrX	89403848	89409689	-	18630	Pet2
chrX	89752268	89755491	+	245509	4932429P05Rik
chrX	89930097	89932852	-	245511	4930415L06Rik
chrX	90892142	90893134	+	212952	Gm44
chrX	91155168	91155791	+	101055749	LOC101055749
chrX	91331905	91332897	+	17146	Mageb2
chrX	91392500	91393534	+	278167	Gm5072
chrX	91575210	91575911	-	73487	1700084M14Rik
chrX	91632194	91635671	+	629542	Gm14781
chrX	91779608	91782976	-	74271	Mageb5
chrX	91931946	91932980	-	278087	Gm5071
chrX	92015191	92016333	-	17145	Mageb1
chrX	92118879	92599572	-	215641	Mageb18
chrX	92489949	92490681	+	546347	Gm5941
chrX	93156221	93156873	+	100042663	1700003E24Rik
chrX	93183227	93183946	+	69357	BC061195
chrX	93286507	93298357	+	11878	Arx
chrX	93304766	93632155	-	18968	Pola1
chrX	93654863	93749948	+	236899	Pcyt1b
chrX	93764616	93832095	-	236900	Pdk3
chrX	93968656	93975470	+	385493	AU015836
chrX	94074631	94123407	-	22764	Zfx
chrX	94188709	94212651	-	26905	Eif2s3x
chrX	94234930	94273515	+	236904	Klhl15
chrX	94274574	94274637	+	102466238	Mir7673
chrX	94367110	94417093	+	68316	Apoo
chrX	94442732	94447727	+	100503393	Gm14827
chrX	94535474	94542074	-	94275	Maged1
chrX	94636069	94638562	+	14853	Gspt2
chrX	94724569	94730191	+	668166	Zxdb
chrX	94791285	94798289	-	668171	Zxda
chrX	95022507	95026682	-	270624	Spin4
chrX	95048935	95196505	-	236915	Arhgef9
chrX	95420313	95444840	-	72345	Amer1
chrX	95470199	95557987	-	70392	Asb12
chrX	95639193	95658509	-	245522	Zc4h2
chrX	95711678	95927970	+	547176	Zc3h12b
chrX	95732590	95733265	-	76386	1700010D01Rik
chrX	95935313	95956974	-	76130	Las1l
chrX	96096045	96168553	+	17698	Msn
chrX	96239926	96243642	+	100038363	F630028O10Rik
chrX	96242817	96242926	+	723814	Mir223
chrX	96247203	96293438	-	278180	Vsig4
chrX	96306178	96456294	-	245525	Hsf3
chrX	96455436	96574485	+	15203	Heph
chrX	96713468	96719388	+	76206	Gpr165
chrX	97072596	97082104	+	245526	Pgr15l
chrX	97333841	97377209	-	245527	Eda2r
chrX	98148757	98323218	+	11835	Ar
chrX	98554280	98891025	-	94190	Ophn1
chrX	98937781	98949021	+	77929	Yipf6
chrX	99042581	99074728	+	236920	Stard8
chrX	99136061	99149022	+	13641	Efnb1
chrX	99405331	99443797	-	100038584	Gm14812
chrX	99465734	99470735	-	18744	Pja1
chrX	99821069	99846345	+	620592	Tmem28
chrX	99975606	100400760	+	13607	Eda
chrX	100381097	100381185	+	751534	Mir676
chrX	100402221	100442717	-	245532	Awat2
chrX	100429013	100429885	+	408193	Otud6a
chrX	100494291	100516125	+	18518	Igbp1
chrX	100524838	100546108	+	668257	Dgat2l6
chrX	100572247	100578206	+	245533	Awat1
chrX	100590154	100594869	-	57385	P2ry4
chrX	100605497	100618493	+	170735	Arr3
chrX	100622906	100625938	-	72621	Pdzd11
chrX	100626065	100727271	+	16571	Kif4
chrX	100729847	100738901	+	71584	Gdpd2
chrX	100767722	100818410	+	53310	Dlg3
chrX	100838648	101059639	-	83558	Tex11
chrX	101079210	101085405	-	11989	Slc7a3
chrX	101097786	101222563	-	55988	Snx12
chrX	101254528	101260873	+	54601	Foxo4
chrX	101261373	101263992	-	245536	Gm614
chrX	101264385	101268255	-	16186	Il2rg
chrX	101274091	101298934	+	59024	Med12
chrX	101295291	101321350	+	245537	Nlgn3
chrX	101376376	101385629	+	14618	Gjb1
chrX	101404384	101420685	-	56364	Zmym3
chrX	101429651	101448593	+	53610	Nono
chrX	101449109	101453541	+	26549	Itgb1bp2
chrX	101532735	101601789	+	270627	Taf1
chrX	101640051	101684351	+	108155	Ogt
chrX	101731535	101734147	-	12766	Cxcr3
chrX	101794656	101798640	+	382231	8030474K03Rik
chrX	101849385	102092055	+	100042480	Nhsl2
chrX	102066542	102071307	-	331474	Rtl5
chrX	102119465	102127673	+	69713	Pin4
chrX	102142820	102157091	-	236930	Ercc6l
chrX	102184941	102189391	-	20102	Rps4x
chrX	102247378	102252181	-	12705	Cited1
chrX	102252651	102257689	+	434825	Gm14858
chrX	102284638	102505158	-	70315	Hdac8
chrX	102513975	102644246	-	18679	Phka1
chrX	102706888	102707670	-	668339	Gm9112
chrX	102707881	102715209	+	632708	Dmrtc1b
chrX	102791196	102798389	+	382233	Gm5166
chrX	102859187	102866353	-	73300	1700031F05Rik
chrX	102903221	102908687	-	70887	Dmrtc1a
chrX	102908905	102909651	+	75443	1700011M02Rik
chrX	102928372	102929107	+	69388	1700018G05Rik
chrX	102932047	102934223	-	331480	Gm5126
chrX	103182971	103256606	-	75106	4930519F16Rik
chrX	103184059	103186664	-	17954	Nap1l2
chrX	103321398	103330224	+	12592	Cdx4
chrX	103356476	103396118	+	12212	Chic1
chrX	103414167	103424583	+	22127	Tsx
chrX	103431517	103484957	+	22097	Tsix
chrX	103460373	103483233	-	213742	Xist
chrX	103493558	103530703	+	70252	Jpx
chrX	103545500	103547699	+	668415	Gm9159
chrX	103560910	103623754	-	78878	Ftx
chrX	103572921	103572996	-	100124494	Mir421
chrX	103573060	103573154	-	751546	Mir374b
chrX	103573085	103573133	+	100526513	Mir374c
chrX	103630586	103631664	+	75064	Zcchc13
chrX	103697414	103821988	-	20502	Slc16a2
chrX	103957167	103981284	-	19820	Rlim
chrX	104077435	104201117	-	245555	Nexmif
chrX	104116175	104116274	-	751535	Mir672
chrX	104280565	104413846	-	11306	Abcb7
chrX	104482782	104506262	+	331487	Uprt
chrX	104536969	104671064	-	108672	Zdhhc15
chrX	104816776	104842455	+	76643	1700121L16Rik
chrX	104854952	104857267	-	272790	Magee2
chrX	105037350	105070124	-	71445	5530601H04Rik
chrX	105079756	105117090	+	67683	Pbdc1
chrX	105120378	105123961	+	107528	Magee1
chrX	105164378	105165505	-	279610	E530001F21Rik
chrX	105344282	105344369	-	723861	Mir384
chrX	105348282	105391754	-	100043213	5330434G04Rik
chrX	105379082	105379179	-	723929	Mir325
chrX	105499772	105500639	+	245566	Cypt2
chrX	105764477	105776532	+	80903	Fgf16
chrX	105797615	105929372	-	22589	Atrx
chrX	105968084	106011899	-	67075	Magt1
chrX	106015700	106022450	+	66142	Cox7b
chrX	106027224	106128160	+	11977	Atp7a
chrX	106143275	106160493	+	279572	Tlr13
chrX	106187100	106203699	+	18655	Pgk1
chrX	106206874	106221158	-	407786	Taf9b
chrX	106235246	106255372	-	331491	Fnd3c2
chrX	106309826	106309935	+	102465963	Mir6382
chrX	106420041	106485229	-	333564	Fndc3c1
chrX	106576509	106603679	-	58861	Cysltr1
chrX	106583186	106710557	+	331493	Gm5127
chrX	106837082	106840643	-	213436	Rtl3
chrX	106920625	106933899	+	78134	Lpar4
chrX	107088492	107104970	+	78826	P2ry10
chrX	107148927	107173661	+	213438	P2ry10b
chrX	107255878	107296769	+	213439	Gpr174
chrX	107397195	107403360	-	16431	Itm2a
chrX	107542582	107543800	+	71011	4933401B06Rik
chrX	107667964	107688980	+	245572	Tbx22
chrX	107782751	107816334	-	67028	2610002M06Rik
chrX	107792590	107872911	+	213449	Tent5d
chrX	107945735	107948436	-	213450	Gm732
chrX	108742208	108834355	-	382236	Brwd3
chrX	108834478	108974906	+	69964	2810403D21Rik
chrX	109001485	109002296	+	70550	5730416F02Rik
chrX	109004537	109013380	-	50887	Hmgn5
chrX	109095407	109162467	+	56726	Sh3bgrl
chrX	109196756	109200445	+	622976	Gm6377
chrX	110372753	110375156	+	634340	Gm7134
chrX	110814379	110819108	+	18994	Pou3f4
chrX	111110418	111123874	+	67407	Cylc1
chrX	111387837	111537959	-	67071	Rps6ka6
chrX	111575204	111697079	-	245596	Hdx
chrX	112093520	112127326	+	83556	Tex16
chrX	112239049	112243852	+	71030	4933403O08Rik
chrX	112311352	112372755	+	68117	Apool
chrX	112384305	112406779	-	73809	Satl1
chrX	112495274	112558343	+	67715	2010106E10Rik
chrX	112600526	112635062	+	245595	Zfp711
chrX	112638427	112698651	-	69693	Pof1b
chrX	113040592	113185515	-	12662	Chm
chrX	113074824	113074893	-	723850	Mir361
chrX	113297510	113836386	+	93837	Dach2
chrX	114474333	114561129	+	237010	Klhl4
chrX	114905012	114905941	+	237009	Ube2dnl1
chrX	114907582	114908510	+	75097	Ube2dnl2
chrX	114926989	114928597	+	78086	4930555B12Rik
chrX	116448944	116478783	+	382239	Cpxcr1
chrX	116681178	116681525	+	624153	H2afb2
chrX	117014757	117015104	+	100039319	H2afb1
chrX	118427227	118428258	+	100039551	Tgif2lx2
chrX	118479708	118480729	-	245583	Tgif2lx1
chrX	119927196	119930165	+	93728	Pabpc5
chrX	120290327	120910619	+	245578	Pcdh11x
chrX	120312582	120313226	-	624957	H2afb3
chrX	122394560	122397385	-	54561	Nap1l3
chrX	123103523	123145654	+	73061	Cldn34c1
chrX	124127339	124135910	-	100038941	Vmn2r121
chrX	126812462	126834004	-	237029	4932411N23Rik
chrX	127039972	127063986	+	211208	Gm382
chrX	127394293	127395898	+	245598	4921511C20Rik
chrX	127721175	127736554	-	73934	Cldn34c4
chrX	129051524	129067146	+	75274	4930558G05Rik
chrX	129749742	130465834	+	54004	Diaph2
chrX	133582860	133688993	-	279653	Pcdh19
chrX	133687780	133707262	+	102632590	Gm26851
chrX	133851008	133865577	+	64103	Tnmd
chrX	133891070	133898429	-	56496	Tspan6
chrX	133908425	133932446	+	68792	Srpx2
chrX	133936385	133981812	-	27359	Sytl4
chrX	134059176	134086822	+	108062	Cstf2
chrX	134075316	134075397	+	100526514	Mir3112
chrX	134086421	134221956	-	237038	Nox1
chrX	134149045	134161928	-	331524	Xkrx
chrX	134187501	134208030	+	74448	Arl13a
chrX	134222955	134276984	-	215201	Trmt2b
chrX	134295225	134305969	+	67564	Tmem35a
chrX	134308084	134363104	+	102920	Cenpi
chrX	134404780	134456573	+	13497	Drp2
chrX	134460116	134476490	-	74469	Taf7l
chrX	134537256	134541670	-	30058	Timm8a1
chrX	134542341	134583140	-	12229	Btk
chrX	134585654	134588062	+	19982	Rpl36a
chrX	134588169	134601005	-	11605	Gla
chrX	134601179	134607060	+	56258	Hnrnph2
chrX	134684562	134686462	-	77983	B230119M05Rik
chrX	134686519	134697775	+	100503043	Armcx4
chrX	134717938	134721917	+	78248	Armcx1
chrX	134748455	134751419	-	278097	Armcx6
chrX	134756568	134761456	+	71703	Armcx3
chrX	134757631	134757731	+	102466805	Mir7093
chrX	134791453	134809221	-	67416	Armcx2
chrX	134944526	134964754	-	83454	Nxf2
chrX	134971372	135025322	-	215693	Zmat1
chrX	135022410	135060336	-	320606	3632454L22Rik
chrX	135169305	135177614	-	100040635	Gm15023
chrX	135208686	135210687	-	66104	Tceal6
chrX	135302316	135312636	+	83565	Pramel3
chrX	135373284	135383393	+	666040	Gm7903
chrX	135494588	135504594	+	331531	AV320801
chrX	135579787	135598777	-	170722	Nxf7
chrX	135613002	135627705	-	75829	Prame
chrX	135654698	135693790	-	71841	Tcp11x2
chrX	135718667	135720673	-	78478	Tmsb15a
chrX	135742692	135747328	+	494468	Armcx5
chrX	135742692	135803468	+	67298	Gprasp1
chrX	135745177	135746997	+	102465755	Mir7646
chrX	135786114	135786217	-	100316820	Mir1970
chrX	135839034	135844730	+	245607	Gprasp2
chrX	135840393	135891081	+	70237	Bhlhb9
chrX	135993820	135995359	+	76976	Arxes2
chrX	136033367	136034946	+	76219	Arxes1
chrX	136066565	136068236	-	12069	Bex2
chrX	136072099	136085255	-	245610	Nxf3
chrX	136104603	136115420	+	70491	5730412P04Rik
chrX	136139045	136140443	+	406217	Bex4
chrX	136168984	136172251	-	66684	Tceal8
chrX	136183245	136183360	+	102465201	Mir6383
chrX	136200951	136203851	-	331532	Tceal5
chrX	136213972	136215513	-	19716	Bex1
chrX	136224041	136226100	+	100040972	Tceal7
chrX	136245080	136247139	+	22381	Tceal9
chrX	136270253	136271978	+	12070	Bex3
chrX	136448107	136469096	-	245615	Kir3dl2
chrX	136517999	136534306	+	245616	Kir3dl1
chrX	136590851	136668377	+	594844	Tceal3
chrX	136708065	136709868	+	237052	Tceal1
chrX	136732942	136743686	-	56397	Morf4l2
chrX	136742957	136803364	+	436230	BC065397
chrX	136757674	136779721	-	14657	Glra4
chrX	136822746	136838582	+	18823	Plp1
chrX	136858151	136868540	-	319642	Rab9b
chrX	136927325	136928373	+	69389	H2bfm
chrX	136954988	136957979	-	100034363	Tmsb15b2
chrX	136954988	136976874	-	399591	Tmsb15l
chrX	136974022	136976874	-	666244	Tmsb15b1
chrX	136981116	137038302	-	67062	Slc25a53
chrX	136993155	136996923	+	66995	Zcchc18
chrX	137049594	137082503	+	245622	Fam199x
chrX	137115397	137120326	-	13984	Esx1
chrX	137570754	138849077	+	60367	Il1rapl2
chrX	138208165	138209580	-	67944	Tex13a
chrX	138914430	139009092	+	27206	Nrk
chrX	139079249	139085236	-	331535	Serpina7
chrX	139086243	139093403	+	75125	4930513O06Rik
chrX	139210044	139238335	+	245631	Mum1l1
chrX	139240226	139357738	-	78526	Platr21
chrX	139333683	139338169	+	22037	Trap1a
chrX	139480367	139554580	+	102871	D330045A20Rik
chrX	139563340	139673145	+	66889	Rnf128
chrX	139684996	139754218	+	245638	Tbc1d8b
chrX	139779681	139782353	-	622473	Ripply1
chrX	139800808	139811386	+	12738	Cldn2
chrX	139821635	139871654	-	75746	Morc4
chrX	139889511	139998595	-	237073	Rbm41
chrX	140007673	140062568	-	279706	Nup62cl
chrX	140062879	140106797	+	331537	Pih1h3b
chrX	140310948	140311012	+	100499512	Mir3475
chrX	140342263	140435467	+	245643	Frmpd3
chrX	140456603	140476140	+	19139	Prps1
chrX	140539528	140600522	-	14605	Tsc22d3
chrX	140664956	140767715	+	23947	Mid2
chrX	140808307	140813433	-	83555	Tex13b
chrX	140907608	140939472	+	78789	Vsig1
chrX	140948425	140956711	-	53380	Psmd10
chrX	140956917	141164270	+	666468	Atg4a
chrX	141165403	141474076	-	94216	Col4a6
chrX	141475419	141689235	+	12830	Col4a5
chrX	141710998	141725217	-	16370	Irs4
chrX	142079289	142196936	-	245650	Gucy2f
chrX	142226770	142239700	+	237082	Nxt2
chrX	142297505	142299237	+	434858	Gm5643
chrX	142304753	142306198	-	66240	Kcne1l
chrX	142317993	142390535	-	50790	Acsl4
chrX	142681400	142843494	+	209497	Tmem164
chrX	142739000	142739097	+	723976	Mir652
chrX	142853474	142966728	-	56068	Ammecr1
chrX	143099594	143104335	+	209540	Rtl9
chrX	143285674	143394262	-	83453	Chrdl1
chrX	143518591	143797796	+	18481	Pak3
chrX	143802236	143827412	-	12338	Capn6
chrX	143855842	143933219	-	13193	Dcx
chrX	144153695	144166274	+	319764	A730046J19Rik
chrX	144297790	144297899	+	751551	Mir680-2
chrX	144317966	144374450	+	67574	Alg13
chrX	144377327	144688180	-	22067	Trpc5
chrX	144456582	144477063	+	100503240	Trpc5os
chrX	144552758	144556239	-	100039436	Mageb16-ps1
chrX	144688907	145122410	+	619287	Rtl4
chrX	145039344	145039414	+	100499526	Mir3472
chrX	145290359	145348894	-	237091	Lhfpl1
chrX	145446424	145487639	-	27494	Amot
chrX	146962513	147197277	+	15560	Htr2c
chrX	146994390	146994508	+	100303736	Snora35
chrX	146999405	146999509	+	104797221	Gm22650
chrX	147002259	147002366	+	791081	Mir764
chrX	147009441	147009527	+	100526529	Mir1912
chrX	147010601	147010686	+	100526460	Mir1264
chrX	147064905	147065002	+	100526462	Mir1298
chrX	147158210	147158321	+	723914	Mir448
chrX	147383478	147429192	-	16165	Il13ra2
chrX	147471694	147554081	-	210297	Lrch2
chrX	147811320	149487784	+	100039934	Gm15085
chrX	148180724	148224710	+	434864	Gm15107
chrX	148314530	148924139	+	434866	Gm15127
chrX	148488949	148521446	+	100034729	Gm15114
chrX	148882576	149138152	+	434865	Luzp4
chrX	149272377	149305003	+	100039890	Gm15093
chrX	149447617	149636621	+	382243	Gm10439
chrX	149784504	149826694	+	434869	Gm15097
chrX	149941655	149984982	+	382244	Gm15091
chrX	150312951	150313364	-	333588	Gm15104
chrX	150397773	150459150	-	382245	Tmem29
chrX	150519520	150589844	-	77622	Apex2
chrX	150547385	150547445	-	102465782	Mir3620
chrX	150547417	150570622	+	11656	Alas2
chrX	150589921	150643878	+	18639	Pfkfb1
chrX	150644710	150657583	-	56191	Tro
chrX	150806421	150814339	-	80884	Maged2
chrX	150826917	150857407	+	634882	Itih5l-ps
chrX	150983133	151017322	-	237107	Gnl3l
chrX	151047170	151089686	+	14163	Fgd1
chrX	151087094	151096543	-	69499	Tsr2
chrX	151198078	151320192	+	279561	Wnk3
chrX	151291974	151344846	-	331547	A230072E10Rik
chrX	151344223	151474136	+	207375	Fam120c
chrX	151520672	151633857	+	320595	Phf8
chrX	151803282	151935417	+	59026	Huwe1
chrX	151859562	151859637	+	100526542	Mir3113
chrX	151912346	151912428	+	387253	Mirlet7f-2
chrX	151913214	151913321	+	723947	Mir98
chrX	152001896	152004442	+	15108	Hsd17b10
chrX	152004584	152016295	-	66611	Ribc1
chrX	152016428	152061973	+	24061	Smc1a
chrX	152144268	152225237	+	245666	Iqsec2
chrX	152233227	152279102	+	20591	Kdm5c
chrX	152294824	152327493	-	72997	Kantr
chrX	152336852	152342484	-	52808	Tspyl2
chrX	152343598	152368704	-	70771	Gpr173
chrX	152368572	152416702	+	75693	3010001F23Rik
chrX	152563334	152563969	+	635396	Cldn34a
chrX	152609509	152769486	-	110380	Shroom2
chrX	152781921	152808646	+	18241	Gpr143
chrX	153006469	153009461	+	635253	Usp51
chrX	153036166	153037563	-	75625	Mageh1
chrX	153037629	153072915	+	319781	9530051G07Rik
chrX	153118788	153132861	+	436240	Foxr2
chrX	153139958	153171943	+	245670	Rragb
chrX	153238045	153396134	+	245671	Klf8
chrX	153498232	153501562	+	54609	Ubqln2
chrX	153558593	153559435	+	69361	Cypt3
chrX	153685154	153696280	-	207474	Kctd12b
chrX	153723554	153741296	+	70123	Nbdy
chrX	153832293	153834240	+	278240	Spin2c
chrX	154001590	154120685	-	667256	4921511M17Rik
chrX	154043986	154055041	-	625650	Gm10057
chrX	154152571	154156887	-	635580	Gm16445
chrX	154339225	154579330	-	75071	4930524N10Rik
chrX	154482002	154484682	+	75185	Samt4
chrX	154575228	154579330	-	434881	Samt2
chrX	154886803	154890267	-	100040937	Cldn34b1
chrX	154924012	154926115	-	17142	Magea6
chrX	154948463	154949569	-	17139	Magea3
chrX	154985775	154995850	-	17144	Magea8
chrX	155027201	155033292	-	17138	Magea2
chrX	155053061	155061553	-	17141	Magea5
chrX	155088519	155089790	-	17137	Magea1
chrX	155124981	155147849	-	73347	Cldn34b2
chrX	155213126	155216449	-	20229	Sat1
chrX	155262443	155297654	+	56360	Acot9
chrX	155323918	155338460	-	53381	Prdx4
chrX	155569736	155623327	-	211612	Ptchd1
chrX	156539483	156540117	+	74941	4930503H13Rik
chrX	157162075	157415286	-	18675	Phex
chrX	157443954	157492046	-	20603	Sms
chrX	157535371	157598715	-	270669	Mbtps2
chrX	157540804	157541750	+	625253	Gm6568
chrX	157566119	157568985	-	100073351	Yy2
chrX	157698973	157752591	+	66106	Smpx
chrX	157818435	157821060	+	245683	Klhl34
chrX	157821573	158043197	-	245684	Cnksr2
chrX	159210307	159368244	+	110651	Rps6ka3
chrX	159372195	159385699	+	66235	Eif1ax
chrX	159414572	159498757	+	78283	Map7d2
chrX	159532668	159593081	+	382252	Bclaf3
chrX	159627272	159975920	+	58194	Sh3kbp1
chrX	159988433	160123351	+	270672	Map3k15
chrX	160122219	160138430	-	18597	Pdha1
chrX	160390690	160498076	+	237175	Adgrg2
chrX	160502166	160598878	+	110094	Phka2
chrX	160623094	160735765	-	237178	Ppef1
chrX	160768013	160799663	+	20147	Rs1
chrX	160784308	160994681	-	382253	Cdkl5
chrX	160902116	160907052	-	414089	Gja6
chrX	161117193	161258213	+	107815	Scml2
chrX	161717036	161779494	+	24004	Rai2
chrX	161836430	162159441	-	195727	Nhs
chrX	162411952	162643658	-	194590	Reps2
chrX	162760372	162779090	+	245688	Rbbp7
chrX	162778917	162829454	-	353170	Txlng
chrX	162856843	162888462	-	67043	Syap1
chrX	162874918	162874995	-	100499528	Mir3473a
chrX	162901560	163034541	+	55936	Ctps2
chrX	162961992	162964599	-	12309	S100g
chrX	163513904	163549736	-	14829	Grpr
chrX	163760139	163761332	-	74264	Rnf138rt1
chrX	163909017	163933666	+	108012	Ap1s2
chrX	163935443	163958666	-	22184	Zrsr2
chrX	163976822	164028010	-	56078	Car5b
chrX	164070703	164076493	-	20438	Siah1b
chrX	164090187	164118859	+	57394	Cltrn
chrX	164139342	164188418	+	70008	Ace2
chrX	164192842	164258193	-	12169	Bmx
chrX	164269431	164373013	+	69656	Pir
chrX	164373522	164402650	+	14205	Vegfd
chrX	164419787	164433915	+	18700	Piga
chrX	164436994	164459170	+	68854	Asb11
chrX	164497903	164539752	+	69299	Asb9
chrX	164936169	164980375	-	76763	Mospd2
chrX	164980592	164997272	+	237211	Fancb
chrX	165129017	165326981	-	237213	Glra2
chrX	166170454	166190512	+	237221	Gemin8
chrX	166238943	166389033	+	14758	Gpm6b
chrX	166390033	166440704	-	237222	Ofd1
chrX	166440755	166453140	+	66226	Trappc2
chrX	166457252	166479867	-	56382	Rab9
chrX	166499812	166510478	-	245695	Tceanc
chrX	166523007	166585716	-	54156	Egfl6
chrX	166662025	166689812	+	382255	Gm1720
chrX	167063449	167070370	-	667794	Gm8817
chrX	167207094	167209218	-	19241	Tmsb4x
chrX	167241123	167264329	-	170744	Tlr8
chrX	167304926	167330571	-	170743	Tlr7
chrX	167346320	167382749	-	110639	Prps2
chrX	167471306	168577233	-	333605	Frmpd4
chrX	168653099	168673902	-	17692	Msl3
chrX	168795099	169304440	+	11856	Arhgap6
chrX	169176114	169187209	-	11704	Amelx
chrX	169251538	169320372	-	15159	Hccs
chrX	169320422	169368178	+	101055907	Gm15246
chrX	169685199	169990798	+	17318	Mid1
chrX	169776378	169779635	-	66747	4933400A11Rik
chrX	170672644	170678054	+	107626	Asmt
chrY	725207	797409	-	22767	Zfy1
chrY	818649	844224	+	22202	Uba1y
chrY	897788	956781	+	20592	Kdm5d
chrY	1010612	1028594	+	26908	Eif2s3y
chrY	1055764	1058868	-	22109	Tspy-ps
chrY	1097144	1245759	-	22290	Uty
chrY	1260715	1286613	-	26900	Ddx3y
chrY	1298961	1459782	-	107868	Usp9y
chrY	2106175	2170409	-	22768	Zfy2
chrY	2662471	2663658	-	21674	Sry
chrY	3326746	3345329	-	100862383	Gm21693
chrY	3367143	3378783	-	100862365	Gm21677
chrY	3771673	3783271	+	100041505	Gm3376
chrY	7636216	7636973	-	100040160	Gm20826
chrY	8832249	8835169	-	100039753	Gm20815
chrY	12688110	17402718	+	100861987	Gm21379
chrY	13252391	17967601	+	100040223	Gm20831
chrY	15882559	15883245	-	100040022	Gm20822
chrY	17093879	17095887	+	100041550	Gm20877
chrY	18089167	18091551	+	20611	Ssty1
chrY	21242966	21243828	+	100041223	Gm20865
chrY	24456405	24457399	+	100039614	Gm20809
chrY	25214848	25753940	-	100041014	Gm20857
chrY	37957820	37960138	+	382133	Gm20738
chrY	49842794	72384781	-	100040031	Gm20823
chrY	50435046	71300148	-	100041284	Gm20868
chrY	53415957	53418307	-	434960	Gm20747
chrY	55213720	57213358	+	382301	Sly
chrY	55557521	57533726	-	434935	Gm21943
chrY	66739797	66742170	-	100040786	Gm20852
chrY	78835721	78836719	-	100039574	Gm20806
chrY	79148793	79149787	-	100042428	Gm20917
chrY	85528523	85529519	-	100040911	Gm20854
chrY	90784610	90816465	+	170942	Erdr1
